index	question	image_path	A	B	C	D	E	F	answer	category	type	subtype	difficulty	manufacturer	material_capabilities	process_capabilities	justification	answer_source
0	Based on this product image, what type of product is shown?	/mnt/nfs/zyxing/VLMEvalKit/Q1/q1_images/adkinste.com/P6306864_JPG_acf47407f966.jpg	Stamping	Machine Parts	bearings	impellers	Steel Products	Custom Truck Bodies	F	adkinste.com	Q1	product_type	Medium	adkinste.com			The image shows a specialized truck with custom body features, making the question reasonable and the correct answer 'Custom Truck Bodies' while the other options do not fit this product type.	
1	Based on this product image, what type of product is shown?	/mnt/nfs/zyxing/VLMEvalKit/Q1/q1_images/adkinste.com/P3012426_JPG_761588a0cc63.jpg	Precise Weldments	bearings	Metal Components	Steel Products	Custom Truck Bodies	Hardware	E	adkinste.com	Q1	product_type	Medium	adkinste.com			The image shows a specialized truck with custom equipment, fitting the category of Custom Truck Bodies, while other options like bearings or hardware do not describe the product accurately.	
2	Based on this product image, what type of product is shown?	/mnt/nfs/zyxing/VLMEvalKit/Q1/q1_images/adkinste.com/P1041830_edited_243822a1d877.jpg	Custom Truck Bodies	Stamping	bearings	Machine Parts	impellers	Steel Products	A	adkinste.com	Q1	product_type	Medium	adkinste.com			The image shows a service truck with custom bodywork, making the question reasonable and the correct answer 'Custom Truck Bodies' while the other options do not fit this product type.	
3	Based on this product image, what type of product is shown?	/mnt/nfs/zyxing/VLMEvalKit/Q1/q1_images/adkinste.com/P6260006_JPG_8aee73fa726e.jpg	Detention Furniture	Shafts	Ground Rods	Galvanize Products	Molds	Custom Truck Bodies	F	adkinste.com	Q1	product_type	Medium	adkinste.com			The image clearly shows a specialized truck body, making the question reasonable, the ground truth correct, and all distractors unrelated to the product shown.	
4	Based on this product image, what type of product is shown?	/mnt/nfs/zyxing/VLMEvalKit/Q1/q1_images/adkinste.com/P6300050_JPG_33f56577074d.jpg	angle	Detention Furniture	Ground Rods	Steel Products	Custom Truck Bodies	Shafts	E	adkinste.com	Q1	product_type	Medium	adkinste.com			The image shows a specialized truck with a crane and storage compartments, fitting the category of Custom Truck Bodies, while the other options do not relate to this type of product.	
5	Based on this product image, what type of product is shown?	/mnt/nfs/zyxing/VLMEvalKit/Q1/q1_images/adkinste.com/5Dominion_50ac648fcf39.jpg	Shafts	Custom Truck Bodies	Molds	Hardware	Detention Furniture	Ground Rods	B	adkinste.com	Q1	product_type	Medium	adkinste.com			The image shows a specialized truck body, making the question reasonable and the correct answer 'Custom Truck Bodies,' while the other options do not relate to the product shown.	
6	Based on this product image, what type of product is shown?	/mnt/nfs/zyxing/VLMEvalKit/Q1/q1_images/advancemachinefab.com/176_1-5-11_028_528918c6c801.jpg	Component Parts	Powder Coat & Media Blast	Machinery Components	Large Water Purification Systems	Hand Tools	Cellular, Fiber Optics, Flat Cable Tooling.	A;C	advancemachinefab.com	Q1	product_type	Medium	advancemachinefab.com			The image shows a machined metal part consistent with component or machinery components, while the other options do not match the product type shown.	
7	Based on this product image, what type of product is shown?	/mnt/nfs/zyxing/VLMEvalKit/Q1/q1_images/adkinste.com/P1217310_JPG_74504be09ce7.jpg	Pressure Vessels	Custom Truck Bodies	Power Protection Devices	Metal Products	Detention Equipment	Fixtures	B	adkinste.com	Q1	product_type	Medium	adkinste.com			The image shows a specialized truck body with equipment mounted on it, fitting the category of Custom Truck Bodies, while other options do not match the product shown.	
8	Based on this product image, what type of product is shown?	/mnt/nfs/zyxing/VLMEvalKit/Q1/q1_images/agmachinenc.com/6e44af4c1d3e.jpg	Turbine Components	Flow Measurement Devices	Small Automotive Parts	Surgical Tools	Stairs	Machined Parts	F	agmachinenc.com	Q1	product_type	Medium	agmachinenc.com			The image shows precisely machined metal parts, making the question reasonable and the correct answer 'Machined Parts,' while all other options do not match the product type shown.	
9	Based on this product image, what type of product is shown?	/mnt/nfs/zyxing/VLMEvalKit/Q1/q1_images/agmachinenc.com/db26c4598538.jpg	Heat Exchangers	Repairs On Factory Machinery And Construction Equipment	presses	Filters	Machined Parts	Cable Entry Seals And Shrinkable Products	E	agmachinenc.com	Q1	product_type	Medium	agmachinenc.com			The image shows a precisely manufactured metal component consistent with machined parts, making the question reasonable and the ground truth correct, while other options do not match the product type.	
10	Based on this product image, what type of product is shown?	/mnt/nfs/zyxing/VLMEvalKit/Q1/q1_images/alineautomation.com/AlineAutomation-215648-TSlot-Aluminum-Extrusions-blogbanner1_c15a4c3baec8.jpg	Surgical Mops	Lead Lined Doors And Frames	Signage	Turbocharger Components	Safety Devices	Custom Frames	F	alineautomation.com	Q1	product_type	Medium	alineautomation.com			The image shows aluminum extrusion profiles commonly used for custom framing, making the question reasonable, the ground truth correct, and the other options unrelated to the product shown.	
11	Based on this product image, what type of product is shown?	/mnt/nfs/zyxing/VLMEvalKit/Q1/q1_images/alineautomation.com/MA1-9_359f52d2da9e.jpg	Custom Frames	Surgical Mops	Turbocharger Components	Cancer Diagnostic Equipment Parts	Fuel Injectors	Lead Lined Doors And Frames	A	alineautomation.com	Q1	product_type	Medium	alineautomation.com			The image shows an aluminum extrusion profile commonly used for custom frames, making the question reasonable, the ground truth correct, and all other options unrelated to the product shown.	
12	Based on this product image, what type of product is shown?	/mnt/nfs/zyxing/VLMEvalKit/Q1/q1_images/alineautomation.com/MOUNTING-BRACKET-STANDARD_819cb1fdab9b.png	Hitches	Racks	Fuel Injectors	Attachments And Auxillary Equipment	Taper Roller	Custom Frames	F	alineautomation.com	Q1	product_type	Medium	alineautomation.com			The image shows metal framing components consistent with custom frames, making the question reasonable, the ground truth correct, and the distractors unrelated to framing products.	
13	Based on this product image, what type of product is shown?	/mnt/nfs/zyxing/VLMEvalKit/Q1/q1_images/alineautomation.com/A05-2-scaled_83c616c032c6.jpg	Mining Equipment Component Parts	Assemblies	Tubing	Custom Frames	Carts	Attachments And Auxillary Equipment	D	alineautomation.com	Q1	product_type	Medium	alineautomation.com			The image shows a metal frame component which fits the category of Custom Frames, while the other options do not match the product type shown.	
14	Based on this product image, what type of product is shown?	/mnt/nfs/zyxing/VLMEvalKit/Q1/q1_images/alineautomation.com/QUICK-CONNECTOR-30-BOSCH-STYLE-_975ac83c8253.jpg	Custom Frames	Aluminum Ramps	Surgical Tools	Motors	Custom Air Handling Units	Hydraulic Tanks	A	alineautomation.com	Q1	product_type	Medium	alineautomation.com			The image shows a metal frame structure consistent with custom frames, and the other options do not match the product shown.	
15	Based on this product image, what type of product is shown?	/mnt/nfs/zyxing/VLMEvalKit/Q1/q1_images/alineautomation.com/MOUNTING-BRACKETS-HEAVY-DUTY_1b7eed4d0907.png	Machined Components	Surgical Tools	Electrical Boxes	Custom Frames	Elevator Ceilings And Finishes	Fuel Injectors	D	alineautomation.com	Q1	product_type	Medium	alineautomation.com			The image shows a metal frame assembly which aligns with custom frames, and the other options do not match the product type shown.	
16	Based on this product image, what type of product is shown?	/mnt/nfs/zyxing/VLMEvalKit/Q1/q1_images/alineautomation.com/AlineAutomation-326934-Versatility-Aluminum-Framing-blogbann_8e071cae9c9b.jpg	Custom Frames	Tubing	Safety Devices	Attachments And Auxillary Equipment	Carts	Mining Equipment Component Parts	A	alineautomation.com	Q1	product_type	Medium	alineautomation.com			The image shows metal profiles that are typically used for custom frames, making the question reasonable, the ground truth correct, and the other options unrelated to the product shown.	
17	Based on this product image, what type of product is shown?	/mnt/nfs/zyxing/VLMEvalKit/Q1/q1_images/alineautomation.com/ALineAutomation-296098-Aluminum-TSlot-Enclosure-BlogBanner-1_704ba0c4c558.jpg	Surgical Mops	Surgical Tools	Custom Frames	Turbocharger Components	Turbine Components	Fuel Injectors	C	alineautomation.com	Q1	product_type	Medium	alineautomation.com			The image shows aluminum extrusion profiles commonly used for custom frames, making the question reasonable, the ground truth correct, and the other options unrelated to the product shown.	
18	Based on this product image, what type of product is shown?	/mnt/nfs/zyxing/VLMEvalKit/Q1/q1_images/alineautomation.com/ALineAutomation-339044-Ten-Aluminum-Extrusion-blogbanner1-10_a68edf72aaf9.jpg	Taper Roller	Surgical Mops	Racks	Lead Lined Doors And Frames	Custom Frames	Fuel Injectors	E	alineautomation.com	Q1	product_type	Medium	alineautomation.com			The image shows aluminum extrusion profiles commonly used for custom framing, making the question reasonable, the ground truth correct, and all other options unrelated to the product shown.	
19	Based on this product image, what type of product is shown?	/mnt/nfs/zyxing/VLMEvalKit/Q1/q1_images/alineautomation.com/D01-5-scaled_96205ab8850b.jpg	Surgical Mops	Turbocharger Components	Custom Frames	Cancer Diagnostic Equipment Parts	Proprietary Components	Lead Lined Doors And Frames	C	alineautomation.com	Q1	product_type	Medium	alineautomation.com			The image shows an aluminum extrusion profile commonly used in custom framing, making the question reasonable, the ground truth correct, and the other options unrelated to the product shown.	
20	Based on this product image, what type of product is shown?	/mnt/nfs/zyxing/VLMEvalKit/Q1/q1_images/alotechinc.com/DSC07166_8bd227a4e101.png	Aftermarket Parts	Remanufactured Heavy Truck Clutch Bodies	Gasoline Direct Injection High Pressure Fuel Pumps	Rivet	Brass And Nickel Plating	Cable Entry Seals And Shrinkable Products	B	alotechinc.com	Q1	product_type	Medium	alotechinc.com			The image clearly shows a heavy truck clutch body, making the question reasonable, the ground truth answer correct, and all other options unrelated to the product shown.	
21	Based on this product image, what type of product is shown?	/mnt/nfs/zyxing/VLMEvalKit/Q1/q1_images/alotechinc.com/DSC07183_26f34801effd.png	Remanufactured Heavy Truck Clutch Bodies	Cellular, Fiber Optics, Flat Cable Tooling.	Greenhouse Kits	Cable Entry Seals And Shrinkable Products	Powder Coat & Media Blast	Decorative Chrome Plating	A	alotechinc.com	Q1	product_type	Medium	alotechinc.com			The image shows heavy-duty mechanical parts consistent with clutch bodies, making the question reasonable, the ground truth correct, and the other options unrelated to the product shown.	
22	Based on this product image, what type of product is shown?	/mnt/nfs/zyxing/VLMEvalKit/Q1/q1_images/alumadock.com/Residential_Gallery_Image_1200x1200_Option4_v01sf_LowRes_a665aa194c42.jpg	Aluminum Gangways	Aluminum Docks	Clutch Plates	Aluminum Marine Structures	Bronze Valves	Elevator Ceilings And Finishes	B;A;D	alumadock.com	Q1	product_type	Medium	alumadock.com			The image shows aluminum docks and gangways, which are marine structures, making the accepted answers correct and the distractors unrelated to the product shown.	
23	Based on this product image, what type of product is shown?	/mnt/nfs/zyxing/VLMEvalKit/Q1/q1_images/alumadock.com/Home_Gallery_Image_1200x1200_Option5_v01sf_LowRes_db966e0b3f2f.jpg	Custom Cases For All Branches	Aluminum Docks	Signage	Banners	Aluminum Marine Structures	Aluminum Gangways	B;F;E	alumadock.com	Q1	product_type	Medium	alumadock.com			The image clearly shows an aluminum dock and gangway structure, making the accepted answers correct and the distractors unrelated to the product shown.	
24	Based on this product image, what type of product is shown?	/mnt/nfs/zyxing/VLMEvalKit/Q1/q1_images/alumadock.com/RTB_Image_1200x1200_v01sf_LowRes_dcc828a5ac9e.jpg	Aluminum Marine Structures	Vinyl Graphics	Thermoformed Components	Aluminum Docks	Seats	Differential Assemblies	D;A	alumadock.com	Q1	product_type	Medium	alumadock.com			The image clearly shows an aluminum dock structure, making the question reasonable, the accepted answers correct, and the distractors unrelated to the product shown.	
25	Based on this product image, what type of product is shown?	/mnt/nfs/zyxing/VLMEvalKit/Q1/q1_images/alumadock.com/Residential_Gallery_Image_1200x1200_Option5_v01sf_LowRes_3309f84f8274.jpg	Banners	Spiral Bevel Gears	Aluminum Docks	Signage	Aluminum Marine Structures	Custom Cases For All Branches	C;E	alumadock.com	Q1	product_type	Medium	alumadock.com			The image clearly shows an aluminum dock structure, making the question reasonable, the accepted answers correct, and the distractors unrelated to the product shown.	
26	Based on this product image, what type of product is shown?	/mnt/nfs/zyxing/VLMEvalKit/Q1/q1_images/alumadock.com/Commercial_Gallery_Image_1200x1200_Option4_v01sf_LowRes_c72820033070.jpg	Custom Cases For All Branches	Laser Cut And Bent Tubes	Differential Assemblies	Aluminum Docks	Seats	Aluminum Marine Structures	D;F	alumadock.com	Q1	product_type	Medium	alumadock.com			The image clearly shows aluminum docks, making the question reasonable and the accepted answers correct, while the distractors do not relate to the product shown.	
27	Based on this product image, what type of product is shown?	/mnt/nfs/zyxing/VLMEvalKit/Q1/q1_images/americanhammer.com/American-Hammer_61ce13359405.jpg	Hammers	Manifolds	Nuclear Valve Stems	Trailers, Soil Sampling Equipment	Aluminum Ramps	Cones,	A	americanhammer.com	Q1	product_type	Medium	americanhammer.com			The image clearly shows a hammer with the brand name 'American Hammer,' making the question reasonable, the ground truth correct, and all other options unrelated to the product shown.	
28	Based on this product image, what type of product is shown?	/mnt/nfs/zyxing/VLMEvalKit/Q1/q1_images/amroll.com/thrust-bucket.a517776bcb0b865fb99981f2f3e863df_6d71de7de40e.jpg	Ball Bearings	Hitches	Bumpers	Racks	Hydraulic Tanks	Carbide Tipped Sawblades	A	amroll.com	Q1	product_type	Medium	amroll.com			The image clearly shows ball bearings, making the question reasonable, the ground truth correct, and all other options unrelated to the product shown.	
29	Based on this product image, what type of product is shown?	/mnt/nfs/zyxing/VLMEvalKit/Q1/q1_images/amroll.com/ballbearing.a517776bcb0b865fb99981f2f3e863df_09049e87d8e6.jpg	Actuators	Racks	Tables	Ball Bearings	Heat Sinks	Flanges	D	amroll.com	Q1	product_type	Medium	amroll.com			The image clearly shows ball bearings, making the question reasonable, the ground truth correct, and all other options unrelated to the product shown.	
30	Based on this product image, what type of product is shown?	/mnt/nfs/zyxing/VLMEvalKit/Q1/q1_images/amroll.com/tapered-roller-bearings-v2.2f25ae38030571d34b8e3d46976044ad_98f5229e3e1f.jpg	Upholstery Nails	Conveyors	Jigs And Fixtures	ring gears	Taper Roller	Copper	E	amroll.com	Q1	product_type	Medium	amroll.com			The image clearly shows tapered roller bearings, making the question reasonable, the ground truth correct, and all distractors unrelated to the product shown.	
31	Based on this product image, what type of product is shown?	/mnt/nfs/zyxing/VLMEvalKit/Q1/q1_images/amroll.com/ProductsGroup.b2f189de4a2fe3bf98eab30d8c2dccfc_9687aeaa67b6.jpg	Garages	Hoses	Chutes,	Platforms,	Aircraft Seating	Taper Roller	F	amroll.com	Q1	product_type	Medium	amroll.com			The image shows mechanical components consistent with taper rollers, making the question reasonable, the ground truth correct, and the other options unrelated to the product shown.	
32	Based on this product image, what type of product is shown?	/mnt/nfs/zyxing/VLMEvalKit/Q1/q1_images/applerock.com/Werk_Brau_ConExpo23_55251-2048x2048_97049c8c6274.jpg	Hydraulic Tanks	custom display	Bumpers	portable displays	Beams	Signage	B;D;F	applerock.com	Q1	product_type	Medium	applerock.com			The image shows a custom portable display with signage, making the question reasonable and the accepted answers correct, while the distractors are unrelated to the product shown.	
33	Based on this product image, what type of product is shown?	/mnt/nfs/zyxing/VLMEvalKit/Q1/q1_images/atssafety.com/Custom_Guarding_825x594_56f35c1d2cc3.jpg	Aircraft Seating	Trailers, Soil Sampling Equipment	Custom Safety Guards	Aluminum Ramps	Cones,	Hammers	C	atssafety.com	Q1	product_type	Medium	atssafety.com			The image shows a protective frame structure consistent with custom safety guards, making the question reasonable, the ground truth correct, and all other options unrelated to the product shown.	
34	Based on this product image, what type of product is shown?	/mnt/nfs/zyxing/VLMEvalKit/Q1/q1_images/atssafety.com/hinged_lathe_safety_guard_1_800x641_216c4dc7503d.jpg	Custom Safety Guards	Aircraft Seating	angle	Backhoe Loader	Extruder Packs	Hand Tool Components	A	atssafety.com	Q1	product_type	Medium	atssafety.com			The image shows a protective guard structure likely used for safety around machinery, making 'Custom Safety Guards' the correct classification and the other options unrelated.	
35	Based on this product image, what type of product is shown?	/mnt/nfs/zyxing/VLMEvalKit/Q1/q1_images/atssafety.com/RS-TR3-SIDEProductPhoto_1350x1350_a1b413650e75.jpg	Aircraft Seating	Railroad Signaling Components	Hardware	Custom Safety Guards	Hand Tool Components	Backhoe Loader	D	atssafety.com	Q1	product_type	Medium	atssafety.com			The image shows a clear protective guard likely used for safety purposes, making the question reasonable and the correct answer 'Custom Safety Guards' while all other options are unrelated to the product shown.	
36	Based on this product image, what type of product is shown?	/mnt/nfs/zyxing/VLMEvalKit/Q1/q1_images/atssafety.com/IMG_4919_1093x700_1d2148b57a0f.jpg	Cones,	Aluminum Ramps	Aircraft Seating	Hammers	Custom Safety Guards	Nuclear Valve Stems	E	atssafety.com	Q1	product_type	Medium	atssafety.com			The image shows a machine with a protective guard, making the question reasonable and the correct answer custom safety guards, while all other options are unrelated to the product shown.	
37	Based on this product image, what type of product is shown?	/mnt/nfs/zyxing/VLMEvalKit/Q1/q1_images/atssafety.com/MG-2ProductPhotoLF_1350x1350_76e8bf6b1726.jpg	Fittings	ring gears	Custom Safety Guards	Carts	Screen Printing Mesh	Backhoe Loader	C	atssafety.com	Q1	product_type	Medium	atssafety.com			The image shows a safety guard device, making the question reasonable, the ground truth answer correct, and all other options unrelated to the product shown.	
38	Based on this product image, what type of product is shown?	/mnt/nfs/zyxing/VLMEvalKit/Q1/q1_images/atssafety.com/CC816ProductPhotoFront_1350x1350_33281db4b5d5.jpg	Custom Safety Guards	Aircraft Seating	Machine Parts	Screen Printing Mesh	Hammers	ring gears	A	atssafety.com	Q1	product_type	Medium	atssafety.com			The image shows a safety guard device, making the question reasonable and the correct answer Custom Safety Guards, while other options are unrelated to the product shown.	
39	Based on this product image, what type of product is shown?	/mnt/nfs/zyxing/VLMEvalKit/Q1/q1_images/atssafety.com/Hydraulic_Press_5_526x700_400ac1cda201.jpg	Aircraft Seating	ring gears	impellers	Hammers	Machine Parts	Custom Safety Guards	F	atssafety.com	Q1	product_type	Medium	atssafety.com			The image shows a custom safety guard installed on a machine, making the question reasonable and the correct answer F, while all other options do not match the product shown.	
40	Based on this product image, what type of product is shown?	/mnt/nfs/zyxing/VLMEvalKit/Q1/q1_images/atssafety.com/UGS-1ProductPhotoLF_1350x1350_6c15e02fc762.jpg	Steel Components	ring gears	Extruder Packs	Railroad Signaling Components	Custom Safety Guards	Aircraft Seating	E	atssafety.com	Q1	product_type	Medium	atssafety.com			The image shows a safety guard device, making the question reasonable, the ground truth correct, and all other options unrelated to the product shown.	
41	Based on this product image, what type of product is shown?	/mnt/nfs/zyxing/VLMEvalKit/Q1/q1_images/atssafety.com/RDS-3ProductPhoto_1350x1350_5d6593eb2b3e.jpg	Cones,	Hammers	Nuclear Valve Stems	Manifolds	Custom Safety Guards	impellers	E	atssafety.com	Q1	product_type	Medium	atssafety.com			The image shows a clear protective guard likely used for safety purposes, making the question reasonable, the ground truth answer correct, and all other options unrelated to the product shown.	
42	Based on this product image, what type of product is shown?	/mnt/nfs/zyxing/VLMEvalKit/Q1/q1_images/atssafety.com/Mill_f6a8ffb6-6a98-4e6c-a4b2-167d140d189c_949x1135_ed16d9389f12.jpg	impellers	Custom Safety Guards	Manifolds	Cones,	Aluminum Ramps	Nuclear Valve Stems	B	atssafety.com	Q1	product_type	Medium	atssafety.com			The image shows a safety guard attached to industrial machinery, making the question reasonable, the ground truth answer correct, and all other options unrelated to the product shown.	
43	Based on this product image, what type of product is shown?	/mnt/nfs/zyxing/VLMEvalKit/Q1/q1_images/atssafety.com/BaldorShieldSquarePhotoWeb_1350x1350_1d7dacd25a8f.png	Aircraft Seating	Custom Safety Guards	Hammers	Machine Parts	angle	Backhoe Loader	B	atssafety.com	Q1	product_type	Medium	atssafety.com			The image shows a clear protective panel with mounting hardware, fitting the category of Custom Safety Guards, while other options like Aircraft Seating or Hammers do not match the product shown.	
44	Based on this product image, what type of product is shown?	/mnt/nfs/zyxing/VLMEvalKit/Q1/q1_images/austincanvas.com/Image-empty-state_300c1fc9b982.jpg	Canopies	Black Oxide	Compactors	Welding Equipment	Awnings	Clamps	E	austincanvas.com	Q1	product_type	Medium	austincanvas.com			The image shows an awning with the brand name, making the question reasonable and the correct answer 'awnings,' while the other options are unrelated to the product shown.	
45	Based on this product image, what type of product is shown?	/mnt/nfs/zyxing/VLMEvalKit/Q1/q1_images/austincanvas.com/c8a681_f4cc94a77158440e83fde1f367320520_mv2_1a7f0c3f168e.jpg	Production Parts	Aluminum Products	Storage Equipment	Canopies	Awnings	Custom Weldments	D;E	austincanvas.com	Q1	product_type	Medium	austincanvas.com			The image shows a canopy structure, making the question reasonable and the accepted answers correct, while the distractors do not fit the product shown.	
46	Based on this product image, what type of product is shown?	/mnt/nfs/zyxing/VLMEvalKit/Q1/q1_images/austincanvas.com/Image-empty-state_ec807354a0e8.jpg	Canopies	Tubing	Awnings	Taper Roller	Carts	Hitches	A;C	austincanvas.com	Q1	product_type	Medium	austincanvas.com			The image shows awnings and canopies on a building, making the question reasonable and the accepted answers correct, while the distractors are unrelated products.	
47	Based on this product image, what type of product is shown?	/mnt/nfs/zyxing/VLMEvalKit/Q1/q1_images/austincanvas.com/c8a681_e6f0e9e4faa74b32aef7afd7bb44cbc5_mv2_cdb18a837179.jpg	Canopies	Awnings	Carts	Taper Roller	Aluminum Products	Hitches	A;B	austincanvas.com	Q1	product_type	Medium	austincanvas.com			The image shows a structure that fits the description of both canopies and awnings, making the question reasonable and the accepted answers correct, while the distractors are unrelated to the product shown.	
48	Based on this product image, what type of product is shown?	/mnt/nfs/zyxing/VLMEvalKit/Q1/q1_images/austincanvas.com/c8a681_2ee96b4a18184c678f79f1d308bb06be_mv2_2522f900fb14.jpg	Steel Components	Railroad Signaling Components	Extruder Packs	Awnings	Canopies	Aircraft Seating	D;E	austincanvas.com	Q1	product_type	Medium	austincanvas.com			The image clearly shows an awning or canopy, making the question reasonable, the accepted answers correct, and the distractors unrelated to the product shown.	
49	Based on this product image, what type of product is shown?	/mnt/nfs/zyxing/VLMEvalKit/Q1/q1_images/austincanvas.com/c8a681_08752e5cc9cd45e9862844e99dbdb013_mv2_67df6a9d85df.jpg	Hydraulic Tanks	Taper Roller	Awnings	Mining Equipment Component Parts	Envelopes	Hitches	C	austincanvas.com	Q1	product_type	Medium	austincanvas.com			The image clearly shows an awning with the Ben & Jerry's logo, making the question reasonable, the ground truth correct, and all other options unrelated to the product shown.	
50	Based on this product image, what type of product is shown?	/mnt/nfs/zyxing/VLMEvalKit/Q1/q1_images/austincanvas.com/Image-empty-state_831dc2a6d5cf.jpg	Awnings	Canopies	Sealants	Racks	ring gears	Hydraulic Tanks	A;B	austincanvas.com	Q1	product_type	Medium	austincanvas.com			The image shows a fabric covering attached to a building, which fits the definitions of awnings and canopies, while the other options are unrelated to the product shown.	
51	Based on this product image, what type of product is shown?	/mnt/nfs/zyxing/VLMEvalKit/Q1/q1_images/austincanvas.com/c8a681_15a3db9bed324e648d950a0b90589bb7_mv2_919879da4539.jpg	Canopies	Awnings	Aluminum Products	Storage Equipment	Bronze Valves	Cancer Diagnostic Equipment Parts	A;B;C	austincanvas.com	Q1	product_type	Medium	austincanvas.com			The image shows a structure that fits the description of canopies, awnings, and aluminum products, while the distractors are unrelated to the product shown.	
52	Based on this product image, what type of product is shown?	/mnt/nfs/zyxing/VLMEvalKit/Q1/q1_images/austincanvas.com/Image-empty-state_aa7f3bbbb096.jpg	Canopies	Awnings	Racks	Hydraulic Tanks	Platforms	Turnstiles	A;B	austincanvas.com	Q1	product_type	Medium	austincanvas.com			The image shows a fabric covering attached to a building, which fits the definitions of both canopies and awnings, while racks, hydraulic tanks, platforms, and turnstiles are unrelated products.	
53	Based on this product image, what type of product is shown?	/mnt/nfs/zyxing/VLMEvalKit/Q1/q1_images/austincanvas.com/c8a681_afff55ad7b1a4099a40ff435b7c4d83a_mv2_871cf9796499.jpg	Racks	Hitches	Canopies	Taper Roller	Hydraulic Tanks	Awnings	C;F	austincanvas.com	Q1	product_type	Medium	austincanvas.com			The image shows an awning/canopy over a storefront, making the question reasonable and the accepted answers correct, while the distractors are unrelated products.	
54	Based on this product image, what type of product is shown?	/mnt/nfs/zyxing/VLMEvalKit/Q1/q1_images/austincanvas.com/Image-empty-state_e5729103a481.jpg	Screen Printing Mesh	Inspection Equipment	Awnings	Aluminum Products	Screen Packs	Canopies	C;F	austincanvas.com	Q1	product_type	Medium	austincanvas.com			The image shows awnings or canopies on a building, making the question reasonable and the accepted answers correct, while the distractors do not fit the product shown.	
55	Based on this product image, what type of product is shown?	/mnt/nfs/zyxing/VLMEvalKit/Q1/q1_images/austincanvas.com/c8a681_3b7107a552674d96910b2328bb18e624_mv2_e5881274384b.jpg	Canopies	Aluminum Products	Mining Equipment Component Parts	Awnings	Carts	Hitches	A;D	austincanvas.com	Q1	product_type	Medium	austincanvas.com			The image shows a red canopy or awning above a door, making the question reasonable and the accepted answers correct, while the distractors are unrelated to the product shown.	
56	Based on this product image, what type of product is shown?	/mnt/nfs/zyxing/VLMEvalKit/Q1/q1_images/austincanvas.com/c8a681_158ec1f9da4e47beb656a1d08b319bee_mv2_f5d1c1802f9b.jpg	Aluminum Products	Large Skid Steer Parts	Adapters	Postcards	Awnings	Canopies	E;F	austincanvas.com	Q1	product_type	Medium	austincanvas.com			The image clearly shows an awning or canopy structure, making the question reasonable, the accepted answers correct, and the distractors unrelated to the product shown.	
57	Based on this product image, what type of product is shown?	/mnt/nfs/zyxing/VLMEvalKit/Q1/q1_images/austincanvas.com/c8a681_744e243fc4b54cd9835b4c8076b81fa5_mv2_03bb67639561.jpg	Hydraulic Tanks	Racks	Awnings	Aluminum Products	Hitches	Canopies	C;F;D	austincanvas.com	Q1	product_type	Medium	austincanvas.com			The image shows a structure that fits the descriptions of awnings, canopies, and aluminum products, while hydraulic tanks, racks, and hitches are unrelated.	
58	Based on this product image, what type of product is shown?	/mnt/nfs/zyxing/VLMEvalKit/Q1/q1_images/austincanvas.com/c8a681_e2c7be40e5514c7caaf0459a0e94c497_mv2_3671ff2be08f.jpg	Screen Printing Mesh	Aluminum Products	Backhoe Loader	Bronze Valves	ring gears	Canopies	F	austincanvas.com	Q1	product_type	Medium	austincanvas.com			The image shows a structure with a roof supported by purple posts, which fits the description of canopies, and none of the other options match this product type.	
59	Based on this product image, what type of product is shown?	/mnt/nfs/zyxing/VLMEvalKit/Q1/q1_images/austincanvas.com/c8a681_b0a20f8d7a0d4978af5fc0e87aa739f1_mv2_d60b93c802c7.jpg	Mining Equipment Component Parts	Tubing	Aluminum Products	Canopies	Hitches	Awnings	D;F	austincanvas.com	Q1	product_type	Medium	austincanvas.com			The image shows a canopy or awning structure, making the question reasonable, the accepted answers correct, and the distractors unrelated to the product shown.	
60	Based on this product image, what type of product is shown?	/mnt/nfs/zyxing/VLMEvalKit/Q1/q1_images/austincanvas.com/c8a681_1d1f42c91a6a49368939d75b88639309_mv2_f25c6828b51f.png	Racks	ring gears	Canopies	Awnings	Medical Components	Aluminum Products	C;D;F	austincanvas.com	Q1	product_type	Medium	austincanvas.com			The image shows a canopy or awning structure likely made of aluminum, making the question reasonable and the accepted answers correct, while the distractors do not fit the product shown.	
61	Based on this product image, what type of product is shown?	/mnt/nfs/zyxing/VLMEvalKit/Q1/q1_images/austincanvas.com/c8a681_8a9137c53e964fd891f307843edff1b6_mv2_cf9d9c31438a.jpg	Aluminum Products	Awnings	Hitches	Canopies	Tubing	Mining Equipment Component Parts	B;D	austincanvas.com	Q1	product_type	Medium	austincanvas.com			The image shows a structure that fits the description of awnings and canopies, while the other options do not match the product shown.	
62	Based on this product image, what type of product is shown?	/mnt/nfs/zyxing/VLMEvalKit/Q1/q1_images/austincanvas.com/c8a681_196e70b66fb040688f43031dd3e675c3_mv2_1107d9b93cac.jpg	Aluminum Products	Awnings	Backhoe Loader	Canopies	ring gears	Screen Printing Mesh	B;D	austincanvas.com	Q1	product_type	Medium	austincanvas.com			The image shows a structure that fits the description of awnings and canopies, while the other options do not relate to the product shown.	
63	Based on this product image, what type of product is shown?	/mnt/nfs/zyxing/VLMEvalKit/Q1/q1_images/austincanvas.com/Image-empty-state_17556777bf3b.jpg	Medical Products	Heat Exchangers	Canopies	Racks	Awnings	Hydraulic Tanks	E;C	austincanvas.com	Q1	product_type	Medium	austincanvas.com			The image shows an awning, making the question reasonable, the accepted answers correct, and the distractors unrelated to the product shown.	
64	Based on this product image, what type of product is shown?	/mnt/nfs/zyxing/VLMEvalKit/Q1/q1_images/austincanvas.com/Image-empty-state_70b5cd3a2c75.jpg	Flanges	Mining Equipment Component Parts	Carts	Repairs On Factory Machinery And Construction Equipment	Awnings	Canopies	E;F	austincanvas.com	Q1	product_type	Medium	austincanvas.com			The image shows an awning/canopy over the entrance, making the question reasonable, the accepted answers correct, and the distractors unrelated to the product shown.	
65	Based on this product image, what type of product is shown?	/mnt/nfs/zyxing/VLMEvalKit/Q1/q1_images/austincanvas.com/Aluma_Shield_Website_7aaf15e36ec0.jpg	Aluminum Products	Hardware	Backhoe Loader	angle	Aircraft Seating	Railroad Signaling Components	A	austincanvas.com	Q1	product_type	Medium	austincanvas.com			The image clearly shows aluminum structures, making the question reasonable and the correct answer Aluminum Products, while the other options do not match the product shown.	
66	Based on this product image, what type of product is shown?	/mnt/nfs/zyxing/VLMEvalKit/Q1/q1_images/bartbydesign.com/1d9dd6_4c2ebb74cf0f4ffe877dab7785f8c908_mv2_d_2988_5312_s_4__c1a5f9a08a21.jpg	Pumps	Structural Steel	Fixtures	Upholstery Nails	Oem Components	Gaskets	E	bartbydesign.com	Q1	product_type	Medium	bartbydesign.com			The image shows machined metal parts typical of OEM components, making the question reasonable, the ground truth correct, and the distractors unrelated to the product shown.	
67	Based on this product image, what type of product is shown?	/mnt/nfs/zyxing/VLMEvalKit/Q1/q1_images/bartbydesign.com/1d9dd6_e7b3661062f4446cb13c4e083e711173_mv2_d_3456_5184_s_4__3a41afcd0222.jpg	Shafts	Oem Components	Fixtures	Pumps	Structural Steel	Gaskets	B	bartbydesign.com	Q1	product_type	Medium	bartbydesign.com			The image shows precision metal parts likely used as OEM components, making the question reasonable and the correct answer B, while other options like shafts, fixtures, pumps, structural steel, and gaskets do not match the product shown.	
68	Based on this product image, what type of product is shown?	/mnt/nfs/zyxing/VLMEvalKit/Q1/q1_images/bartbydesign.com/1d9dd6_58f44e9f44aa49cbb8d65c8f91da8cf8_mv2_d_5184_3456_s_4__517aeb4a2b4e.jpg	Oem Components	Pumps	Enclosures	Shafts	Fixtures	Structural Steel	A	bartbydesign.com	Q1	product_type	Medium	bartbydesign.com			The image shows metal parts likely used as OEM components, making the question reasonable and the correct answer appropriate, while other options like pumps or shafts do not match the product shown.	
69	Based on this product image, what type of product is shown?	/mnt/nfs/zyxing/VLMEvalKit/Q1/q1_images/bircherinc.com/home-feature-03_4ce5428bf02d.jpg	Plastics	dies	Precision, High Performance Marine Boat Shaft Systems	injection mold	Surgical Tools	Prototype And Short Run Production	C	bircherinc.com	Q1	product_type	Medium	bircherinc.com			The image shows a marine boat shaft system component, making the question reasonable, the ground truth correct, and all other options unrelated to marine shaft systems.	
70	Based on this product image, what type of product is shown?	/mnt/nfs/zyxing/VLMEvalKit/Q1/q1_images/cardinalmetalworks.com/assembly3-495x400_adda57b96f03.jpg	Assemblies	Bottling Parts	Business Cards	Panels	Custom Filtration Systems	Chassis	F	cardinalmetalworks.com	Q1	product_type	Medium	cardinalmetalworks.com			The image shows metal frames or structures consistent with chassis, making the question reasonable, the ground truth correct, and the other options unrelated to the product shown.	
71	Based on this product image, what type of product is shown?	/mnt/nfs/zyxing/VLMEvalKit/Q1/q1_images/cardinalmetalworks.com/FiberOpticEncolsures_-fiber-optic-cable-splice-machine-_22682c683a88.jpg	Doors	Taper Roller	Assemblies	Panels	Hydraulic Tanks	Racks	C;D	cardinalmetalworks.com	Q1	product_type	Medium	cardinalmetalworks.com			The image shows an electrical panel assembly, making 'Assemblies' and 'Panels' correct, while doors, taper rollers, hydraulic tanks, and racks are unrelated products.	
72	Based on this product image, what type of product is shown?	/mnt/nfs/zyxing/VLMEvalKit/Q1/q1_images/cardinalmetalworks.com/General-Capabilities_military-misc-parts-495x400_bf1dc0c4eb44.jpg	Sanitary Equipment	Chassis	Chemical Agent Resistant Coating Carc Finishes	Panels	Brackets	Custom Filtration Systems	D;E	cardinalmetalworks.com	Q1	product_type	Medium	cardinalmetalworks.com			The image shows metal parts that clearly fit the categories of panels and brackets, making the question reasonable and the accepted answers correct, while the distractors do not match the product type shown.	
73	Based on this product image, what type of product is shown?	/mnt/nfs/zyxing/VLMEvalKit/Q1/q1_images/cardinalmetalworks.com/ElectricalDataRack_server-data-rack-cabinet-495x400_58f794ec0ab1.jpg	Bushings	Assemblies	Panels	Small Automotive Parts	Steel Concrete Block Pallets	Large Skid Steer Parts	B	cardinalmetalworks.com	Q1	product_type	Medium	cardinalmetalworks.com			The image shows a complex electronic assembly with multiple ports and components, fitting the category 'Assemblies' while the other options do not match the product type shown.	
74	Based on this product image, what type of product is shown?	/mnt/nfs/zyxing/VLMEvalKit/Q1/q1_images/cardinalmetalworks.com/IMG_1380-rotated_1ce73fa10981.jpg	Assemblies	Hitches	Taper Roller	Panels	Carts	Tubing	D	cardinalmetalworks.com	Q1	product_type	Medium	cardinalmetalworks.com			The image shows metal panels or dividers consistent with 'Panels,' and the other options do not match the product's appearance or function.	
75	Based on this product image, what type of product is shown?	/mnt/nfs/zyxing/VLMEvalKit/Q1/q1_images/cardinalmetalworks.com/Plating_metal-parts-lined-up-495x400_23d5650e2a7c.jpg	Nascar Transmission Complete All Parts & Shifter	Taper Roller	Hydraulic Tanks	Panels	Hitches	Brackets	D	cardinalmetalworks.com	Q1	product_type	Medium	cardinalmetalworks.com			The image shows metal sheets and formed panels, making the question reasonable, the ground truth answer 'Panels' correct, and all other options unrelated to the visible products.	
76	Based on this product image, what type of product is shown?	/mnt/nfs/zyxing/VLMEvalKit/Q1/q1_images/cardinalmetalworks.com/Industrial-Equipment-Header_polishing-stainless-steel-chassi_c5296a19905e.jpg	Postcards	Chemical Agent Resistant Coating Carc Finishes	Weldments	Assemblies	Bottling Parts	Chassis	F	cardinalmetalworks.com	Q1	product_type	Medium	cardinalmetalworks.com			The image shows a metal frame structure consistent with a chassis, making the question reasonable, the ground truth correct, and the other options unrelated to the product shown.	
77	Based on this product image, what type of product is shown?	/mnt/nfs/zyxing/VLMEvalKit/Q1/q1_images/cardinalmetalworks.com/CARC-Painting_CARC-Part-edit_67eac0eb9992.jpg	Chassis	Tubing	Mining Equipment Component Parts	Panels	Dividers	Attachments And Auxillary Equipment	A;E	cardinalmetalworks.com	Q1	product_type	Medium	cardinalmetalworks.com			The image shows a metal frame structure that fits the descriptions of both a chassis and dividers, while tubing, mining equipment parts, panels, and attachments do not accurately describe this product.	
78	Based on this product image, what type of product is shown?	/mnt/nfs/zyxing/VLMEvalKit/Q1/q1_images/cardinalmetalworks.com/General-Capabilities-Header_POLISHED-STAINLESS-STEEL-CHASSIS_fe0b72d83174.jpg	Bottling Parts	Cellular, Fiber Optics, Flat Cable Tooling.	Chemical Agent Resistant Coating Carc Finishes	Panels	Carbide Tipped Sawblades	Chassis	F	cardinalmetalworks.com	Q1	product_type	Medium	cardinalmetalworks.com			The image shows a metal structure consistent with a chassis, making the question reasonable, the ground truth correct, and the other options unrelated to the product shown.	
79	Based on this product image, what type of product is shown?	/mnt/nfs/zyxing/VLMEvalKit/Q1/q1_images/cardinalmetalworks.com/Kitting-Services-Header_ASSEMBLY-KITTING_c94b7101fa56.jpg	Attachments And Auxillary Equipment	Chassis	Assemblies	Weldments	Hitches	Taper Roller	B;C	cardinalmetalworks.com	Q1	product_type	Medium	cardinalmetalworks.com			The image shows a metal frame structure consistent with chassis and assemblies, while the other options do not accurately describe this product.	
80	Based on this product image, what type of product is shown?	/mnt/nfs/zyxing/VLMEvalKit/Q1/q1_images/cardinalmetalworks.com/forming-image_2e621448194f.jpg	Mining Equipment Component Parts	Assemblies	Panels	Taper Roller	Weldments	Attachments And Auxillary Equipment	B;C;E	cardinalmetalworks.com	Q1	product_type	Medium	cardinalmetalworks.com			The question is reasonable for identifying the product type, the accepted answers (Assemblies, Panels, Weldments) accurately describe the metal structures shown, and the distractors do not fit the product image.	
81	Based on this product image, what type of product is shown?	/mnt/nfs/zyxing/VLMEvalKit/Q1/q1_images/cardinalmetalworks.com/large-metal-plates-going-into-a-finihsing-machine_08d9928d80d1.jpg	Panels	Repairs On Factory Machinery And Construction Equipment	Nuts	Storage Equipment	Bronze Valves	Carts	A	cardinalmetalworks.com	Q1	product_type	Medium	cardinalmetalworks.com			The image clearly shows large metal panels, making the question reasonable, the ground truth answer correct, and all other options unrelated to the product shown.	
82	Based on this product image, what type of product is shown?	/mnt/nfs/zyxing/VLMEvalKit/Q1/q1_images/cardinalmetalworks.com/CARC-Cabinet-495x400_2214d4b4ea1e.jpg	Custom Filtration Systems	Bottling Parts	Powder Coat And Wet Coat Finishes	Doors	Panels	Griddle Plates	D	cardinalmetalworks.com	Q1	product_type	Medium	cardinalmetalworks.com			The image clearly shows a metal door on an industrial cabinet, making the question reasonable, the ground truth answer correct, and all other options unrelated to the product shown.	
83	Based on this product image, what type of product is shown?	/mnt/nfs/zyxing/VLMEvalKit/Q1/q1_images/carolinacarportsinc.com/Boxed-Eave-Roof-Style-Carolina-Barn-Main-Building-Fully-Encl_6ed913d18f1c.jpg	Farm Storage Sheds	Metal Buildings	Carports	Garages	Wakeboard Towers	Signs	A;B;C;D	carolinacarportsinc.com	Q1	product_type	Medium	carolinacarportsinc.com			The image clearly shows a metal structure that fits the descriptions of farm storage sheds, metal buildings, carports, and garages, while wakeboard towers and signs are unrelated.	
84	Based on this product image, what type of product is shown?	/mnt/nfs/zyxing/VLMEvalKit/Q1/q1_images/carolinacarportsinc.com/Regular-Roof-Style-Carport-with-One-Panel-Each-Side_16575bc519c5.jpg	Metal Parts	Valve Parts	Couplers	Carports	Machined Components	Displays	D	carolinacarportsinc.com	Q1	product_type	Medium	carolinacarportsinc.com			The image clearly shows a metal carport structure, making the question reasonable, the ground truth answer correct, and all other options unrelated to the product shown.	
85	Based on this product image, what type of product is shown?	/mnt/nfs/zyxing/VLMEvalKit/Q1/q1_images/carolinacarportsinc.com/Vertical-Roof-Style-with-One-Panel-Per-Side_465716107070.jpg	Laser Cut Parts	Carports	Banners	Stamping	Prototypes	Nuclear Valve Stems	B	carolinacarportsinc.com	Q1	product_type	Medium	carolinacarportsinc.com			The image clearly shows a carport structure, making the question reasonable, the ground truth answer correct, and all other options unrelated to the product shown.	
86	Based on this product image, what type of product is shown?	/mnt/nfs/zyxing/VLMEvalKit/Q1/q1_images/carolinacarportsinc.com/Vertical-Roof-Style-with-One-Gable-End_6f4603907542.jpg	Wire Products	Heating And Ac Units	Carports	Fixtures	Couplers	Machined Components	C	carolinacarportsinc.com	Q1	product_type	Medium	carolinacarportsinc.com			The image clearly shows a carport structure, making the question reasonable, the ground truth answer correct, and all other options unrelated to the product shown.	
87	Based on this product image, what type of product is shown?	/mnt/nfs/zyxing/VLMEvalKit/Q1/q1_images/carolinacarportsinc.com/Regular-Roof-Style-Horse-Barn-with-Two-Ends-Closed_3b7cea9d6771.jpg	Chemical Process Equipment	Metal Buildings	Garages	Compactors	Carports	Component Parts	B;C;E	carolinacarportsinc.com	Q1	product_type	Medium	carolinacarportsinc.com			The image shows a metal structure that fits the categories of metal buildings, garages, and carports, while the distractors are unrelated to this type of product.	
88	Based on this product image, what type of product is shown?	/mnt/nfs/zyxing/VLMEvalKit/Q1/q1_images/carolinacarportsinc.com/Vertical-Roof-Style-Seneca-Barn-with-Main-Building-Enclosed._deadcbd3aebe.jpg	Garages	Custom Fabrication Pieces	Carports	Boat Railings	Nuclear Valve Stems	Metal Buildings	C;A;F	carolinacarportsinc.com	Q1	product_type	Medium	carolinacarportsinc.com			The image shows a metal structure that fits the categories of carports, garages, and metal buildings, while the distractors are unrelated to the product shown.	
89	Based on this product image, what type of product is shown?	/mnt/nfs/zyxing/VLMEvalKit/Q1/q1_images/carolinacarportsinc.com/Vertical-Style-Carolina-Barn-with-Two-Fully-Enclosed-Lean-To_e61f85b89486.jpg	Custom Fabrication Pieces	Metal Buildings	Carports	Boat Railings	Farm Storage Sheds	Custom Fabricated Parts	B;C;E	carolinacarportsinc.com	Q1	product_type	Medium	carolinacarportsinc.com			The image clearly shows a metal structure that fits the categories of metal buildings, carports, and farm storage sheds, while the distractors do not match the product type shown.	
90	Based on this product image, what type of product is shown?	/mnt/nfs/zyxing/VLMEvalKit/Q1/q1_images/carolinacarportsinc.com/All-Vertical-Style-with-Two-Sides-Closed_68eb49890523.jpg	Carports	Couplers	Fixtures	Metal Parts	Heating And Ac Units	Machined Components	A	carolinacarportsinc.com	Q1	product_type	Medium	carolinacarportsinc.com			The image clearly shows a carport structure, making the question reasonable, the ground truth answer correct, and all other options unrelated to the product shown.	
91	Based on this product image, what type of product is shown?	/mnt/nfs/zyxing/VLMEvalKit/Q1/q1_images/carolinacarportsinc.com/fact1_d7c51a1f5cbe.jpg	Shock Absorbers	Garages	Ball Bearings	Clutch Plates	Metal Buildings	Steel Concrete Block Pallets	B;E	carolinacarportsinc.com	Q1	product_type	Medium	carolinacarportsinc.com			The image shows a metal building structure that can be classified as both a garage and a metal building, while the distractors are unrelated automotive or construction components.	
92	Based on this product image, what type of product is shown?	/mnt/nfs/zyxing/VLMEvalKit/Q1/q1_images/carolinacarportsinc.com/All-Vertical-Style-Two-Tone-RV-Carport_8d5f1e8d1eb2.jpg	Custom Fabricated Parts	Decon Equipment	Nuclear Valve Stems	Metal Buildings	Carports	Business Cards	D;E	carolinacarportsinc.com	Q1	product_type	Medium	carolinacarportsinc.com			The image shows a metal building structure that can be classified as both a metal building and a carport, while the other options are unrelated to the product shown.	
93	Based on this product image, what type of product is shown?	/mnt/nfs/zyxing/VLMEvalKit/Q1/q1_images/carolinacarportsinc.com/Regular-Roof-Style-Carport-with-two-Panels-on-Each-Side_8f763d743b1c.jpg	Metal Parts	Couplers	Stairs	Heating And Ac Units	Carports	Machined Components	E	carolinacarportsinc.com	Q1	product_type	Medium	carolinacarportsinc.com			The image clearly shows a metal carport structure, making the question reasonable, the ground truth answer correct, and all other options unrelated to the product shown.	
94	Based on this product image, what type of product is shown?	/mnt/nfs/zyxing/VLMEvalKit/Q1/q1_images/carolinacarportsinc.com/Regular-Roof-Style-Carport-with-Two-Panels-Per-Side_ac2c93dda13d.jpg	Banners	Carports	Couplers	Machined Components	Displays	Metal Parts	B	carolinacarportsinc.com	Q1	product_type	Medium	carolinacarportsinc.com			The image clearly shows a metal carport structure covering a trailer, making the question reasonable, the ground truth correct, and all other options unrelated to the product shown.	
95	Based on this product image, what type of product is shown?	/mnt/nfs/zyxing/VLMEvalKit/Q1/q1_images/carolinacarportsinc.com/Vertical-Roof-Style-Seneca-Barn-with-45-Degree-Frame-Outs.jp_159c72a01d1d.jpg	Banners	Platforms,	Metal Buildings	Prototypes	Custom Machine Guards	Carports	C;F	carolinacarportsinc.com	Q1	product_type	Medium	carolinacarportsinc.com			The image clearly shows a metal carport structure, making the question reasonable, the accepted answers correct, and the distractors unrelated to the product shown.	
96	Based on this product image, what type of product is shown?	/mnt/nfs/zyxing/VLMEvalKit/Q1/q1_images/carolinacarportsinc.com/Boxed-Eave-Style-with-One-Panel-Each-Side_52568f92d9cd.jpg	Carports	Machine Parts	Compactors	Stairs	Decorative Wrought Iron	Cabinets	A	carolinacarportsinc.com	Q1	product_type	Medium	carolinacarportsinc.com			The image clearly shows a metal carport structure, making the question reasonable, the ground truth answer correct, and all other options unrelated to the product shown.	
97	Based on this product image, what type of product is shown?	/mnt/nfs/zyxing/VLMEvalKit/Q1/q1_images/carolinacarportsinc.com/Regular-Roof-Style-Horse-Barn-with-Horizontal-Gables-and-End_f12a9a59d9f8.jpg	Carports	Banners	Metal Parts	Couplers	Fixtures	Heating And Ac Units	A	carolinacarportsinc.com	Q1	product_type	Medium	carolinacarportsinc.com			The image clearly shows a carport structure, making the question reasonable, the ground truth answer correct, and all other options unrelated to the product shown.	
98	Based on this product image, what type of product is shown?	/mnt/nfs/zyxing/VLMEvalKit/Q1/q1_images/carolinacarportsinc.com/Vertical-Roof-Style-Seneca-Barn-with-One-Fully-Enclosed-Lean_b7d50f6d1589.jpg	Carports	Garages	Metal Buildings	Stairs	Custom Fabricated Parts	Decon Equipment	A;B;C	carolinacarportsinc.com	Q1	product_type	Medium	carolinacarportsinc.com			The image shows a metal structure that fits the categories of carports, garages, and metal buildings, while stairs, custom fabricated parts, and decon equipment are unrelated.	
99	Based on this product image, what type of product is shown?	/mnt/nfs/zyxing/VLMEvalKit/Q1/q1_images/carolinacarportsinc.com/Regular-Roof-Style-Horse-Barn-with-6x6-garage-doors-on-ends._a35971465b3d.jpg	Stairs	Custom Fabricated Parts	Carports	Garages	Metal Buildings	Decon Equipment	E;C;D	carolinacarportsinc.com	Q1	product_type	Medium	carolinacarportsinc.com			The image clearly shows a metal structure that fits the categories of carports, garages, and metal buildings, while stairs, custom fabricated parts, and decon equipment are unrelated.	
100	Based on this product image, what type of product is shown?	/mnt/nfs/zyxing/VLMEvalKit/Q1/q1_images/carolinacarportsinc.com/Regular-Roof-Style-Carport-with-Both-Sides-Closed-and-One-En_a667591c1cc3.jpg	Carports	Displays	Metal Parts	Machined Components	Valve Parts	Handrails	A	carolinacarportsinc.com	Q1	product_type	Medium	carolinacarportsinc.com			The image clearly shows a carport structure, making the question reasonable, the ground truth answer correct, and all other options unrelated to the product shown.	
101	Based on this product image, what type of product is shown?	/mnt/nfs/zyxing/VLMEvalKit/Q1/q1_images/carolinacarportsinc.com/Boxed-Eave-Roof-Style-with-One-Gable-End_8f1b74d2b5dc.jpg	Laser Cut Parts	Carports	Banners	Prototypes	Shipping And Storage Containers	Stairs	B	carolinacarportsinc.com	Q1	product_type	Medium	carolinacarportsinc.com			The image clearly shows a carport structure, making the question reasonable, the ground truth answer correct, and all other options unrelated to the product shown.	
102	Based on this product image, what type of product is shown?	/mnt/nfs/zyxing/VLMEvalKit/Q1/q1_images/carolinacarportsinc.com/All-Vertical-Style-40-Wide-with-Both-Sides-Closed-One-End-Cl_ebd4e86a0d3a.jpg	Contract Fabrication Parts	Custom Fabrication Pieces	Farm Storage Sheds	Platforms,	Metal Buildings	Boat Railings	C;E	carolinacarportsinc.com	Q1	product_type	Medium	carolinacarportsinc.com			The image clearly shows a metal building or farm storage shed, making the question reasonable, the accepted answers correct, and the distractors unrelated to the product shown.	
103	Based on this product image, what type of product is shown?	/mnt/nfs/zyxing/VLMEvalKit/Q1/q1_images/carolinacarportsinc.com/Vertical-Roof-Style-40-Wide-with-Horizontal-Sides-Closed-wit_a9463e40c877.jpg	Custom Fabrication Pieces	Contract Fabrication Parts	Custom Fabricated Parts	Metal Buildings	Boat Railings	Farm Storage Sheds	D;F	carolinacarportsinc.com	Q1	product_type	Medium	carolinacarportsinc.com			The image clearly shows a metal building or farm storage shed, making the accepted answers correct and the distractors unrelated to the product shown.	
104	Based on this product image, what type of product is shown?	/mnt/nfs/zyxing/VLMEvalKit/Q1/q1_images/carolinacarportsinc.com/Regular-Roof-Style-Horse-Barn-with-Vertical-Ends_8da20419ed39.jpg	Custom Fabrication Pieces	Farm Storage Sheds	Contract Fabrication Parts	Metal Buildings	Garages	Platforms,	D;B;E	carolinacarportsinc.com	Q1	product_type	Medium	carolinacarportsinc.com			The image clearly shows a metal building structure that can serve as a garage or farm storage shed, making the accepted answers correct and the distractors unrelated to the product shown.	
105	Based on this product image, what type of product is shown?	/mnt/nfs/zyxing/VLMEvalKit/Q1/q1_images/carolinacarportsinc.com/Boxed-Eave-Roof-Style-Seneca-Barn-with-Sides-Closed-on-Lean-_c9a92e997c9b.jpg	Heating And Ac Units	Carports	Laser Cut Parts	Prototypes	Shipping And Storage Containers	Wire Products	B	carolinacarportsinc.com	Q1	product_type	Medium	carolinacarportsinc.com			The image clearly shows a carport structure, making the question reasonable, the ground truth answer correct, and all other options unrelated to the product shown.	
106	Based on this product image, what type of product is shown?	/mnt/nfs/zyxing/VLMEvalKit/Q1/q1_images/carolinacarportsinc.com/Barn-Red_20dfcfdbcb3a.png	Metal Fabrications	Prototypes	Custom Machine Guards	Laser Cut Parts	Banners	Carports	F	carolinacarportsinc.com	Q1	product_type	Medium	carolinacarportsinc.com			The image clearly shows a carport structure, making the question reasonable, the ground truth answer correct, and all other options unrelated to the product shown.	
107	Based on this product image, what type of product is shown?	/mnt/nfs/zyxing/VLMEvalKit/Q1/q1_images/carolinacarportsinc.com/All-Vertical-Style-40-Wide-With-Two-Sides-Closed_33ba52110861.jpg	Custom Fabrication Pieces	Nuclear Valve Stems	Contract Fabrication Parts	Carports	Metal Buildings	Decon Equipment	D;E	carolinacarportsinc.com	Q1	product_type	Medium	carolinacarportsinc.com			The image clearly shows a metal structure that fits the descriptions of both carports and metal buildings, while the other options are unrelated to the product shown.	
108	Based on this product image, what type of product is shown?	/mnt/nfs/zyxing/VLMEvalKit/Q1/q1_images/carolinacarportsinc.com/carolinacarports_desktop_797aa4006d98.jpg	Promotional Products	Carports	Metal Buildings	Metal Powder Coating Finish	Garages	Plastic Parts	C;B;E	carolinacarportsinc.com	Q1	product_type	Medium	carolinacarportsinc.com			The image shows a metal building structure that can be classified as a metal building, carport, or garage, while the distractors do not fit the product shown.	
109	Based on this product image, what type of product is shown?	/mnt/nfs/zyxing/VLMEvalKit/Q1/q1_images/carolinacarportsinc.com/Boxed-Eave-Style-with-Two-Gable-Ends_30d2dd804f1d.jpg	Handrails	Banners	Ball Bearings	Displays	Valve Parts	Carports	F	carolinacarportsinc.com	Q1	product_type	Medium	carolinacarportsinc.com			The image clearly shows a carport structure, making the question reasonable, the ground truth answer correct, and all other options unrelated to the product shown.	
110	Based on this product image, what type of product is shown?	/mnt/nfs/zyxing/VLMEvalKit/Q1/q1_images/carolinacarportsinc.com/Regular-Roof-Style-Carport-with-Both-Sides-Closed-Two-Vehicl_03b356cc7794.jpg	Carports	Stairs	Stamping	impellers	Taper Roller	Nuclear Valve Stems	A	carolinacarportsinc.com	Q1	product_type	Medium	carolinacarportsinc.com			The image clearly shows a metal carport structure, making the question reasonable, the ground truth answer correct, and all other options unrelated to the product shown.	
111	Based on this product image, what type of product is shown?	/mnt/nfs/zyxing/VLMEvalKit/Q1/q1_images/carolinacarportsinc.com/All-Vertical-Style-40-Wide-with-Six-Side-Entrys-per-Side_80079e43dc52.jpg	Boat Railings	Carports	Metal Buildings	Decon Equipment	Metal Fabrications	Custom Machine Guards	B;C	carolinacarportsinc.com	Q1	product_type	Medium	carolinacarportsinc.com			The image clearly shows a metal structure that fits both carports and metal buildings, while the other options do not match the product shown.	
112	Based on this product image, what type of product is shown?	/mnt/nfs/zyxing/VLMEvalKit/Q1/q1_images/carportsnsheds.com/e18629_899c351cbcf342b6bcdb28ca5a320d7c_7b3d4b1ad416.jpg	Banners	Heating And Ac Units	Fixtures	Wire Products	Garages	Nuclear Valve Stems	E	carportsnsheds.com	Q1	product_type	Medium	carportsnsheds.com			The image clearly shows a structure with multiple garage doors, making the question reasonable and the correct answer 'Garages' while all other options are unrelated to the product shown.	
113	Based on this product image, what type of product is shown?	/mnt/nfs/zyxing/VLMEvalKit/Q1/q1_images/carportsnsheds.com/e18629_36f6eadb391e4fe49ee86e611d6d6388_6ce32a18b5b2.jpg	Machined Components	Heating And Ac Units	Couplers	Banners	Metal Parts	Garages	F	carportsnsheds.com	Q1	product_type	Medium	carportsnsheds.com			The image clearly shows a metal garage structure, making the question reasonable, the ground truth answer correct, and all distractors unrelated to the product shown.	
114	Based on this product image, what type of product is shown?	/mnt/nfs/zyxing/VLMEvalKit/Q1/q1_images/carportsnsheds.com/e18629_4a0f83eb8c474cea8ec09d09508d4112_mv2_295429e8d405.jpg	Wire Products	Garages	Laser Cut Parts	Heating And Ac Units	Banners	Taper Roller	B	carportsnsheds.com	Q1	product_type	Medium	carportsnsheds.com			The image clearly shows a large metal structure resembling a garage or storage building, making the question reasonable, the ground truth correct, and all other options unrelated to the product shown.	
115	Based on this product image, what type of product is shown?	/mnt/nfs/zyxing/VLMEvalKit/Q1/q1_images/carportsnsheds.com/e18629_ef77de7376354b48b81743f0feeb9913_mv2_9f638595078a.jpg	impellers	Garages	Prototypes	Banners	Laser Cut Parts	Shipping And Storage Containers	B	carportsnsheds.com	Q1	product_type	Medium	carportsnsheds.com			The image clearly shows a metal structure resembling a garage or carport, making the question reasonable, the ground truth correct, and all other options unrelated to the product shown.	
116	Based on this product image, what type of product is shown?	/mnt/nfs/zyxing/VLMEvalKit/Q1/q1_images/carportsnsheds.com/e18629_b83cb754858d4514bfd21549948cb26e_mv2_b742d106bd82.jpg	Fixtures	Garages	Heating And Ac Units	Wire Products	Couplers	Shipping And Storage Containers	B	carportsnsheds.com	Q1	product_type	Medium	carportsnsheds.com			The image shows a structure with multiple garage doors, making the question reasonable and the correct answer 'Garages,' while all other options do not fit the product shown.	
117	Based on this product image, what type of product is shown?	/mnt/nfs/zyxing/VLMEvalKit/Q1/q1_images/carportsnsheds.com/e18629_ed2c5a7ec3dd4a3085cb41ff54b709ca_mv2_2371da1973da.jpg	Shipping And Storage Containers	Heating And Ac Units	Banners	Garages	Wire Products	Fixtures	D	carportsnsheds.com	Q1	product_type	Medium	carportsnsheds.com			The image clearly shows a large metal building with garage doors, making the question reasonable, the ground truth answer correct, and all other options unrelated to the product shown.	
118	Based on this product image, what type of product is shown?	/mnt/nfs/zyxing/VLMEvalKit/Q1/q1_images/carportsnsheds.com/e18629_a87155aa5dde4b599664455ea297f8bd_mv2_baa0339f29dc.jpg	Machined Components	Metal Parts	Banners	Couplers	Fixtures	Garages	F	carportsnsheds.com	Q1	product_type	Medium	carportsnsheds.com			The image clearly shows a metal garage structure, making the question reasonable, the ground truth answer correct, and all distractors unrelated to the product shown.	
119	Based on this product image, what type of product is shown?	/mnt/nfs/zyxing/VLMEvalKit/Q1/q1_images/carportsnsheds.com/e18629_1ad764b05930486aa43d86279febf3b5_mv2_c9ba60ead63d.jpg	Boat Railings	Custom Machine Guards	Metal Fabrications	Decon Equipment	Taper Roller	Garages	F	carportsnsheds.com	Q1	product_type	Medium	carportsnsheds.com			The image clearly shows a metal building structure resembling a garage, making the question reasonable, the ground truth correct, and all distractors unrelated to the product shown.	
120	Based on this product image, what type of product is shown?	/mnt/nfs/zyxing/VLMEvalKit/Q1/q1_images/carportsnsheds.com/e18629_893ad97b1c2846ca842bef9ca9877721_mv2_2484a8426285.jpg	Valve Parts	Nuclear Valve Stems	Handrails	Displays	Ball Bearings	Garages	F	carportsnsheds.com	Q1	product_type	Medium	carportsnsheds.com			The image clearly shows a garage structure, making the question reasonable, the ground truth answer correct, and all other options unrelated to the product shown.	
121	Based on this product image, what type of product is shown?	/mnt/nfs/zyxing/VLMEvalKit/Q1/q1_images/carportsnsheds.com/e18629_d92b5f0065b946e1a01c6208dced7574_f619b9c6eaaf.jpg	Garages	Ball Bearings	Custom Enclosures	Wakeboard Towers	Taper Roller	Elevator Ceilings And Finishes	A	carportsnsheds.com	Q1	product_type	Medium	carportsnsheds.com			The image shows a large metal building consistent with garages or storage buildings, making the question reasonable, the ground truth correct, and the distractors unrelated to this type of structure.	
122	Based on this product image, what type of product is shown?	/mnt/nfs/zyxing/VLMEvalKit/Q1/q1_images/carportsnsheds.com/e18629_3c451acc19254a96908ae04786dfeaf0_295fd27fbdcf.jpg	Shipping And Storage Containers	Farm Storage Sheds	Stairs	Banners	Laser Cut Parts	Garages	F	carportsnsheds.com	Q1	product_type	Medium	carportsnsheds.com			The image clearly shows a garage building, making the question reasonable, the ground truth correct, and all distractors unrelated to the product shown.	
123	Based on this product image, what type of product is shown?	/mnt/nfs/zyxing/VLMEvalKit/Q1/q1_images/carportsnsheds.com/e18629_4f06437ba4d14976bfc1285d73c64dbf_40e5e39f552c.jpg	Valve Parts	Machined Components	Displays	Metal Parts	Banners	Garages	F	carportsnsheds.com	Q1	product_type	Medium	carportsnsheds.com			The image shows a metal structure resembling a garage or carport, making the question reasonable, the ground truth answer correct, and all distractors unrelated to the product shown.	
124	Based on this product image, what type of product is shown?	/mnt/nfs/zyxing/VLMEvalKit/Q1/q1_images/carpreco.com/E0DC8A67-DBAD-45D6-B49C-40F0B2FB4862_d6af168e2cde.jpeg	Production Parts	Awnings	Certified Cases For Battery Storage	Hydraulic Parts	Envelopes	Carts	D	carpreco.com	Q1	product_type	Medium	carpreco.com			The image shows metal parts with threading typical of hydraulic components, making the question reasonable, the ground truth correct, and the other options clearly unrelated.	
125	Based on this product image, what type of product is shown?	/mnt/nfs/zyxing/VLMEvalKit/Q1/q1_images/ccimachine.com/Dock_Alerts_edited_d3a6f6672fce.jpg	Transmition Parts	Safety Devices	Custom Tool Inventory Control Foam Inserts	Lifting Tackles	Stairs And Railings	Machine Parts	B	ccimachine.com	Q1	product_type	Medium	ccimachine.com			The image shows yellow safety barriers or guards, which align with safety devices, and none of the distractors match this product type.	
126	Based on this product image, what type of product is shown?	/mnt/nfs/zyxing/VLMEvalKit/Q1/q1_images/clarolux.com/BL20-Vulcan-Graphics-300x300_321a6b854473.png	Steel Edging	Planter And Bird Feeder Brackets	Above Ground Steel Storage Tanks	Awnings	Channel Letters	Light Fixtures	F	clarolux.com	Q1	product_type	Medium	clarolux.com			The image clearly shows a light fixture, making the question reasonable, the ground truth answer correct, and all other options unrelated to the product shown.	
127	Based on this product image, what type of product is shown?	/mnt/nfs/zyxing/VLMEvalKit/Q1/q1_images/clarolux.com/adjustable-gutter-mount-main2-min-300x300_2aa5b41f6570.jpg	Security Equipment	Light Fixtures	Aluminum Cases	Above Ground Steel Storage Tanks	Fitness Equipment	Insulation	B	clarolux.com	Q1	product_type	Medium	clarolux.com			The image shows a mounting bracket and fixture typical of outdoor lighting, making the question reasonable, the ground truth correct, and all distractors clearly unrelated to light fixtures.	
128	Based on this product image, what type of product is shown?	/mnt/nfs/zyxing/VLMEvalKit/Q1/q1_images/clarolux.com/TL32_Louver_Highlight_v4_jpg-300x300_baefa708508a.jpg	Light Fixtures	Channel Letters	Planter And Bird Feeder Brackets	Steel Edging	Flyers	Awnings	A	clarolux.com	Q1	product_type	Medium	clarolux.com			The image shows a light fixture with a honeycomb grid, making the question reasonable and the correct answer 'Light Fixtures,' while all other options are unrelated to the product shown.	
129	Based on this product image, what type of product is shown?	/mnt/nfs/zyxing/VLMEvalKit/Q1/q1_images/clarolux.com/TL32_ASM_v1_jpg-300x300_151ca78dc7d2.jpg	Valves	Aluminum Cases	Above Ground Steel Storage Tanks	Security Equipment	Motors	Light Fixtures	F	clarolux.com	Q1	product_type	Medium	clarolux.com			The image clearly shows a light fixture, making the question reasonable, the ground truth correct, and all distractors unrelated to lighting products.	
130	Based on this product image, what type of product is shown?	/mnt/nfs/zyxing/VLMEvalKit/Q1/q1_images/clarolux.com/MINIBEAM_400_d61471a14a34.png	Machined Parts	Light Fixtures	Business Cards	Fasteners	Valves	Steel Edging	B	clarolux.com	Q1	product_type	Medium	clarolux.com			The image shows a light fixture component, making the question reasonable, the ground truth answer correct, and all other options clearly unrelated.	
131	Based on this product image, what type of product is shown?	/mnt/nfs/zyxing/VLMEvalKit/Q1/q1_images/clarolux.com/bl11-visor-assembly-antique-brass-min_e909e58ce53e.jpg	Enclosures	Medical Devices	Light Fixtures	Replacement Parts	Connectors	Shafts	C	clarolux.com	Q1	product_type	Medium	clarolux.com			The product appears to be a light fixture component, making the question reasonable, the ground truth correct, and the other options unrelated to the product shown.	
132	Based on this product image, what type of product is shown?	/mnt/nfs/zyxing/VLMEvalKit/Q1/q1_images/clarolux.com/bi-pin-socket-clarolux-min_ffe0db8b8684.png	Medical Devices	Banners	Light Fixtures	Pumps	Windows	Pins	C	clarolux.com	Q1	product_type	Medium	clarolux.com			The image shows a lamp holder or socket component, which is related to light fixtures, making the question reasonable, the ground truth correct, and all other options clearly unrelated.	
133	Based on this product image, what type of product is shown?	/mnt/nfs/zyxing/VLMEvalKit/Q1/q1_images/clarolux.com/WFLJ5-Antique-Brass_f448cd5182ee.jpg	Stainless Steel	Aerospace Components	Fitness Equipment	Flyers	Gaskets	Light Fixtures	F	clarolux.com	Q1	product_type	Medium	clarolux.com			The image clearly shows a light fixture, making the question reasonable, the ground truth correct, and all other options unrelated to the product shown.	
134	Based on this product image, what type of product is shown?	/mnt/nfs/zyxing/VLMEvalKit/Q1/q1_images/clarolux.com/HL16-Antique-Brass-with-Shield_68eef7fb2b1f.jpg	Gearboxes	Steel Edging	Above Ground Steel Storage Tanks	Prototypes	Light Fixtures	Greenhouse Kits	E	clarolux.com	Q1	product_type	Medium	clarolux.com			The image clearly shows a light fixture, making the question reasonable, the ground truth answer correct, and all other options unrelated to the product shown.	
135	Based on this product image, what type of product is shown?	/mnt/nfs/zyxing/VLMEvalKit/Q1/q1_images/clarolux.com/wl6-leland-well-light-par36-clarolux-landscape-lighting-min_54b9ed189006.jpg	Brass	Light Fixtures	Pins	Plastics	Windows	Automotive Components	B	clarolux.com	Q1	product_type	Medium	clarolux.com			The image shows a recessed light fixture, making the question reasonable, the ground truth answer correct, and all other options unrelated to the product shown.	
136	Based on this product image, what type of product is shown?	/mnt/nfs/zyxing/VLMEvalKit/Q1/q1_images/clarolux.com/WL26-G-Antique-Brass_245635b6e84b.jpg	Connectors	Envelopes	Medical Devices	Hardware	Light Fixtures	Washers	E	clarolux.com	Q1	product_type	Medium	clarolux.com			The image shows a product that resembles an outdoor or recessed light fixture, making the question reasonable and the correct answer 'Light Fixtures' while all other options are unrelated to the product shown.	
137	Based on this product image, what type of product is shown?	/mnt/nfs/zyxing/VLMEvalKit/Q1/q1_images/clarolux.com/AL11-Copper-300x300_22a3b646f313.jpg	Aluminum Cases	Bumpers	Light Fixtures	Awnings	Firearms	Above Ground Steel Storage Tanks	C	clarolux.com	Q1	product_type	Medium	clarolux.com			The image clearly shows a light fixture, making the question reasonable, the ground truth correct, and all other options unrelated to the product shown.	
138	Based on this product image, what type of product is shown?	/mnt/nfs/zyxing/VLMEvalKit/Q1/q1_images/clarolux.com/TL24-Antique-Brass_67c4a661ef44.jpg	Hand Tools	Firearms	Prototypes	Fitness Equipment	Light Fixtures	Greenhouse Kits	E	clarolux.com	Q1	product_type	Medium	clarolux.com			The image shows a light fixture, making the question reasonable, the ground truth correct, and all other options unrelated to the product shown.	
139	Based on this product image, what type of product is shown?	/mnt/nfs/zyxing/VLMEvalKit/Q1/q1_images/clarolux.com/clarlux-directional-light-johnny-five-antique-brass-bi-pin_4592b2fc55ef.jpg	Gaskets	Aerospace Components	Valves	Fasteners	Structural Steel	Light Fixtures	F	clarolux.com	Q1	product_type	Medium	clarolux.com			The image clearly shows a light fixture, making the question reasonable, the ground truth answer correct, and all other options unrelated to the product shown.	
140	Based on this product image, what type of product is shown?	/mnt/nfs/zyxing/VLMEvalKit/Q1/q1_images/clarolux.com/wl16-rs-cotswold-mr16-well-light-clarolux-min_0538117e6313.png	Enclosures	Light Fixtures	Hardware	Replacement Parts	Washers	Shafts	B	clarolux.com	Q1	product_type	Medium	clarolux.com			The image shows a light fixture component, making the question reasonable, the ground truth correct, and all distractors unrelated to lighting products.	
141	Based on this product image, what type of product is shown?	/mnt/nfs/zyxing/VLMEvalKit/Q1/q1_images/clarolux.com/hl11-visor-assembly-mini-pendant-antique-brass-clarolux-min_90839c36a3a9.png	Enclosures	Replacement Parts	Hardware	Shafts	Connectors	Light Fixtures	F	clarolux.com	Q1	product_type	Medium	clarolux.com			The image shows a component that resembles a light fixture or part of one, making the question reasonable and the correct answer appropriate, while the other options do not fit the product's appearance or typical use.	
142	Based on this product image, what type of product is shown?	/mnt/nfs/zyxing/VLMEvalKit/Q1/q1_images/clarolux.com/ClaroLux-Website-Fixture_623f904a2274.png	Light Fixtures	Shafts	Washers	Structural Steel	Pumps	Hardware	A	clarolux.com	Q1	product_type	Medium	clarolux.com			The image clearly shows a light fixture component, making the question reasonable, the ground truth answer correct, and all other options unrelated to the product shown.	
143	Based on this product image, what type of product is shown?	/mnt/nfs/zyxing/VLMEvalKit/Q1/q1_images/clarolux.com/BL21-Antique-Brass_935129dad712.jpg	Enclosures	Washers	Replacement Parts	Posters	Pumps	Light Fixtures	F	clarolux.com	Q1	product_type	Medium	clarolux.com			The image shows a light fixture, making the question reasonable, the ground truth correct, and all other options unrelated to the product shown.	
144	Based on this product image, what type of product is shown?	/mnt/nfs/zyxing/VLMEvalKit/Q1/q1_images/clarolux.com/WL11-Antique-Brass_b460bf49eab4.jpg	Washers	Banners	Gears	Medical Devices	Light Fixtures	Windows	E	clarolux.com	Q1	product_type	Medium	clarolux.com			The image shows a light fixture component, making the question reasonable, the ground truth correct, and all other options unrelated to the product shown.	
145	Based on this product image, what type of product is shown?	/mnt/nfs/zyxing/VLMEvalKit/Q1/q1_images/clarolux.com/DL8-Antique-Brass_1f3bd8a18e1b.jpg	Valves	Stainless Steel	Fasteners	Light Fixtures	Assemblies	Machined Parts	D	clarolux.com	Q1	product_type	Medium	clarolux.com			The image shows a component that resembles a light fixture cover or shade, making the question reasonable and the correct answer D, while the other options do not fit the product's appearance or function.	
146	Based on this product image, what type of product is shown?	/mnt/nfs/zyxing/VLMEvalKit/Q1/q1_images/clarolux.com/wlc-fmb-III-flush-mount-well-light-cover_060e7255b3d6.png	Windows	Banners	Gears	Medical Devices	Pins	Light Fixtures	F	clarolux.com	Q1	product_type	Medium	clarolux.com			The image shows a component that resembles a part of a light fixture, making the question reasonable, the ground truth correct, and the other options unrelated to the product shown.	
147	Based on this product image, what type of product is shown?	/mnt/nfs/zyxing/VLMEvalKit/Q1/q1_images/clarolux.com/adjustable-gutter-mount-main-min_d1642c986f23.jpg	Light Fixtures	Pumps	Washers	Postcards	Shafts	Enclosures	A	clarolux.com	Q1	product_type	Medium	clarolux.com			The image clearly shows a mounted light fixture, making the question reasonable, the ground truth correct, and all other options unrelated to the product shown.	
148	Based on this product image, what type of product is shown?	/mnt/nfs/zyxing/VLMEvalKit/Q1/q1_images/clarolux.com/LightBars_nocord_17bcf9f58f78.jpg	Gaskets	Greenhouse Kits	Light Fixtures	Structural Steel	Fasteners	Valves	C	clarolux.com	Q1	product_type	Medium	clarolux.com			The image shows light fixtures and mounting brackets, making the question reasonable, the ground truth correct, and all other options unrelated to the product shown.	
149	Based on this product image, what type of product is shown?	/mnt/nfs/zyxing/VLMEvalKit/Q1/q1_images/clarolux.com/2WayMount_59d6816313bb.png	Automotive Parts	Gears	Medical Devices	Light Fixtures	Pins	Banners	D	clarolux.com	Q1	product_type	Medium	clarolux.com			The image shows a component that appears to be part of a lighting fixture suspension system, making the question reasonable, the ground truth correct, and the other options unrelated to this product.	
150	Based on this product image, what type of product is shown?	/mnt/nfs/zyxing/VLMEvalKit/Q1/q1_images/clarolux.com/tl24-extension-visor-main-min_3fa2aadbfbff.png	Medical Devices	Gears	Light Fixtures	Banners	Windows	Shafts	C	clarolux.com	Q1	product_type	Medium	clarolux.com			The image shows objects that resemble light fixtures, making the question reasonable, the ground truth correct, and all other options unrelated to the product shown.	
151	Based on this product image, what type of product is shown?	/mnt/nfs/zyxing/VLMEvalKit/Q1/q1_images/cmsmachineshop.com/6061_Aluminum_Hot_Plate_18d6009de96b.jpg	Backhoe Loader	Awnings	Custom Cnc Machined Parts	Hammers	impellers	Aircraft Seating	C	cmsmachineshop.com	Q1	product_type	Medium	cmsmachineshop.com			The image shows a precisely machined metal part consistent with custom CNC machined parts, making the question reasonable, the ground truth correct, and all other options unrelated to the product shown.	
152	Based on this product image, what type of product is shown?	/mnt/nfs/zyxing/VLMEvalKit/Q1/q1_images/cmsmachineshop.com/6061_Aluminum_and_Stainless_Steel_Pivot_Support_Assembly__Qu_ddee9c849de6.jpg	Custom Safety Guards	Screen Printing Mesh	Storage Equipment	Cabinets	Backhoe Loader	Custom Cnc Machined Parts	F	cmsmachineshop.com	Q1	product_type	Medium	cmsmachineshop.com			The image shows a precisely machined metal part consistent with custom CNC machined parts, making the question reasonable, the ground truth correct, and all other options unrelated to the product shown.	
153	Based on this product image, what type of product is shown?	/mnt/nfs/zyxing/VLMEvalKit/Q1/q1_images/cmsmachineshop.com/DSC00041_6fc0e2d65bef.jpg	Cabinets	Backhoe Loader	Steel Components	Custom Cnc Machined Parts	Aircraft Seating	Hardware	D	cmsmachineshop.com	Q1	product_type	Medium	cmsmachineshop.com			The image shows a precisely machined metal part consistent with custom CNC machined parts, making the question reasonable, the ground truth correct, and all other options clearly unrelated.	
154	Based on this product image, what type of product is shown?	/mnt/nfs/zyxing/VLMEvalKit/Q1/q1_images/cmsmachineshop.com/6061_Aluminum_Temperature_Probe_Handle_Attachment_1a70fa201617.jpg	Brochures	Postcards	Carts	Tubing	Custom Cnc Machined Parts	Awnings	E	cmsmachineshop.com	Q1	product_type	Medium	cmsmachineshop.com			The image shows a machined metal part consistent with custom CNC machining, making the question reasonable, the ground truth correct, and all other options unrelated to the product shown.	
155	Based on this product image, what type of product is shown?	/mnt/nfs/zyxing/VLMEvalKit/Q1/q1_images/cmsmachineshop.com/6061_Aluminum_Paraffin_Dispenser_Unit_with_Clear_Anodizing_45c867973cea.jpg	Repairs On Factory Machinery And Construction Equipment	Custom Cnc Machined Parts	Gaskets	Racks	Nuts	Hydraulic Tanks	B	cmsmachineshop.com	Q1	product_type	Medium	cmsmachineshop.com			The image shows a precisely machined metal part typical of custom CNC machining, making the question reasonable, the ground truth correct, and the other options unrelated to the product shown.	
156	Based on this product image, what type of product is shown?	/mnt/nfs/zyxing/VLMEvalKit/Q1/q1_images/cmsmachineshop.com/DSC00054_792c172cef0f.jpg	Screen Printing Mesh	Hand Tool Components	angle	Aircraft Seating	Custom Cnc Machined Parts	Extruder Packs	E	cmsmachineshop.com	Q1	product_type	Medium	cmsmachineshop.com			The image shows a precisely machined metal part consistent with custom CNC machined parts, making the question reasonable and the ground truth correct, while other options do not match the product type.	
157	Based on this product image, what type of product is shown?	/mnt/nfs/zyxing/VLMEvalKit/Q1/q1_images/cmsmachineshop.com/6061_Aluminum__HBE_Manifold_Block_.5_NPT_c8c5f755cffd.jpg	Custom Cnc Machined Parts	angle	A Variety Of Parts For Mfg	Aircraft Seating	ring gears	Hammers	A	cmsmachineshop.com	Q1	product_type	Medium	cmsmachineshop.com			The image shows a precisely machined metal part consistent with custom CNC machined parts, making the question reasonable, the ground truth correct, and the other options clearly unrelated.	
158	Based on this product image, what type of product is shown?	/mnt/nfs/zyxing/VLMEvalKit/Q1/q1_images/cmsmachineshop.com/304_Stainless_steel__Cast_Retort_Lid_with_Hinges_30a120fe9231.jpg	Backhoe Loader	Awnings	Custom Cnc Machined Parts	Extruder Packs	Cabinets	Screen Printing Mesh	C	cmsmachineshop.com	Q1	product_type	Medium	cmsmachineshop.com			The image shows a precisely machined metal part consistent with custom CNC machined parts, making the question reasonable, the ground truth correct, and all other options unrelated to the product shown.	
159	Based on this product image, what type of product is shown?	/mnt/nfs/zyxing/VLMEvalKit/Q1/q1_images/cmsmachineshop.com/6061_Aluminum_Machined_Counterweight_2_dbf3a283bbfe.jpg	Screen Printing Mesh	Custom Cnc Machined Parts	Hardware	ring gears	Steel Components	Aircraft Seating	B	cmsmachineshop.com	Q1	product_type	Medium	cmsmachineshop.com			The image shows a precisely machined metal part typical of custom CNC machining, making the question reasonable, the ground truth correct, and the other options unrelated or incorrect for this product.	
160	Based on this product image, what type of product is shown?	/mnt/nfs/zyxing/VLMEvalKit/Q1/q1_images/cmwglobal.com/122-circulator_c5b8ed4d7183.jpg	Heat Exchangers	Pressure Vessels	Gages	Tooling and Fixture	Spiral Bevel Gears	Custom Tooling Components	B	cmwglobal.com	Q1	product_type	Medium	cmwglobal.com			The image shows a large industrial component consistent with pressure vessels, making the question reasonable, the ground truth correct, and the other options unrelated to the product shown.	
161	Based on this product image, what type of product is shown?	/mnt/nfs/zyxing/VLMEvalKit/Q1/q1_images/cmwglobal.com/CMW-Global-81-1536x1025_3f391b57e2ea.jpg	Fuel Injectors	Heat Exchangers	Firearm Components	Surgical Tools	Repairs On Factory Machinery And Construction Equipment	Pressure Vessels	B;F	cmwglobal.com	Q1	product_type	Medium	cmwglobal.com			The image shows a metal component with welds and a pattern typical of heat exchangers or pressure vessels, making the question reasonable and the accepted answers correct, while the distractors do not match the product type.	
162	Based on this product image, what type of product is shown?	/mnt/nfs/zyxing/VLMEvalKit/Q1/q1_images/conceptframes.com/cq5dam.web.1280.1280_7f51af93f445.jpeg	Hollow Metal Frames And Doors	Robots	Trailer Components	Aluminum Docks	Cones,	Backhoe Loader	A	conceptframes.com	Q1	product_type	Medium	conceptframes.com			The image clearly shows a door, making the question reasonable and the correct answer related to hollow metal frames and doors, while all other options are unrelated to the product shown.	
163	Based on this product image, what type of product is shown?	/mnt/nfs/zyxing/VLMEvalKit/Q1/q1_images/conceptframes.com/cq5dam.zoom.2048.2048_c9a24419cbf8.jpeg	Wall Panels	Griddle Plates	Plastic Covers	Hollow Metal Frames And Doors	Ornamental Iron Railings	Specialty Metal parts	D	conceptframes.com	Q1	product_type	Medium	conceptframes.com			The image clearly shows stacked metal frames consistent with hollow metal frames and doors, making the question reasonable, the ground truth correct, and the distractors clearly incorrect.	
164	Based on this product image, what type of product is shown?	/mnt/nfs/zyxing/VLMEvalKit/Q1/q1_images/conceptframes.com/cq5dam.zoom.2048.2048_7b9d23bc21e0.jpeg	Plastic Covers	Cones,	Wall Panels	Hollow Metal Frames And Doors	Robots	Griddle Plates	D	conceptframes.com	Q1	product_type	Medium	conceptframes.com			The image clearly shows metal frames consistent with hollow metal frames and doors, making the question reasonable, the ground truth correct, and all other options unrelated to the product shown.	
165	Based on this product image, what type of product is shown?	/mnt/nfs/zyxing/VLMEvalKit/Q1/q1_images/conceptframes.com/cq5dam.web.1280.1280_36c4cb4a618c.jpeg	Griddle Plates	bearing	Plastic Covers	Hollow Metal Frames And Doors	Custom Tanks And Hoppers	shaft	D	conceptframes.com	Q1	product_type	Medium	conceptframes.com			The image shows a hollow metal frame, making the question reasonable, the ground truth correct, and all other options unrelated to the product shown.	
166	Based on this product image, what type of product is shown?	/mnt/nfs/zyxing/VLMEvalKit/Q1/q1_images/conceptframes.com/cq5dam.zoom.2048.2048_81d6f51af02c.jpeg	Robots	Hollow Metal Frames And Doors	Aluminum Docks	Ground Rods	Roofing	Hvac Duct Work	B	conceptframes.com	Q1	product_type	Medium	conceptframes.com			The image clearly shows metal frames and doors, making the question reasonable and the correct answer B, while all other options do not match the product shown.	
167	Based on this product image, what type of product is shown?	/mnt/nfs/zyxing/VLMEvalKit/Q1/q1_images/cpeakes.com/Stainless-Steel_b373d4596065.png	Fasteners	Turnstiles	Custom Tanks And Hoppers	Hinges	Awnings	Ground Rods	C	cpeakes.com	Q1	product_type	Medium	cpeakes.com			The image clearly shows a large industrial tank, making the question reasonable, the ground truth answer correct, and all other options unrelated to the product shown.	
168	Based on this product image, what type of product is shown?	/mnt/nfs/zyxing/VLMEvalKit/Q1/q1_images/cpeakes.com/slider-9_5d61ce901a0b.jpg	Backhoe Loader	Cones,	Commercial Security Equipment	Boat Tops And Towers	Custom Tanks And Hoppers	Robots	E	cpeakes.com	Q1	product_type	Medium	cpeakes.com			The image shows large metal fabricated structures consistent with custom tanks and hoppers, making the question reasonable, the ground truth correct, and the other options unrelated to the product shown.	
169	Based on this product image, what type of product is shown?	/mnt/nfs/zyxing/VLMEvalKit/Q1/q1_images/cpeakes.com/slider-7-1_6629aec0ce3f.jpg	Ornamental Iron Railings	Trailer Components	Steel Trusses	Cladding	Custom Tanks And Hoppers	Boat Tops And Towers	D;E	cpeakes.com	Q1	product_type	Medium	cpeakes.com			The image shows a metal structure that fits the descriptions of cladding and custom tanks and hoppers, while the other options do not match the product shown.	
170	Based on this product image, what type of product is shown?	/mnt/nfs/zyxing/VLMEvalKit/Q1/q1_images/crosstech.us/part-02-front-300x300_f72c0f061168.png	Tooling and Fixture	Wheels	Signs	Surgical Tools	Tubes	injection mold	A;F	crosstech.us	Q1	product_type	Medium	crosstech.us			The image shows a metal part consistent with tooling, fixture, or injection mold components, while wheels, signs, surgical tools, and tubes do not match the product shown.	
171	Based on this product image, what type of product is shown?	/mnt/nfs/zyxing/VLMEvalKit/Q1/q1_images/crosstech.us/part-04-side_8afe0ccf21dd.png	Tooling and Fixture	Cable Entry Seals And Shrinkable Products	Spiral Bevel Gears	Surgical Tools	Precise Weldments	Fixtures And Kits	A	crosstech.us	Q1	product_type	Medium	crosstech.us			The image shows a precision metal component likely used in tooling or fixtures, making the question reasonable, the ground truth correct, and the other options unrelated to the product shown.	
172	Based on this product image, what type of product is shown?	/mnt/nfs/zyxing/VLMEvalKit/Q1/q1_images/crosstech.us/part-01-front_ba57976559f9.png	presses	Repairs On Factory Machinery And Construction Equipment	Tooling and Fixture	Spiral Bevel Gears	Fuel Injectors	Insulation	C	crosstech.us	Q1	product_type	Medium	crosstech.us			The image shows a precision metal component consistent with tooling and fixtures, making the question reasonable and the ground truth correct, while other options do not match the product type.	
173	Based on this product image, what type of product is shown?	/mnt/nfs/zyxing/VLMEvalKit/Q1/q1_images/crosstech.us/part-01-hero_a9d2e1c31bee.png	Spiral Bevel Gears	Jigs And Fixtures	Gages	Tooling and Fixture	injection mold	Precise Weldments	D	crosstech.us	Q1	product_type	Medium	crosstech.us			The image shows a precision-machined component typical of tooling and fixtures, making the question reasonable, the ground truth correct, and the other options unrelated to this type of product.	
174	Based on this product image, what type of product is shown?	/mnt/nfs/zyxing/VLMEvalKit/Q1/q1_images/damcoinc.net/0735ef_1f115a58643c47b38b7de59a6e9e2bcb_5c6a24065d7e.jpg	Replacement Parts	Business Cards	Robots	Boat Tops And Towers	Cones,	Steel Trusses	A	damcoinc.net	Q1	product_type	Medium	damcoinc.net			The image shows a metal component likely used as a replacement part, making the question reasonable and the correct answer appropriate, while the distractors are unrelated to the product shown.	
175	Based on this product image, what type of product is shown?	/mnt/nfs/zyxing/VLMEvalKit/Q1/q1_images/dexcoinc.com/Dexco_Product-67_68a6f20a91cf.jpg	Wheel Loader	Gear Box Components	Component Parts	Fixtures	ring gears	Canopies	C	dexcoinc.com	Q1	product_type	Medium	dexcoinc.com			The image shows a metal frame likely used as a component part, making the question reasonable and the correct answer appropriate, while other options do not match the product type.	
176	Based on this product image, what type of product is shown?	/mnt/nfs/zyxing/VLMEvalKit/Q1/q1_images/dexcoinc.com/Dexco_Product-144_104bcb30bc87.jpg	Component Parts	Screen Printing Mesh	ring gears	Cabinets	Awnings	Toys	A	dexcoinc.com	Q1	product_type	Medium	dexcoinc.com			The image shows a metal part with drilled holes, fitting the category of component parts, while the other options do not match the product's appearance or function.	
177	Based on this product image, what type of product is shown?	/mnt/nfs/zyxing/VLMEvalKit/Q1/q1_images/dexcoinc.com/tumbled_aluminum_machined_simple_metal_part__cc6c1c07de97.jpg	Steel Components	Railroad Signaling Components	Aircraft Seating	Extruder Packs	Hardware	Component Parts	F	dexcoinc.com	Q1	product_type	Medium	dexcoinc.com			The image shows a machined metal part that fits the general category of component parts, while the other options are either too specific or unrelated to the visible product.	
178	Based on this product image, what type of product is shown?	/mnt/nfs/zyxing/VLMEvalKit/Q1/q1_images/dexcoinc.com/Dexco_Product-100_915103ab5705.jpg	Manifolds	Hammers	Nuclear Valve Stems	Aircraft Seating	Cones,	Component Parts	F	dexcoinc.com	Q1	product_type	Medium	dexcoinc.com			The image shows metallic cylindrical parts likely used as components, making the question reasonable, the ground truth correct, and the distractors unrelated to the product shown.	
179	Based on this product image, what type of product is shown?	/mnt/nfs/zyxing/VLMEvalKit/Q1/q1_images/dexcoinc.com/d7ffa3_bb1c777549204f0ea3c9a6ac25643970_mv2_c534f776913d.jpg	Aircraft Seating	A Variety Of Parts For Mfg	Hammers	angle	Hand Tool Components	Component Parts	F	dexcoinc.com	Q1	product_type	Medium	dexcoinc.com			The image shows a metal component part with various holes and cutouts, fitting the category of component parts rather than the other unrelated options.	
180	Based on this product image, what type of product is shown?	/mnt/nfs/zyxing/VLMEvalKit/Q1/q1_images/dexcoinc.com/Dexco_Product-105_ae8b5668132d.jpg	Aircraft Seating	Postcards	A Variety Of Parts For Mfg	angle	Component Parts	Hand Tool Components	E	dexcoinc.com	Q1	product_type	Medium	dexcoinc.com			The image shows metal parts likely used as components, making the question reasonable, the ground truth correct, and the distractors unrelated or incorrect.	
181	Based on this product image, what type of product is shown?	/mnt/nfs/zyxing/VLMEvalKit/Q1/q1_images/div-spec.com/es-synchronous-belt-profiles-400x196-1_a21dcc11591e.jpg	Tubing	Sprockets, Pulleys And Flanges	Carts	Flyers	Awnings	Repairs On Factory Machinery And Construction Equipment	B	div-spec.com	Q1	product_type	Medium	div-spec.com			The image clearly shows mechanical components like sprockets and pulleys, making the question reasonable, the ground truth correct, and all other options unrelated to the product shown.	
182	Based on this product image, what type of product is shown?	/mnt/nfs/zyxing/VLMEvalKit/Q1/q1_images/div-spec.com/Diversified-Specialties-QD-Sprockets_ddd337b50dd3.jpg	Cabinets	Cancer Diagnostic Equipment Parts	Screen Printing Mesh	Backhoe Loader	Sprockets, Pulleys And Flanges	Custom Safety Guards	E	div-spec.com	Q1	product_type	Medium	div-spec.com			The image clearly shows mechanical components resembling sprockets or pulleys, making the question reasonable, the ground truth correct, and all other options unrelated to the product shown.	
183	Based on this product image, what type of product is shown?	/mnt/nfs/zyxing/VLMEvalKit/Q1/q1_images/div-spec.com/d-specialties-v-belt-sheaves-400x196-1_406bf9d93476.jpg	Taper Roller	Hitches	Carts	Tubing	Awnings	Sprockets, Pulleys And Flanges	F	div-spec.com	Q1	product_type	Medium	div-spec.com			The image clearly shows mechanical components like pulleys and flanges, making the question reasonable, the ground truth correct, and the distractors unrelated to these parts.	
184	Based on this product image, what type of product is shown?	/mnt/nfs/zyxing/VLMEvalKit/Q1/q1_images/div-spec.com/Diversified-Specialties-PLATING_8220926dd958.jpg	Cladding	Screen Printing Mesh	Sprockets, Pulleys And Flanges	Dumpsters, Trailers, Repairs	Bins	Steel Concrete Block Pallets	C	div-spec.com	Q1	product_type	Medium	div-spec.com			The image clearly shows mechanical components like sprockets and pulleys, making the question reasonable, the ground truth correct, and all other options unrelated to the product shown.	
185	Based on this product image, what type of product is shown?	/mnt/nfs/zyxing/VLMEvalKit/Q1/q1_images/dexcoinc.com/Dexco_Product-172_2fe90538c4c7.jpg	Manifolds	Aircraft Seating	Component Parts	Backhoe Loader	Cones,	Hammers	C	dexcoinc.com	Q1	product_type	Medium	dexcoinc.com			The image shows a metal component part likely used in manufacturing, making the question reasonable, the ground truth correct, and the other options unrelated to the product shown.	
186	Based on this product image, what type of product is shown?	/mnt/nfs/zyxing/VLMEvalKit/Q1/q1_images/doortechllc.com/storm-window_2__316659a15cc2.png	Turnstiles	Storm Doors And Windows	Ground Rods	Mining Equipment Component Parts	Gaskets	Nozzles	B	doortechllc.com	Q1	product_type	Medium	doortechllc.com			The image clearly shows a window product, making the question reasonable, the ground truth answer correct, and all other options unrelated to windows or doors.	
187	Based on this product image, what type of product is shown?	/mnt/nfs/zyxing/VLMEvalKit/Q1/q1_images/doortechllc.com/1_4__1e9e1e43ebd0.png	Storm Doors And Windows	Custom Tanks And Hoppers	Fabricated Parts	Backhoe Loader	Firearms	Robots	A	doortechllc.com	Q1	product_type	Medium	doortechllc.com			The image clearly shows a window product suitable for storm doors and windows, making the question reasonable, the ground truth correct, and all other options unrelated to the product shown.	
188	Based on this product image, what type of product is shown?	/mnt/nfs/zyxing/VLMEvalKit/Q1/q1_images/douglasfab.com/Complex_HDPE_1bfc39ad0659.jpg	Fixtures And Kits	Aluminum Gangways	Channel Letters	Precision, High Performance Marine Boat Shaft Systems	Seats	Thermoformed Components	F	douglasfab.com	Q1	product_type	Medium	douglasfab.com			The image shows a molded plastic component consistent with thermoformed parts, making the question reasonable, the ground truth correct, and the other options unrelated to this product type.	
189	Based on this product image, what type of product is shown?	/mnt/nfs/zyxing/VLMEvalKit/Q1/q1_images/douglasfab.com/IMG_9101_2de657445a49.jpg	Friction Materials	Thermoformed Components	Repairs On Factory Machinery And Construction Equipment	Trailer Components	Spiral Bevel Gears	Aluminum Gangways	B	douglasfab.com	Q1	product_type	Medium	douglasfab.com			The image shows a molded plastic component consistent with thermoformed parts, making the question reasonable, the ground truth correct, and the other options unrelated to the product shown.	
190	Based on this product image, what type of product is shown?	/mnt/nfs/zyxing/VLMEvalKit/Q1/q1_images/douglasfab.com/IMG_9102_94bfd011214f.jpg	Friction Materials	Aluminum Gangways	Thermoformed Components	Banners	Fixtures And Kits	Spiral Bevel Gears	C	douglasfab.com	Q1	product_type	Medium	douglasfab.com			The image shows a molded plastic part consistent with thermoformed components, making the question reasonable, the ground truth correct, and all other options unrelated to the product shown.	
191	Based on this product image, what type of product is shown?	/mnt/nfs/zyxing/VLMEvalKit/Q1/q1_images/douglasfab.com/IMG_9100_fd871355f4ff.jpg	Thermoformed Components	Spiral Bevel Gears	Aluminum Gangways	Banners	Clutch Plates	Repairs On Factory Machinery And Construction Equipment	A	douglasfab.com	Q1	product_type	Medium	douglasfab.com			The image shows a molded plastic component consistent with thermoformed parts, making the question reasonable, the ground truth correct, and all other options unrelated to the product shown.	
192	Based on this product image, what type of product is shown?	/mnt/nfs/zyxing/VLMEvalKit/Q1/q1_images/douglasfab.com/IMG_9095_2e48b366c8a0.jpg	Lead Lined Doors And Frames	Thermoformed Components	Boat Railings	Fabricated Parts	Friction Materials	Cases For Outdoor Enthusiasts And Adventurers	B	douglasfab.com	Q1	product_type	Medium	douglasfab.com			The image shows a molded plastic component consistent with thermoformed parts, making the question reasonable, the ground truth correct, and the other options unrelated to the product shown.	
193	Based on this product image, what type of product is shown?	/mnt/nfs/zyxing/VLMEvalKit/Q1/q1_images/douglasfab.com/IMG_9094_d35b6ca14b83.jpg	Friction Materials	Thermoformed Components	Cases For Outdoor Enthusiasts And Adventurers	Repairs On Factory Machinery And Construction Equipment	Firearms	Aluminum Gangways	B	douglasfab.com	Q1	product_type	Medium	douglasfab.com			The image shows molded plastic parts consistent with thermoformed components, making the question reasonable, the ground truth correct, and the other options unrelated to the product shown.	
194	Based on this product image, what type of product is shown?	/mnt/nfs/zyxing/VLMEvalKit/Q1/q1_images/douglasfab.com/IMG_9039_c4b492cc243e.jpg	Steel Doors And Frames	Signage	Machined Components	portable displays	Custom Frames	Heavy Duty Doors And Frames	C	douglasfab.com	Q1	product_type	Medium	douglasfab.com			The image shows a machined metal component, making the question reasonable and the correct answer C, while all other options relate to unrelated product categories like doors, signage, or displays.	
195	Based on this product image, what type of product is shown?	/mnt/nfs/zyxing/VLMEvalKit/Q1/q1_images/douglasfab.com/IMG_9038_26e8f314d25e.jpg	Machined Components	Heavy Duty Doors And Frames	Surgical Mops	Elevator Ceilings And Finishes	Clutch Plates	Lead Lined Doors And Frames	A	douglasfab.com	Q1	product_type	Medium	douglasfab.com			The image shows precisely machined metal parts consistent with machined components, while the other options do not match the product type shown.	
196	Based on this product image, what type of product is shown?	/mnt/nfs/zyxing/VLMEvalKit/Q1/q1_images/douglasfab.com/Wheels_88a64d43e5b7.jpg	Clutch Plates	Boat Railings	Certified Cases For Battery Storage	Machined Components	Fabrication	Trailer Components	D	douglasfab.com	Q1	product_type	Medium	douglasfab.com			The image shows precisely machined metal parts, making the question reasonable and the correct answer 'Machined Components,' while the other options do not match the product shown.	
197	Based on this product image, what type of product is shown?	/mnt/nfs/zyxing/VLMEvalKit/Q1/q1_images/douglasfab.com/DSC_0089_1763dbf9b1e8.jpg	Boat Railings	Machined Components	Surgical Mops	Lead Lined Doors And Frames	Certified Cases For Battery Storage	portable displays	B	douglasfab.com	Q1	product_type	Medium	douglasfab.com			The image shows a precisely manufactured metal part consistent with machined components, making the question reasonable and the ground truth correct, while other options do not match the product type.	
198	Based on this product image, what type of product is shown?	/mnt/nfs/zyxing/VLMEvalKit/Q1/q1_images/douglasfab.com/DSC_0090_727b3fc2822b.jpg	Custom Frames	Heavy Duty Doors And Frames	Elevator Ceilings And Finishes	portable displays	Machined Components	Electrical Boxes	E	douglasfab.com	Q1	product_type	Medium	douglasfab.com			The image shows a precisely machined metal component, making the question reasonable and the correct answer 'Machined Components' while all other options do not match the product type.	
199	Based on this product image, what type of product is shown?	/mnt/nfs/zyxing/VLMEvalKit/Q1/q1_images/douglasfab.com/Slide_Handle_39eae60ad72a.jpg	Certified Cases For Battery Storage	Boat Railings	Machined Components	Clutch Plates	Fabrication	Trailer Components	C	douglasfab.com	Q1	product_type	Medium	douglasfab.com			The image shows a precisely machined metal component, making the question reasonable and the correct answer 'Machined Components' while the other options do not fit the product shown.	
200	Based on this product image, what type of product is shown?	/mnt/nfs/zyxing/VLMEvalKit/Q1/q1_images/douglasfab.com/Floor_Plate_Catch1_6c26626ef738.jpg	portable displays	Elevator Ceilings And Finishes	Surgical Mops	Awnings	Machined Components	Business Cards	E	douglasfab.com	Q1	product_type	Medium	douglasfab.com			The image shows metal parts that are clearly machined components, making the question reasonable, the ground truth correct, and all other options unrelated to the product shown.	
201	Based on this product image, what type of product is shown?	/mnt/nfs/zyxing/VLMEvalKit/Q1/q1_images/douglasfab.com/Tray_Prototype_2_40ed970de6a4.jpg	Thermoformed Components	Aluminum Wheels	Aluminum Marine Structures	Spiral Bevel Gears	Aluminum Gangways	Banners	A	douglasfab.com	Q1	product_type	Medium	douglasfab.com			The image shows a molded plastic tray, which fits the category of thermoformed components, while the other options are unrelated to this type of product.	
202	Based on this product image, what type of product is shown?	/mnt/nfs/zyxing/VLMEvalKit/Q1/q1_images/douglasfab.com/Bent_metal_form_5a82c18253d8.jpg	Elevator Ceilings And Finishes	portable displays	Proprietary Components	Machined Components	Vinyl Graphics	Awnings	D	douglasfab.com	Q1	product_type	Medium	douglasfab.com			The image shows a metal component likely machined or fabricated, making the question reasonable and the correct answer 'Machined Components' while other options do not fit the product type.	
203	Based on this product image, what type of product is shown?	/mnt/nfs/zyxing/VLMEvalKit/Q1/q1_images/easinc.net/41cf0e_56477dd98f29496b8e84beecae2976a0_mv2_e722b7d6c690.jpg	Electrical Boxes	Custom Air Handling Units	Fuel Injectors	Surgical Mops	Mechanical Guarding	Surgical Tools	B	easinc.net	Q1	product_type	Medium	easinc.net			The image shows industrial piping and components consistent with custom air handling units, making the question reasonable, the ground truth correct, and all other options unrelated to the product shown.	
204	Based on this product image, what type of product is shown?	/mnt/nfs/zyxing/VLMEvalKit/Q1/q1_images/easinc.net/1_JPG_5ab825adc2df.jpg	Valves	Fasteners	Fuel Injectors	Brackets	Surgical Mops	Custom Air Handling Units	F	easinc.net	Q1	product_type	Medium	easinc.net			The image shows large industrial units with piping and control panels consistent with custom air handling units, making the question reasonable, the ground truth correct, and the distractors clearly unrelated.	
205	Based on this product image, what type of product is shown?	/mnt/nfs/zyxing/VLMEvalKit/Q1/q1_images/easinc.net/41cf0e_e5929c1e592140bb91eaab0865f62e6e_mv2_62e021df9a0e.jpg	Assemblies	Lead Lined Doors And Frames	Cancer Diagnostic Equipment Parts	Custom Air Handling Units	Surgical Mops	Turbocharger Components	D	easinc.net	Q1	product_type	Medium	easinc.net			The image shows a large industrial unit consistent with custom air handling units, making the question reasonable, the ground truth correct, and the other options unrelated to the product shown.	
206	Based on this product image, what type of product is shown?	/mnt/nfs/zyxing/VLMEvalKit/Q1/q1_images/easinc.net/144378b0-9289-4fbe-87bb-7fd5b2d9d30a_cde51f1433be.jpg	Surgical Mops	Accessories	Custom Air Handling Units	Assemblies	Lead Lined Doors And Frames	Fuel Injectors	C	easinc.net	Q1	product_type	Medium	easinc.net			The image shows a large industrial HVAC unit consistent with custom air handling units, making the question reasonable, the ground truth correct, and all other options unrelated to the product shown.	
207	Based on this product image, what type of product is shown?	/mnt/nfs/zyxing/VLMEvalKit/Q1/q1_images/easinc.net/GSK_BioPharm__8bdde90d18a2.jpg	Turbocharger Components	Lead Lined Doors And Frames	Custom Air Handling Units	Assemblies	Surgical Mops	Accessories	C	easinc.net	Q1	product_type	Medium	easinc.net			The image clearly shows a large industrial air handling unit, making the question reasonable, the ground truth correct, and all other options unrelated to the product shown.	
208	Based on this product image, what type of product is shown?	/mnt/nfs/zyxing/VLMEvalKit/Q1/q1_images/easinc.net/00EA8D95-D761-45E9-9937-C17A16C924A8__1__edited_b049959218df.jpg	Custom Air Handling Units	Gaskets	Brackets	Stainless Steel	Aerospace Components	Surgical Mops	A	easinc.net	Q1	product_type	Medium	easinc.net			The image shows a large industrial unit with ductwork and components typical of custom air handling units, making the question reasonable, the ground truth correct, and the other options unrelated to the product shown.	
209	Based on this product image, what type of product is shown?	/mnt/nfs/zyxing/VLMEvalKit/Q1/q1_images/easinc.net/41cf0e_c6561d8d821b4df8be86f61704dfdd8f_mv2_36604471007b.jpg	Surgical Mops	Valves	Custom Air Handling Units	Fuel Injectors	Lead Lined Doors And Frames	Fasteners	C	easinc.net	Q1	product_type	Medium	easinc.net			The image shows a large industrial metal unit consistent with custom air handling units, making the question reasonable, the ground truth correct, and all other options unrelated to the product shown.	
210	Based on this product image, what type of product is shown?	/mnt/nfs/zyxing/VLMEvalKit/Q1/q1_images/easinc.net/1__1__3b45c821d708.jpg	Fuel Injectors	Surgical Mops	Proprietary Components	Surgical Tools	Turbocharger Components	Custom Air Handling Units	F	easinc.net	Q1	product_type	Medium	easinc.net			The image shows a large industrial unit consistent with custom air handling units, making the question reasonable, the ground truth correct, and all other options unrelated to the product shown.	
211	Based on this product image, what type of product is shown?	/mnt/nfs/zyxing/VLMEvalKit/Q1/q1_images/eddiekanesteel.com/IMG_1112_JPG_e25c0a3cdbf6.jpg	Griddle Plates	Hollow Metal Frames And Doors	Plastic Covers	Wall Panels	Backhoe Loader	Ornamental Iron Railings	A	eddiekanesteel.com	Q1	product_type	Medium	eddiekanesteel.com			The image shows a metal plate consistent with a griddle plate, making the question reasonable, the ground truth answer correct, and all other options unrelated to the product shown.	
212	Based on this product image, what type of product is shown?	/mnt/nfs/zyxing/VLMEvalKit/Q1/q1_images/elitecustomcoatings.com/sandblasted-and-coated-scroll-detail_e1b74ab09e94.jpg	Retro-Fit Vehicle Kits	Powder Coat And Wet Coat Finishes	Compactors	Diesel Fuel System Aftermarket Parts	Boat Tops And Towers	Decon Equipment	B	elitecustomcoatings.com	Q1	product_type	Medium	elitecustomcoatings.com			The image shows a coated metal railing consistent with powder or wet coat finishes, making the question reasonable, the ground truth correct, and the other options unrelated to the product shown.	
213	Based on this product image, what type of product is shown?	/mnt/nfs/zyxing/VLMEvalKit/Q1/q1_images/emsco-nc.com/mounting-kit-example-2_ae3b03e2c1aa.jpg	Couplers	Garages	Stamping	Stairs	Signs	Nuclear Valve Stems	A	emsco-nc.com	Q1	product_type	Medium	emsco-nc.com			The image shows a mechanical component consistent with a coupler, making the question reasonable, the ground truth correct, and all other options unrelated to the product shown.	
214	Based on this product image, what type of product is shown?	/mnt/nfs/zyxing/VLMEvalKit/Q1/q1_images/emsco-nc.com/retrolok-4_46a277e30594.jpg	Adhesives	Couplers	Storage Equipment	Decorative Wrought Iron	Steel Edging	Taper Roller	B	emsco-nc.com	Q1	product_type	Medium	emsco-nc.com			The image shows a mechanical component that fits the description of a coupler, and the other options do not match the product's appearance or function.	
215	Based on this product image, what type of product is shown?	/mnt/nfs/zyxing/VLMEvalKit/Q1/q1_images/emsco-nc.com/DSCN0129-1_77e35e8d839b.jpg	Metal Buildings	Couplers	Storage Equipment	Industrial Machinery	Containers	Cabinets	B	emsco-nc.com	Q1	product_type	Medium	emsco-nc.com			The image shows a metal component that resembles a coupler, making the question reasonable and the ground truth correct, while other options like buildings or cabinets do not fit the product shown.	
216	Based on this product image, what type of product is shown?	/mnt/nfs/zyxing/VLMEvalKit/Q1/q1_images/emsco-nc.com/DSCN0072-1_aad931a8676b.jpg	Boat Railings	Decon Equipment	Custom Fabrication Pieces	Couplers	Platforms,	Custom Fabricated Parts	D	emsco-nc.com	Q1	product_type	Medium	emsco-nc.com			The image shows a mechanical part that resembles a coupler, making the question reasonable and the ground truth correct, while other options do not match the product type shown.	
217	Based on this product image, what type of product is shown?	/mnt/nfs/zyxing/VLMEvalKit/Q1/q1_images/emsco-nc.com/stem-extension-4-1024x1024_cf94cb3fc1fd.jpg	Couplers	Taper Roller	Ball Bearings	Wakeboard Towers	Custom Enclosures	Elevator Ceilings And Finishes	A	emsco-nc.com	Q1	product_type	Medium	emsco-nc.com			The image shows a mechanical component that resembles a coupler, making the question reasonable and the correct answer appropriate, while the other options are unrelated to the product shown.	
218	Based on this product image, what type of product is shown?	/mnt/nfs/zyxing/VLMEvalKit/Q1/q1_images/emsco-nc.com/stem-extension-2-1024x1024_2fa0c7ef87c8.jpg	Garages	Banners	Laser Cut Parts	Couplers	Decon Equipment	Farm Storage Sheds	D	emsco-nc.com	Q1	product_type	Medium	emsco-nc.com			The image shows a mechanical component consistent with a coupler, making the question reasonable and the ground truth correct, while all other options are unrelated to the product shown.	
219	Based on this product image, what type of product is shown?	/mnt/nfs/zyxing/VLMEvalKit/Q1/q1_images/emsco-nc.com/stem-extension-7-1024x809_3981259987ec.jpg	Banners	Prototypes	Farm Storage Sheds	Stamping	Stairs	Couplers	F	emsco-nc.com	Q1	product_type	Medium	emsco-nc.com			The image shows industrial pipe-like components consistent with couplers, making the question reasonable, the ground truth correct, and all other options unrelated to the product shown.	
220	Based on this product image, what type of product is shown?	/mnt/nfs/zyxing/VLMEvalKit/Q1/q1_images/emsco-nc.com/mounting-kits-square-services2_a023378195d3.jpg	Filters	Surface Grinders	Compactors	Taper Roller	Stainless Steel Brackets	Cabinets	E	emsco-nc.com	Q1	product_type	Medium	emsco-nc.com			The image shows metal brackets, making the question reasonable, the ground truth correct, and all other options unrelated to the product shown.	
221	Based on this product image, what type of product is shown?	/mnt/nfs/zyxing/VLMEvalKit/Q1/q1_images/emsco-nc.com/tandem-linkage-services_b2aba7321130.jpg	Boat Railings	Stainless Steel Brackets	Decon Equipment	Couplers	Compactors	Nuclear Valve Stems	B;D	emsco-nc.com	Q1	product_type	Medium	emsco-nc.com			The image shows a metal component consistent with stainless steel brackets or couplers, making the question reasonable and the accepted answers correct, while the distractors do not match the product shown.	
222	Based on this product image, what type of product is shown?	/mnt/nfs/zyxing/VLMEvalKit/Q1/q1_images/emsco-nc.com/Mounting-kit-8-1024x911_95ae83db8bf4.jpg	Stairs	Couplers	Stainless Steel Brackets	Compactors	Tables	Cabinets	B;C	emsco-nc.com	Q1	product_type	Medium	emsco-nc.com			The question is reasonable for identifying the product type, the accepted answers (couplers and stainless steel brackets) fit the image, and the distractors (stairs, compactors, tables, cabinets) do not match the product shown.	
223	Based on this product image, what type of product is shown?	/mnt/nfs/zyxing/VLMEvalKit/Q1/q1_images/emsco-nc.com/DSCN0099-2_d5c0b5525179.jpg	Laser Cut Parts	Farm Storage Sheds	Stainless Steel Brackets	Wire Products	Shipping And Storage Containers	Heating And Ac Units	C	emsco-nc.com	Q1	product_type	Medium	emsco-nc.com			The image clearly shows metal brackets, making the question reasonable and the correct answer stainless steel brackets, while all other options are unrelated to the product shown.	
224	Based on this product image, what type of product is shown?	/mnt/nfs/zyxing/VLMEvalKit/Q1/q1_images/enewton.com/frames_300x300_4fb30ea853ef.jpg	Connectors	Racks And Enclosures	bushing	Hitches	Soft Gel Vitamin Pumps And Tooling	Frames	B;F	enewton.com	Q1	product_type	Medium	enewton.com			The image shows a server frame which fits both 'Racks And Enclosures' and 'Frames' categories, while the other options are unrelated to this product type.	
225	Based on this product image, what type of product is shown?	/mnt/nfs/zyxing/VLMEvalKit/Q1/q1_images/enewton.com/securityCage_300x300_0ad874aae20b.jpg	Customer Contract Parts	Frames	Hitches	Defense Components	bushing	Racks And Enclosures	F	enewton.com	Q1	product_type	Medium	enewton.com			The image shows perforated metal panels typical of racks and enclosures, making the question reasonable, the ground truth correct, and the distractors unrelated to this product type.	
226	Based on this product image, what type of product is shown?	/mnt/nfs/zyxing/VLMEvalKit/Q1/q1_images/enewton.com/2245420045_cover_817d169a51e1.jpg	Toys	Varous Machined Parts	Hydraulic Tanks	Machined Components	Racks And Enclosures	Power Protection Devices	E	enewton.com	Q1	product_type	Medium	enewton.com			The image clearly shows a metal rack or enclosure, making the question reasonable, the ground truth answer correct, and all other options unrelated to the product shown.	
227	Based on this product image, what type of product is shown?	/mnt/nfs/zyxing/VLMEvalKit/Q1/q1_images/emsco-nc.com/DSCN0096-1_918df2d56fcc.jpg	Compactors	Cabinets	Metal Buildings	Garages	Couplers	Stairs	E	emsco-nc.com	Q1	product_type	Medium	emsco-nc.com			The image shows a metal mechanical component consistent with a coupler, making the question reasonable and the ground truth correct, while all other options are unrelated to the product shown.	
228	Based on this product image, what type of product is shown?	/mnt/nfs/zyxing/VLMEvalKit/Q1/q1_images/fcc-na.com/section04_img03_2a96e87d5033.png	Differential Assemblies	Gaskets	Friction Materials	Clutch Plates	And Friction Plates	Polyethylene Septic Tanks	D;E	fcc-na.com	Q1	product_type	Medium	fcc-na.com			The image shows clutch and friction plates, making the question reasonable, the accepted answers correct, and the distractors clearly unrelated to the product shown.	
229	Based on this product image, what type of product is shown?	/mnt/nfs/zyxing/VLMEvalKit/Q1/q1_images/fcc-na.com/section02_img01-1-1_8cd5991f5b9f.png	Hand Tools	Axle Housings	And Friction Plates	Aftermarket Parts	Cable Entry Seals And Shrinkable Products	Clutch Plates	F	fcc-na.com	Q1	product_type	Medium	fcc-na.com			The image clearly shows a clutch plate, making the question reasonable, the ground truth answer correct, and all other options unrelated to the product shown.	
230	Based on this product image, what type of product is shown?	/mnt/nfs/zyxing/VLMEvalKit/Q1/q1_images/fcc-na.com/section02_img02-1-1_47d0d22a43d3.png	Custom Tooling Components	Cable Entry Seals And Shrinkable Products	Axle Housings	And Friction Plates	Hand Tools	Clutch Plates	F;D	fcc-na.com	Q1	product_type	Medium	fcc-na.com			The image shows clutch and friction plates, making the question reasonable, the accepted answers correct, and the distractors clearly incorrect for this product.	
231	Based on this product image, what type of product is shown?	/mnt/nfs/zyxing/VLMEvalKit/Q1/q1_images/fcc-na.com/section01_img03-1-1_f27924f8a74d.png	Component Parts	Cable Entry Seals And Shrinkable Products	Powder Coat & Media Blast	Differential Assemblies	Large Water Purification Systems	Decorative Chrome Plating	D	fcc-na.com	Q1	product_type	Medium	fcc-na.com			The image clearly shows a mechanical differential assembly, making the question reasonable, the ground truth correct, and all other options unrelated to this product.	
232	Based on this product image, what type of product is shown?	/mnt/nfs/zyxing/VLMEvalKit/Q1/q1_images/fcc-na.com/section01_img06_3b3a9c2adcb8.png	Aftermarket Parts	Custom Packaging Using Transport Style Cases	Greenhouse Kits	Cable Entry Seals And Shrinkable Products	Differential Assemblies	Rivet	E	fcc-na.com	Q1	product_type	Medium	fcc-na.com			The image shows a mechanical component consistent with a differential assembly, making the question reasonable, the ground truth correct, and the other options unrelated to this type of product.	
233	Based on this product image, what type of product is shown?	/mnt/nfs/zyxing/VLMEvalKit/Q1/q1_images/fcc-na.com/section03_img03_cafe306a0db6.png	Friction Materials	Chutes	And Friction Plates	Brackets	Clutch Plates	Sheet Metal	A;C;E	fcc-na.com	Q1	product_type	Medium	fcc-na.com			The image shows clutch or friction plates, making the question reasonable and the accepted answers correct, while the distractors do not match the product type.	
234	Based on this product image, what type of product is shown?	/mnt/nfs/zyxing/VLMEvalKit/Q1/q1_images/fcc-na.com/section01_img05-1_19ba772ebce0.png	And Friction Plates	Friction Materials	Above Ground Steel Storage Tanks	Racks	Soft Gel Vitamin Pumps And Tooling	Clutch Plates	F;A	fcc-na.com	Q1	product_type	Medium	fcc-na.com			The image shows clutch plates, making the question reasonable and the accepted answers correct, while the distractors are unrelated to the product shown.	
235	Based on this product image, what type of product is shown?	/mnt/nfs/zyxing/VLMEvalKit/Q1/q1_images/frankdoor.com/Small_Cold_Storage_Swing_Door_85146ccd6cec.jpg	Containers	Armor Cabs	Carts	Remanufactured Heavy Truck Clutch Bodies	injection mold	Freezer & Cooler Doors	F	frankdoor.com	Q1	product_type	Medium	frankdoor.com			The image clearly shows a door typical of freezers or coolers, making the question reasonable, the ground truth answer correct, and all other options unrelated to the product shown.	
236	Based on this product image, what type of product is shown?	/mnt/nfs/zyxing/VLMEvalKit/Q1/q1_images/frankdoor.com/Bi-part_Manual_Image_d51a1d419807.jpg	Griddle Plates	Elevator Weights,	Hot Oil Filtration Housings	Envelopes	Freezer & Cooler Doors	Soft Gel Vitamin Pumps And Tooling	E	frankdoor.com	Q1	product_type	Medium	frankdoor.com			The image clearly shows industrial double doors typical of freezer and cooler environments, making the question reasonable, the ground truth correct, and all other options unrelated to the product shown.	
237	Based on this product image, what type of product is shown?	/mnt/nfs/zyxing/VLMEvalKit/Q1/q1_images/frankdoor.com/IMG_0257_2eeb55fd93ad.jpg	Anti-Ram Vehicle Barriers	Power Enclosures	Turnstiles	Trailers, Surveillance Systems, Integrated Systems	Freezer & Cooler Doors	Custom Filtration Systems	E	frankdoor.com	Q1	product_type	Medium	frankdoor.com			The image clearly shows large insulated doors typical of freezer and cooler environments, making the question reasonable, the ground truth correct, and the other options unrelated to this product type.	
238	Based on this product image, what type of product is shown?	/mnt/nfs/zyxing/VLMEvalKit/Q1/q1_images/frankdoor.com/wicket-banner-3_88c9c3c49af3.jpg	Detention Furniture	Racks	Turnstiles	Anti-Ram Vehicle Barriers	Freezer & Cooler Doors	Trailers, Surveillance Systems, Integrated Systems	E	frankdoor.com	Q1	product_type	Medium	frankdoor.com			The image clearly shows insulated doors typical of freezers or coolers, making the question reasonable, the ground truth correct, and the other options unrelated to this product type.	
239	Based on this product image, what type of product is shown?	/mnt/nfs/zyxing/VLMEvalKit/Q1/q1_images/frankdoor.com/John_Simpson_Pictures_067_d1a9357d02f5.jpg	Freezer & Cooler Doors	Miscellaneous Steel	Trailers, Surveillance Systems, Integrated Systems	Armor Cabs	Detention Furniture	Containers	A	frankdoor.com	Q1	product_type	Medium	frankdoor.com			The image shows a sectional door typical of freezer or cooler doors, making the question reasonable, the ground truth correct, and the other options unrelated to the product shown.	
240	Based on this product image, what type of product is shown?	/mnt/nfs/zyxing/VLMEvalKit/Q1/q1_images/frankdoor.com/P1000479_e6b58fb2a5f6.jpg	Griddle Plates	Sanitary Equipment	Freezer & Cooler Doors	Cancer Diagnostic Equipment Parts	Nascar Transmission Complete All Parts & Shifter	Brackets	C	frankdoor.com	Q1	product_type	Medium	frankdoor.com			The image clearly shows sliding insulated doors typical of freezer and cooler units, making the question reasonable, the ground truth correct, and all other options unrelated to the product shown.	
241	Based on this product image, what type of product is shown?	/mnt/nfs/zyxing/VLMEvalKit/Q1/q1_images/frankdoor.com/IMG_0114_2_432b7c010d28.jpg	Nuts	Freezer & Cooler Doors	Anti-Ram Vehicle Barriers	Trailers, Surveillance Systems, Integrated Systems	Turnstiles	Miscellaneous Steel	B	frankdoor.com	Q1	product_type	Medium	frankdoor.com			The image clearly shows a large insulated door typical of freezer and cooler rooms, making the question reasonable, the ground truth correct, and the other options unrelated to the product shown.	
242	Based on this product image, what type of product is shown?	/mnt/nfs/zyxing/VLMEvalKit/Q1/q1_images/frankdoor.com/Energy_saver_Photo_713799db18d4.jpg	Tooling and Fixture	Freezer & Cooler Doors	Firearm Components	Cable Entry Seals And Shrinkable Products	Loss Prevention Products	Various Parts	B	frankdoor.com	Q1	product_type	Medium	frankdoor.com			The image clearly shows a heavy-duty insulated door typical of freezer and cooler applications, making the question reasonable, the ground truth correct, and all other options unrelated to the product shown.	
243	Based on this product image, what type of product is shown?	/mnt/nfs/zyxing/VLMEvalKit/Q1/q1_images/frankdoor.com/CS3_da6e8bc31f63.jpg	Freezer & Cooler Doors	Carts	Turnstiles	Firearm Components	injection mold	Remanufactured Heavy Truck Clutch Bodies	A	frankdoor.com	Q1	product_type	Medium	frankdoor.com			The image clearly shows a set of insulated doors typical for freezers or coolers, making the question reasonable, the ground truth answer correct, and all other options unrelated to the product shown.	
244	Based on this product image, what type of product is shown?	/mnt/nfs/zyxing/VLMEvalKit/Q1/q1_images/frankdoor.com/2013-12-05_14-23-04_824_789920a43f1d.jpg	Freezer & Cooler Doors	Anti-Ram Vehicle Barriers	Soft Gel Vitamin Pumps And Tooling	Trailers, Surveillance Systems, Integrated Systems	Turnstiles	Miscellaneous Steel	A	frankdoor.com	Q1	product_type	Medium	frankdoor.com			The image clearly shows a heavy-duty insulated door typical of freezer and cooler rooms, making the question reasonable, the ground truth correct, and all other options unrelated to this product.	
245	Based on this product image, what type of product is shown?	/mnt/nfs/zyxing/VLMEvalKit/Q1/q1_images/frankdoor.com/photo_copy_15_5d5cfe1564d1.jpg	Anti-Ram Vehicle Barriers	Custom Filtration Systems	Miscellaneous Steel	Turnstiles	Freezer & Cooler Doors	Power Enclosures	E	frankdoor.com	Q1	product_type	Medium	frankdoor.com			The image clearly shows a door designed for freezer or cooler use, making the question reasonable, the ground truth correct, and all distractors unrelated to this type of product.	
246	Based on this product image, what type of product is shown?	/mnt/nfs/zyxing/VLMEvalKit/Q1/q1_images/frankdoor.com/Good_Slider_a_c3619667ce46.jpg	Freezer & Cooler Doors	Toys	Detention Furniture	Trailers, Surveillance Systems, Integrated Systems	Containers	Armor Cabs	A	frankdoor.com	Q1	product_type	Medium	frankdoor.com			The image clearly shows a heavy-duty insulated door typical of freezer and cooler environments, making the question reasonable, the ground truth correct, and all other options unrelated to this product.	
247	Based on this product image, what type of product is shown?	/mnt/nfs/zyxing/VLMEvalKit/Q1/q1_images/frankdoor.com/IMG_2888_9d0726eb5a76.jpg	Detention Furniture	Freezer & Cooler Doors	Trailers, Surveillance Systems, Integrated Systems	Armor Cabs	Containers	Miscellaneous Steel	B	frankdoor.com	Q1	product_type	Medium	frankdoor.com			The image clearly shows a heavy-duty insulated door typical of freezer and cooler environments, making the question reasonable, the ground truth correct, and the distractors unrelated to this product type.	
248	Based on this product image, what type of product is shown?	/mnt/nfs/zyxing/VLMEvalKit/Q1/q1_images/frankdoor.com/double_swing_469b6ebc27a7.jpg	Tooling and Fixture	Large Water Purification Systems	Compactors	Freezer & Cooler Doors	Metal Railings	Various Parts	D	frankdoor.com	Q1	product_type	Medium	frankdoor.com			The image clearly shows a pair of industrial freezer or cooler doors, making the question reasonable, the ground truth answer correct, and all other options unrelated to the product shown.	
249	Based on this product image, what type of product is shown?	/mnt/nfs/zyxing/VLMEvalKit/Q1/q1_images/frankdoor.com/Copy_of_IMG_0029_6a89720e62a2.jpg	Freezer & Cooler Doors	Detention Furniture	Containers	Power Enclosures	Turnstiles	Trailers, Surveillance Systems, Integrated Systems	A	frankdoor.com	Q1	product_type	Medium	frankdoor.com			The image clearly shows a large insulated door typical of freezer or cooler rooms, making the question reasonable, the ground truth answer correct, and all other options unrelated to this product.	
250	Based on this product image, what type of product is shown?	/mnt/nfs/zyxing/VLMEvalKit/Q1/q1_images/frankdoor.com/Traditonal_infit_cold_storage_door_09f3239a459b.jpg	Freezer & Cooler Doors	Toys	Detention Furniture	Containers	Miscellaneous Steel	Trailers, Surveillance Systems, Integrated Systems	A	frankdoor.com	Q1	product_type	Medium	frankdoor.com			The image shows a heavy-duty insulated door typical of freezer or cooler units, making the question reasonable, the ground truth answer correct, and all other options unrelated to this product type.	
251	Based on this product image, what type of product is shown?	/mnt/nfs/zyxing/VLMEvalKit/Q1/q1_images/frankdoor.com/Chicago_Trip_006_ff86cdc2d33b.jpg	Turnstiles	Trailers, Surveillance Systems, Integrated Systems	Detention Furniture	Power Enclosures	Containers	Freezer & Cooler Doors	F	frankdoor.com	Q1	product_type	Medium	frankdoor.com			The image clearly shows a large insulated sliding door typical of freezer and cooler rooms, making the question reasonable, the ground truth correct, and the distractors unrelated to this type of product.	
252	Based on this product image, what type of product is shown?	/mnt/nfs/zyxing/VLMEvalKit/Q1/q1_images/frankdoor.com/IMG_0110_0cd346b9fa64.jpg	Detention Furniture	Containers	Freezer & Cooler Doors	injection mold	Remanufactured Heavy Truck Clutch Bodies	Armor Cabs	C	frankdoor.com	Q1	product_type	Medium	frankdoor.com			The image shows large insulated doors typical of freezer and cooler environments, making the question reasonable, the ground truth correct, and the other options unrelated to this product type.	
253	Based on this product image, what type of product is shown?	/mnt/nfs/zyxing/VLMEvalKit/Q1/q1_images/frankdoor.com/Cold_Swing_Thumb_1_6c2c61ccc43c.jpg	Custom Filtration Systems	Freezer & Cooler Doors	Griddle Plates	Cellular, Fiber Optics, Flat Cable Tooling.	Robots	Chemical Agent Resistant Coating Carc Finishes	B	frankdoor.com	Q1	product_type	Medium	frankdoor.com			The image clearly shows a door designed for freezers or coolers, making the question reasonable, the ground truth answer correct, and all other options unrelated to the product shown.	
254	Based on this product image, what type of product is shown?	/mnt/nfs/zyxing/VLMEvalKit/Q1/q1_images/frankdoor.com/IMG_0265_8a5b6fc8eed0.jpg	Weldments	Freezer & Cooler Doors	Racks	Powder Coat And Wet Coat Finishes	Soft Gel Vitamin Pumps And Tooling	Anti-Ram Vehicle Barriers	B	frankdoor.com	Q1	product_type	Medium	frankdoor.com			The image clearly shows industrial doors typical of freezers or coolers, making the question reasonable, the ground truth correct, and all other options unrelated to the product shown.	
255	Based on this product image, what type of product is shown?	/mnt/nfs/zyxing/VLMEvalKit/Q1/q1_images/frankdoor.com/P1141610_86e6f9af0bc6.jpg	Miscellaneous Steel	Freezer & Cooler Doors	Turnstiles	Power Enclosures	Trailers, Surveillance Systems, Integrated Systems	Fire Suppression Parts	B	frankdoor.com	Q1	product_type	Medium	frankdoor.com			The image clearly shows a door designed for freezer or cooler use, making the question reasonable, the ground truth correct, and the other options unrelated to the product shown.	
256	Based on this product image, what type of product is shown?	/mnt/nfs/zyxing/VLMEvalKit/Q1/q1_images/frankdoor.com/IMG_0910_8fcd48e3d2dc.jpg	Freezer & Cooler Doors	Turnstiles	injection mold	Remanufactured Heavy Truck Clutch Bodies	Carts	Armor Cabs	A	frankdoor.com	Q1	product_type	Medium	frankdoor.com			The image clearly shows a heavy-duty insulated door typical of freezer or cooler rooms, making the question reasonable, the ground truth correct, and all other options unrelated to the product shown.	
257	Based on this product image, what type of product is shown?	/mnt/nfs/zyxing/VLMEvalKit/Q1/q1_images/frankdoor.com/photo_copy_3_1c6b8eda147b.jpg	Freezer & Cooler Doors	Carts	Firearm Components	Cable Entry Seals And Shrinkable Products	Various Parts	Loss Prevention Products	A	frankdoor.com	Q1	product_type	Medium	frankdoor.com			The image clearly shows a red door typical of freezer or cooler doors in a commercial setting, making the question reasonable, the ground truth correct, and all other options unrelated to the product shown.	
258	Based on this product image, what type of product is shown?	/mnt/nfs/zyxing/VLMEvalKit/Q1/q1_images/frankdoor.com/JMU2_a73b7cd387e5.jpg	Elevator Weights,	Cancer Diagnostic Equipment Parts	Soft Gel Vitamin Pumps And Tooling	Griddle Plates	Freezer & Cooler Doors	Nascar Transmission Complete All Parts & Shifter	E	frankdoor.com	Q1	product_type	Medium	frankdoor.com			The image clearly shows large metal doors typical of freezer and cooler units, making the question reasonable, the ground truth correct, and all other options unrelated to the product shown.	
259	Based on this product image, what type of product is shown?	/mnt/nfs/zyxing/VLMEvalKit/Q1/q1_images/frankdoor.com/Thumb_c5df205ce004.jpg	Freezer & Cooler Doors	Custom Filtration Systems	Powder Coat And Wet Coat Finishes	Anti-Ram Vehicle Barriers	Power Enclosures	Turnstiles	A	frankdoor.com	Q1	product_type	Medium	frankdoor.com			The image clearly shows a large insulated door typical of freezer or cooler doors, making the question reasonable, the ground truth correct, and all other options unrelated to the product shown.	
260	Based on this product image, what type of product is shown?	/mnt/nfs/zyxing/VLMEvalKit/Q1/q1_images/frankdoor.com/IMG_0418_fefa0351fb60.jpg	Loss Prevention Products	Large Water Purification Systems	Various Parts	Compactors	Freezer & Cooler Doors	Tooling and Fixture	E	frankdoor.com	Q1	product_type	Medium	frankdoor.com			The image clearly shows a set of doors labeled 'Produce Prep' that resemble cooler or freezer doors, making the question reasonable, the ground truth correct, and the other options unrelated to the product shown.	
261	Based on this product image, what type of product is shown?	/mnt/nfs/zyxing/VLMEvalKit/Q1/q1_images/frankdoor.com/2013-12-05_14-17-23_860_7b7295dd7d80.jpg	Clamps	Hot Oil Filtration Housings	Freezer & Cooler Doors	Elevator Weights,	Shafts	Cable Entry Seals And Shrinkable Products	C	frankdoor.com	Q1	product_type	Medium	frankdoor.com			The image clearly shows a door typical of freezer or cooler environments, making the question reasonable, the ground truth correct, and the other options unrelated to the product shown.	
262	Based on this product image, what type of product is shown?	/mnt/nfs/zyxing/VLMEvalKit/Q1/q1_images/frankdoor.com/2013-12-05_14-22-24_306_9086b941ffbe.jpg	Trailers, Surveillance Systems, Integrated Systems	Miscellaneous Steel	Detention Furniture	Turnstiles	Freezer & Cooler Doors	Anti-Ram Vehicle Barriers	E	frankdoor.com	Q1	product_type	Medium	frankdoor.com			The image shows a heavy-duty insulated door typical of freezer or cooler doors, making the question reasonable, the ground truth correct, and the other options unrelated to this product type.	
263	Based on this product image, what type of product is shown?	/mnt/nfs/zyxing/VLMEvalKit/Q1/q1_images/frankdoor.com/IMG_2434_2943e68b76bb.jpg	Power Enclosures	Cellular, Fiber Optics, Flat Cable Tooling.	Chemical Agent Resistant Coating Carc Finishes	Racks	Anti-Ram Vehicle Barriers	Freezer & Cooler Doors	F	frankdoor.com	Q1	product_type	Medium	frankdoor.com			The image clearly shows a freezer or cooler door, making the question reasonable, the ground truth correct, and all other options unrelated to the product shown.	
264	Based on this product image, what type of product is shown?	/mnt/nfs/zyxing/VLMEvalKit/Q1/q1_images/frankdoor.com/IMG_0327_d072673a7a93.jpg	Racks	Power Enclosures	Freezer & Cooler Doors	Anti-Ram Vehicle Barriers	Apparel	Postcards	C	frankdoor.com	Q1	product_type	Medium	frankdoor.com			The image clearly shows a freezer or cooler door, making the question reasonable, the ground truth answer correct, and all other options unrelated to the product shown.	
265	Based on this product image, what type of product is shown?	/mnt/nfs/zyxing/VLMEvalKit/Q1/q1_images/frankdoor.com/Electric_Single_Slide_a4cb63e05faa.jpg	Anti-Ram Vehicle Barriers	Freezer & Cooler Doors	Chemical Agent Resistant Coating Carc Finishes	Trailers, Surveillance Systems, Integrated Systems	Turnstiles	Detention Furniture	B	frankdoor.com	Q1	product_type	Medium	frankdoor.com			The image shows a large insulated sliding door typical of freezer and cooler doors, making the question reasonable, the ground truth correct, and the other options unrelated to this product type.	
266	Based on this product image, what type of product is shown?	/mnt/nfs/zyxing/VLMEvalKit/Q1/q1_images/frankdoor.com/DSC09875_000e7f7c1793.jpg	Custom Filtration Systems	Anti-Ram Vehicle Barriers	Turnstiles	Freezer & Cooler Doors	Miscellaneous Steel	Fire Suppression Parts	D	frankdoor.com	Q1	product_type	Medium	frankdoor.com			The image clearly shows large insulated doors typical of freezer and cooler units, making the question reasonable, the ground truth correct, and the other options unrelated to the product shown.	
267	Based on this product image, what type of product is shown?	/mnt/nfs/zyxing/VLMEvalKit/Q1/q1_images/frankdoor.com/Cold_storage_sliding_door_06c7ea704eff.jpg	Freezer & Cooler Doors	Carts	injection mold	Armor Cabs	Remanufactured Heavy Truck Clutch Bodies	Griddle Plates	A	frankdoor.com	Q1	product_type	Medium	frankdoor.com			The image clearly shows large insulated doors typical of freezer and cooler units, making the question reasonable, the ground truth correct, and all other options unrelated to the product shown.	
268	Based on this product image, what type of product is shown?	/mnt/nfs/zyxing/VLMEvalKit/Q1/q1_images/frankdoor.com/IMG_0483_ce9b24ba405b.jpg	Compactors	Freezer & Cooler Doors	Cable Entry Seals And Shrinkable Products	Various Parts	Loss Prevention Products	Tooling and Fixture	B	frankdoor.com	Q1	product_type	Medium	frankdoor.com			The image clearly shows a large insulated door typical of freezer or cooler rooms, making the question reasonable, the ground truth correct, and the distractors unrelated to this product type.	
269	Based on this product image, what type of product is shown?	/mnt/nfs/zyxing/VLMEvalKit/Q1/q1_images/frankdoor.com/IMG_2576_30bbabb0b4bd.jpg	Freezer & Cooler Doors	Loss Prevention Products	Various Parts	Firearm Components	Cable Entry Seals And Shrinkable Products	Tooling and Fixture	A	frankdoor.com	Q1	product_type	Medium	frankdoor.com			The image clearly shows industrial doors typical of freezers and coolers, making the question reasonable, the ground truth correct, and all other options unrelated to the product shown.	
270	Based on this product image, what type of product is shown?	/mnt/nfs/zyxing/VLMEvalKit/Q1/q1_images/frankdoor.com/photo_copy_11_78b583ff33ac.jpg	Detention Furniture	Remanufactured Heavy Truck Clutch Bodies	Freezer & Cooler Doors	Armor Cabs	injection mold	Containers	C	frankdoor.com	Q1	product_type	Medium	frankdoor.com			The image clearly shows a large insulated door typical of freezer and cooler units, making the question reasonable, the ground truth correct, and the other options unrelated to this product.	
271	Based on this product image, what type of product is shown?	/mnt/nfs/zyxing/VLMEvalKit/Q1/q1_images/frankdoor.com/IMG_2661_e3a2bbc4fd21.jpg	Powder Coat And Wet Coat Finishes	Power Enclosures	Turnstiles	Chemical Agent Resistant Coating Carc Finishes	Anti-Ram Vehicle Barriers	Freezer & Cooler Doors	F	frankdoor.com	Q1	product_type	Medium	frankdoor.com			The image clearly shows insulated doors typical of freezer and cooler environments, making the question reasonable, the ground truth correct, and the other options unrelated to this product type.	
272	Based on this product image, what type of product is shown?	/mnt/nfs/zyxing/VLMEvalKit/Q1/q1_images/frankdoor.com/P1010003_2fd835321954.jpg	Detention Furniture	Containers	Anti-Ram Vehicle Barriers	Freezer & Cooler Doors	Trailers, Surveillance Systems, Integrated Systems	Turnstiles	D	frankdoor.com	Q1	product_type	Medium	frankdoor.com			The image clearly shows a heavy insulated door typical of freezer and cooler rooms, making the question reasonable, the ground truth correct, and all other options unrelated to this product type.	
273	Based on this product image, what type of product is shown?	/mnt/nfs/zyxing/VLMEvalKit/Q1/q1_images/frankdoor.com/In_fit_swing_doors_8cb3c2b53c1f.jpg	Armor Cabs	Carts	injection mold	Containers	Freezer & Cooler Doors	Remanufactured Heavy Truck Clutch Bodies	E	frankdoor.com	Q1	product_type	Medium	frankdoor.com			The image clearly shows insulated doors typical of freezer and cooler units, making the question reasonable, the ground truth correct, and the other options unrelated to the product shown.	
274	Based on this product image, what type of product is shown?	/mnt/nfs/zyxing/VLMEvalKit/Q1/q1_images/frankdoor.com/Carriercorporation_16_wide_x_14_tall_f3fc180ca7d9.jpg	Anti-Ram Vehicle Barriers	Freezer & Cooler Doors	Turnstiles	Miscellaneous Steel	Bottling Parts	Custom Filtration Systems	B	frankdoor.com	Q1	product_type	Medium	frankdoor.com			The image clearly shows insulated doors typical of freezer and cooler rooms, making the question reasonable, the ground truth correct, and all other options unrelated to the product shown.	
275	Based on this product image, what type of product is shown?	/mnt/nfs/zyxing/VLMEvalKit/Q1/q1_images/frankdoor.com/photo_1_copy_a9ceec66a957.jpg	Freezer & Cooler Doors	Loss Prevention Products	Firearm Components	Tooling and Fixture	Cable Entry Seals And Shrinkable Products	Various Parts	A	frankdoor.com	Q1	product_type	Medium	frankdoor.com			The image clearly shows a sliding door typical of freezer and cooler doors, making the question reasonable, the ground truth correct, and the other options unrelated to the product shown.	
276	Based on this product image, what type of product is shown?	/mnt/nfs/zyxing/VLMEvalKit/Q1/q1_images/frankdoor.com/IMG_3583_2c45cc19c77a.jpg	Remanufactured Heavy Truck Clutch Bodies	Freezer & Cooler Doors	injection mold	Anti-Ram Vehicle Barriers	Detention Furniture	Armor Cabs	B	frankdoor.com	Q1	product_type	Medium	frankdoor.com			The image clearly shows a door designed for freezer or cooler use, making the question reasonable, the ground truth correct, and all other options unrelated to the product shown.	
277	Based on this product image, what type of product is shown?	/mnt/nfs/zyxing/VLMEvalKit/Q1/q1_images/frankdoor.com/glass_door_0c742d60810b.jpg	Tooling and Fixture	Cable Entry Seals And Shrinkable Products	Loss Prevention Products	Various Parts	Firearm Components	Freezer & Cooler Doors	F	frankdoor.com	Q1	product_type	Medium	frankdoor.com			The image clearly shows a specialized door with a handle and window typical of freezer or cooler doors, making the question reasonable, the ground truth correct, and the other options unrelated to this product type.	
278	Based on this product image, what type of product is shown?	/mnt/nfs/zyxing/VLMEvalKit/Q1/q1_images/frankdoor.com/IMG_2920_93536fde7d9a.jpg	Remanufactured Heavy Truck Clutch Bodies	Firearm Components	Containers	Freezer & Cooler Doors	injection mold	Detention Furniture	D	frankdoor.com	Q1	product_type	Medium	frankdoor.com			The image shows industrial doors typical of freezer or cooler environments, making the question reasonable, the ground truth correct, and all distractors unrelated to this product type.	
279	Based on this product image, what type of product is shown?	/mnt/nfs/zyxing/VLMEvalKit/Q1/q1_images/frankdoor.com/Manual_Biparting_Slider_4cfdd267d292.jpg	Turnstiles	Anti-Ram Vehicle Barriers	Powder Coat And Wet Coat Finishes	Nascar Transmission Complete All Parts & Shifter	Trailers, Surveillance Systems, Integrated Systems	Freezer & Cooler Doors	F	frankdoor.com	Q1	product_type	Medium	frankdoor.com			The image clearly shows industrial freezer or cooler doors, making the question reasonable, the ground truth correct, and all other options unrelated to the product shown.	
280	Based on this product image, what type of product is shown?	/mnt/nfs/zyxing/VLMEvalKit/Q1/q1_images/frankdoor.com/IMG_0436_8e796c0713a7.jpg	Robots	Freezer & Cooler Doors	Component Parts	Thermal Reduction Devices	Detention Equipment	Security Equipment	B	frankdoor.com	Q1	product_type	Medium	frankdoor.com			The image clearly shows industrial doors typical of freezer or cooler environments, making the question reasonable, the ground truth correct, and the distractors unrelated to the product shown.	
281	Based on this product image, what type of product is shown?	/mnt/nfs/zyxing/VLMEvalKit/Q1/q1_images/frankdoor.com/IMG_0460_2025a00c54d4.jpg	Compactors	Freezer & Cooler Doors	Carts	Cable Entry Seals And Shrinkable Products	Tooling and Fixture	Firearm Components	B	frankdoor.com	Q1	product_type	Medium	frankdoor.com			The image clearly shows large insulated doors typical of freezers or coolers, making the question reasonable, the ground truth correct, and all other options unrelated to the product shown.	
282	Based on this product image, what type of product is shown?	/mnt/nfs/zyxing/VLMEvalKit/Q1/q1_images/frankdoor.com/IMG_1849_f513d6fab79c.jpg	Firearm Components	injection mold	Freezer & Cooler Doors	Carts	Remanufactured Heavy Truck Clutch Bodies	Cable Entry Seals And Shrinkable Products	C	frankdoor.com	Q1	product_type	Medium	frankdoor.com			The image clearly shows industrial freezer or cooler doors, making the question reasonable, the ground truth correct, and all other options unrelated to the product shown.	
283	Based on this product image, what type of product is shown?	/mnt/nfs/zyxing/VLMEvalKit/Q1/q1_images/frankdoor.com/photo_1_1b3ea29fcb23.jpg	Armor Cabs	Freezer & Cooler Doors	Detention Furniture	Containers	Miscellaneous Steel	Trailers, Surveillance Systems, Integrated Systems	B	frankdoor.com	Q1	product_type	Medium	frankdoor.com			The image clearly shows a sliding door typical of freezer or cooler doors, making the question reasonable, the ground truth correct, and all other options unrelated to this product type.	
284	Based on this product image, what type of product is shown?	/mnt/nfs/zyxing/VLMEvalKit/Q1/q1_images/frankdoor.com/IMG_0915_8ad372e4b441.jpg	Containers	Remanufactured Heavy Truck Clutch Bodies	Freezer & Cooler Doors	injection mold	Carts	Armor Cabs	C	frankdoor.com	Q1	product_type	Medium	frankdoor.com			The image shows a heavy insulated door typical of freezer or cooler rooms, making the question reasonable, the ground truth correct, and the other options unrelated to this product type.	
285	Based on this product image, what type of product is shown?	/mnt/nfs/zyxing/VLMEvalKit/Q1/q1_images/frankdoor.com/Main_Image_e796ce4aa957.jpg	Nascar Transmission Complete All Parts & Shifter	Freezer & Cooler Doors	Cellular, Fiber Optics, Flat Cable Tooling.	Cancer Diagnostic Equipment Parts	Sanitary Equipment	Soft Gel Vitamin Pumps And Tooling	B	frankdoor.com	Q1	product_type	Medium	frankdoor.com			The image clearly shows a heavy-duty insulated door typical of freezer and cooler doors, making the question reasonable, the ground truth correct, and all other options unrelated to the product shown.	
286	Based on this product image, what type of product is shown?	/mnt/nfs/zyxing/VLMEvalKit/Q1/q1_images/frankdoor.com/DSC09879_2c3ba9fea93e.jpg	Turnstiles	Powder Coat And Wet Coat Finishes	Custom Filtration Systems	Freezer & Cooler Doors	Power Enclosures	Anti-Ram Vehicle Barriers	D	frankdoor.com	Q1	product_type	Medium	frankdoor.com			The image clearly shows an insulated door typical of freezer and cooler doors, making the question reasonable, the ground truth correct, and the other options unrelated to the product shown.	
287	Based on this product image, what type of product is shown?	/mnt/nfs/zyxing/VLMEvalKit/Q1/q1_images/frankdoor.com/IMG_0112_83fbb6d6828d.jpg	Firearm Components	Freezer & Cooler Doors	Compactors	Metal Railings	Tooling and Fixture	Large Water Purification Systems	B	frankdoor.com	Q1	product_type	Medium	frankdoor.com			The image clearly shows large insulated doors typical of freezers or coolers, making the question reasonable, the ground truth correct, and all other options unrelated to the product shown.	
288	Based on this product image, what type of product is shown?	/mnt/nfs/zyxing/VLMEvalKit/Q1/q1_images/gesipausa.com/csm_Blindniet_Header_rechts_b1e477a5bf_01135510b251.png	Differential Assemblies	Shock Absorbers	Custom Tool Inventory Control Foam Inserts	Rivet	Metal Stampings	Finish Parts	D	gesipausa.com	Q1	product_type	Medium	gesipausa.com			The image clearly shows a rivet, making the question reasonable, the ground truth correct, and all other options unrelated to the product shown.	
289	Based on this product image, what type of product is shown?	/mnt/nfs/zyxing/VLMEvalKit/Q1/q1_images/gesipausa.com/csm_Blindnietmutter_Header_links_Test_24b4095298_2af0cc1d8661.png	Gasoline Direct Injection High Pressure Fuel Pumps	Carts	Brass And Nickel Plating	Electoless Nickel Plating	Cable Entry Seals And Shrinkable Products	Rivet	F	gesipausa.com	Q1	product_type	Medium	gesipausa.com			The image clearly shows a rivet, making the question reasonable, the ground truth correct, and all other options unrelated to the product shown.	
290	Based on this product image, what type of product is shown?	/mnt/nfs/zyxing/VLMEvalKit/Q1/q1_images/gesipausa.com/csm_rivet_fg_left_de0ba0c0cd_2e5d88599223.png	Rivet	Above Ground Steel Storage Tanks	injection mold	Friction Materials	Remanufactured Heavy Truck Clutch Bodies	Nascar Transmission Complete All Parts & Shifter	A	gesipausa.com	Q1	product_type	Medium	gesipausa.com			The image clearly shows a rivet, making the question reasonable, the ground truth answer correct, and all other options unrelated to the product shown.	
291	Based on this product image, what type of product is shown?	/mnt/nfs/zyxing/VLMEvalKit/Q1/q1_images/gesipausa.com/csm_blindiet_standard_left_10665ffd4d_1d505424cd0b.png	Large Water Purification Systems	Custom Tool Inventory Control Foam Inserts	Farm Storage Sheds	Rivet	Finish Parts	Differential Assemblies	D	gesipausa.com	Q1	product_type	Medium	gesipausa.com			The image clearly shows a rivet, making the question reasonable, the ground truth answer correct, and all other options unrelated to the product shown.	
292	Based on this product image, what type of product is shown?	/mnt/nfs/zyxing/VLMEvalKit/Q1/q1_images/gesipausa.com/csm_gs_fg_ed6d427038_60db685556d7.png	Cellular, Fiber Optics, Flat Cable Tooling.	Large Water Purification Systems	Farm Storage Sheds	Powder Coat & Media Blast	Decorative Chrome Plating	Rivet	F	gesipausa.com	Q1	product_type	Medium	gesipausa.com			The image clearly shows a rivet, making the question reasonable, the ground truth correct, and all other options unrelated to the product shown.	
293	Based on this product image, what type of product is shown?	/mnt/nfs/zyxing/VLMEvalKit/Q1/q1_images/gitank.com/0001902_oil-water-separators_450_d63bbbf3dfa5.jpeg	Ground Rods	Awnings	Turnstiles	Steel Doors And Frames	Steel Tanks	Backhoe Loader	E	gitank.com	Q1	product_type	Medium	gitank.com			The image clearly shows a large steel tank, making the question reasonable, the ground truth answer correct, and all other options unrelated to the product shown.	
294	Based on this product image, what type of product is shown?	/mnt/nfs/zyxing/VLMEvalKit/Q1/q1_images/gitank.com/0001874_double-wall-sti-p3-petroleum-tanks-300x300_27b37aaef0e0.jpeg	Backhoe Loader	Robots	Steel Tanks	Roofing	Residential Hardware	Aluminum Docks	C	gitank.com	Q1	product_type	Medium	gitank.com			The image clearly shows large cylindrical steel tanks, making the question reasonable, the ground truth correct, and all other options unrelated to the product shown.	
295	Based on this product image, what type of product is shown?	/mnt/nfs/zyxing/VLMEvalKit/Q1/q1_images/gitank.com/Water-Tank_12c3e5cf6a45.jpg	Roofing	Residential Hardware	Robots	Backhoe Loader	Steel Tanks	Cones,	E	gitank.com	Q1	product_type	Medium	gitank.com			The image clearly shows large cylindrical steel tanks, making the question reasonable, the ground truth correct, and all other options unrelated to the product shown.	
296	Based on this product image, what type of product is shown?	/mnt/nfs/zyxing/VLMEvalKit/Q1/q1_images/gitank.com/0001900_petroleum-storage-tanks_450_5be98cd538e3.jpeg	Piping	Backhoe Loader	Steel Tanks	Surgical Tools	Electrical Components	Heavy Duty Doors And Frames	C	gitank.com	Q1	product_type	Medium	gitank.com			The image clearly shows large steel tanks, making the question reasonable, the ground truth correct, and all other options unrelated to the product shown.	
297	Based on this product image, what type of product is shown?	/mnt/nfs/zyxing/VLMEvalKit/Q1/q1_images/gitank.com/12k-Tank-Farm-1_12b863c9c6d1.jpg	Steel Tanks	Aluminum Docks	Turnstiles	Backhoe Loader	Hvac Duct Work	Awnings	A	gitank.com	Q1	product_type	Medium	gitank.com			The image clearly shows large cylindrical tanks consistent with steel tanks, making the question reasonable, the ground truth correct, and all other options unrelated to the product shown.	
298	Based on this product image, what type of product is shown?	/mnt/nfs/zyxing/VLMEvalKit/Q1/q1_images/gitank.com/2-300x300_d88d07c91e91.jpg	Steel Tanks	Griddle Plates	Wall Panels	Hollow Metal Frames And Doors	Robots	Ornamental Iron Railings	A	gitank.com	Q1	product_type	Medium	gitank.com			The image clearly shows a large steel tank, making the question reasonable, the ground truth answer correct, and all other options unrelated to the product shown.	
299	Based on this product image, what type of product is shown?	/mnt/nfs/zyxing/VLMEvalKit/Q1/q1_images/gitank.com/ACT-100-UST_2692b8487855.jpg	Residential Hardware	Steel Tanks	Backhoe Loader	Turnstiles	Robots	Roofing	B	gitank.com	Q1	product_type	Medium	gitank.com			The image clearly shows a large steel tank being installed, making the question reasonable, the ground truth correct, and all other options unrelated to the product shown.	
300	Based on this product image, what type of product is shown?	/mnt/nfs/zyxing/VLMEvalKit/Q1/q1_images/gitank.com/ACT-100U-USTs_e5dc0bff4808.jpg	Aluminum Docks	Robots	Steel Tanks	Griddle Plates	Ornamental Iron Railings	Wall Panels	C	gitank.com	Q1	product_type	Medium	gitank.com			The image clearly shows large cylindrical steel tanks, making the question reasonable, the ground truth correct, and all other options unrelated to the product shown.	
301	Based on this product image, what type of product is shown?	/mnt/nfs/zyxing/VLMEvalKit/Q1/q1_images/gitank.com/500-Gal-OWS_fcbf0755ca0e.jpg	Cones,	Residential Hardware	Backhoe Loader	Roofing	Robots	Steel Tanks	F	gitank.com	Q1	product_type	Medium	gitank.com			The image clearly shows a large steel tank, making the question reasonable, the ground truth correct, and all distractors unrelated to the product shown.	
302	Based on this product image, what type of product is shown?	/mnt/nfs/zyxing/VLMEvalKit/Q1/q1_images/gitank.com/1-300x300_b41321abc0a2.jpg	Vehicle Wraps	Electronic Components	Angles	Firearms	Steel Tanks	Banners	E	gitank.com	Q1	product_type	Medium	gitank.com			The image clearly shows large steel tanks, making the question reasonable, the ground truth answer correct, and all distractors unrelated to the product shown.	
303	Based on this product image, what type of product is shown?	/mnt/nfs/zyxing/VLMEvalKit/Q1/q1_images/gitank.com/ows1-300x300_a099989c8f26.jpg	Specialty Metal parts	bearing	Steel Tanks	Light Steel Framing Products	shaft	Pins	C	gitank.com	Q1	product_type	Medium	gitank.com			The image clearly shows a large steel tank, making the question reasonable, the ground truth correct, and the distractors unrelated to this product.	
304	Based on this product image, what type of product is shown?	/mnt/nfs/zyxing/VLMEvalKit/Q1/q1_images/gitank.com/SS-Horizontal_71df8931b585.jpg	Awnings	Steel Tanks	Cutting Tools	Ladders	Turnstiles	Backhoe Loader	B	gitank.com	Q1	product_type	Medium	gitank.com			The image clearly shows a large cylindrical metal tank, making the question reasonable, the ground truth answer correct, and all other options unrelated to the product shown.	
305	Based on this product image, what type of product is shown?	/mnt/nfs/zyxing/VLMEvalKit/Q1/q1_images/gitank.com/GenBase4-300x300_d5b99d9787ce.jpeg	Steel Tanks	Boat Tops And Towers	Griddle Plates	Backhoe Loader	Robots	Ornamental Iron Railings	A	gitank.com	Q1	product_type	Medium	gitank.com			The image clearly shows large industrial tanks, making the question reasonable, the ground truth answer correct, and all other options unrelated to the product shown.	
306	Based on this product image, what type of product is shown?	/mnt/nfs/zyxing/VLMEvalKit/Q1/q1_images/gitank.com/10k-FAST-Fuelers-_dc66c19cf793.jpg	Backhoe Loader	Steel Trusses	Roofing	Robots	Boat Tops And Towers	Steel Tanks	F	gitank.com	Q1	product_type	Medium	gitank.com			The image clearly shows large steel tanks, making the question reasonable, the ground truth correct, and all distractors unrelated to the product shown.	
307	Based on this product image, what type of product is shown?	/mnt/nfs/zyxing/VLMEvalKit/Q1/q1_images/gitank.com/10k-Dike-Tank_b865e9cc3095.jpg	Steel Tanks	Hollow Metal Frames And Doors	Specialty Metal parts	shaft	Wall Panels	Plastic Covers	A	gitank.com	Q1	product_type	Medium	gitank.com			The image clearly shows a large steel tank, making the question reasonable, the ground truth correct, and all other options unrelated to the product shown.	
308	Based on this product image, what type of product is shown?	/mnt/nfs/zyxing/VLMEvalKit/Q1/q1_images/gitank.com/0001840_nitric-acid-storage-tanks_450_27a0aab50410.jpeg	Robots	Wall Panels	Steel Tanks	Backhoe Loader	Griddle Plates	Ornamental Iron Railings	C	gitank.com	Q1	product_type	Medium	gitank.com			The image clearly shows a steel tank, making the question reasonable, the ground truth correct, and all other options unrelated to the product shown.	
309	Based on this product image, what type of product is shown?	/mnt/nfs/zyxing/VLMEvalKit/Q1/q1_images/gitank.com/0001834_process-tanks-and-mixing-vessels-1_0d3db6e622a1.jpeg	Awnings	Backhoe Loader	Hvac Duct Work	Roofing	Turnstiles	Steel Tanks	F	gitank.com	Q1	product_type	Medium	gitank.com			The image clearly shows large steel tanks, making the question reasonable, the ground truth correct, and all distractors unrelated to the product shown.	
310	Based on this product image, what type of product is shown?	/mnt/nfs/zyxing/VLMEvalKit/Q1/q1_images/gitank.com/0001839_methanol-storage-tanks_67681fdfe175.jpeg	Steel Tanks	Fabricated Parts	Robots	Custom Tanks And Hoppers	Cones,	Aluminum Docks	A	gitank.com	Q1	product_type	Medium	gitank.com			The image clearly shows a large steel tank, making the question reasonable, the ground truth answer correct, and all other options unrelated to the product shown.	
311	Based on this product image, what type of product is shown?	/mnt/nfs/zyxing/VLMEvalKit/Q1/q1_images/gitank.com/0001848_f-911-dike-petroleum-tanks-300x300_e37e9918e300.jpeg	Robots	Steel Tanks	Hollow Metal Frames And Doors	Backhoe Loader	Griddle Plates	Ornamental Iron Railings	B	gitank.com	Q1	product_type	Medium	gitank.com			The image clearly shows a large steel tank, making the question reasonable, the ground truth correct, and all other options unrelated to the product shown.	
312	Based on this product image, what type of product is shown?	/mnt/nfs/zyxing/VLMEvalKit/Q1/q1_images/gitank.com/30K-Verticals_77eb4c832833.jpg	Custom Tanks And Hoppers	Cones,	Robots	Aluminum Docks	Steel Tanks	Fabricated Parts	E	gitank.com	Q1	product_type	Medium	gitank.com			The image clearly shows large steel tanks, making the question reasonable, the ground truth correct, and all other options unrelated to the product shown.	
313	Based on this product image, what type of product is shown?	/mnt/nfs/zyxing/VLMEvalKit/Q1/q1_images/gitank.com/12k-FG-on-Skid_c447b9ad8a73.jpg	Aluminum Docks	Residential Hardware	Steel Tanks	Roofing	Backhoe Loader	Robots	C	gitank.com	Q1	product_type	Medium	gitank.com			The image clearly shows a large steel tank, making the question reasonable, the ground truth correct, and all other options unrelated to the product shown.	
314	Based on this product image, what type of product is shown?	/mnt/nfs/zyxing/VLMEvalKit/Q1/q1_images/gitank.com/4k-Horiz-DW-Stairs_025f856069ae.jpg	Production Parts	Steel Tanks	Backhoe Loader	Awnings	Turnstiles	Wheel Loader	B	gitank.com	Q1	product_type	Medium	gitank.com			The image clearly shows large steel tanks, making the question reasonable, the ground truth correct, and all other options unrelated to the product shown.	
315	Based on this product image, what type of product is shown?	/mnt/nfs/zyxing/VLMEvalKit/Q1/q1_images/gitank.com/STI-P3-Installation2_accbcf1e1ca7.jpg	Specialty Metal parts	Plastic Covers	Hollow Metal Frames And Doors	Steel Tanks	Wall Panels	Backhoe Loader	D	gitank.com	Q1	product_type	Medium	gitank.com			The image clearly shows large cylindrical steel tanks, making the question reasonable, the ground truth answer correct, and all other options unrelated to the product shown.	
316	Based on this product image, what type of product is shown?	/mnt/nfs/zyxing/VLMEvalKit/Q1/q1_images/gitank.com/Chemical-Tanks_fa82b1b7aeb3.jpg	Cones,	Steel Tanks	Trailer Components	Commercial Security Equipment	Robots	Aluminum Docks	B	gitank.com	Q1	product_type	Medium	gitank.com			The image clearly shows large steel tanks, making the question reasonable, the ground truth correct, and all other options unrelated to the product shown.	
317	Based on this product image, what type of product is shown?	/mnt/nfs/zyxing/VLMEvalKit/Q1/q1_images/gitank.com/Permatank-Installation2_2b280dd7dbae.jpg	Backhoe Loader	Custom Tanks And Hoppers	Commercial Security Equipment	Robots	Boat Tops And Towers	Steel Tanks	F	gitank.com	Q1	product_type	Medium	gitank.com			The image clearly shows a large steel tank being lifted, making the question reasonable, the ground truth answer correct, and all distractors unrelated to steel tanks.	
318	Based on this product image, what type of product is shown?	/mnt/nfs/zyxing/VLMEvalKit/Q1/q1_images/gitank.com/10k-with-canopy-1-scaled-1_f56e7124ed34.jpg	Griddle Plates	Cones,	Backhoe Loader	Steel Tanks	Steel Trusses	Robots	D	gitank.com	Q1	product_type	Medium	gitank.com			The image clearly shows a large steel tank, making the question reasonable, the ground truth correct, and all other options unrelated to the product shown.	
319	Based on this product image, what type of product is shown?	/mnt/nfs/zyxing/VLMEvalKit/Q1/q1_images/gitank.com/Sulfuric-Acid-Tank-Photo-scaled_97d07bbce521.jpg	Cones,	Steel Tanks	Griddle Plates	Robots	Ornamental Iron Railings	Backhoe Loader	B	gitank.com	Q1	product_type	Medium	gitank.com			The image clearly shows a large steel tank, making the question reasonable, the ground truth correct, and all other options unrelated to the product shown.	
320	Based on this product image, what type of product is shown?	/mnt/nfs/zyxing/VLMEvalKit/Q1/q1_images/hamlincos.com/im000291_49c58b17a5aa.jpg	Robots	Ground Rods	Commercial Security Equipment	Trailer Components	Architectural Sheet Metal	Cones,	E	hamlincos.com	Q1	product_type	Medium	hamlincos.com			The image clearly shows large metal sheet structures consistent with architectural sheet metal, making the question reasonable, the ground truth correct, and the distractors unrelated to the product shown.	
321	Based on this product image, what type of product is shown?	/mnt/nfs/zyxing/VLMEvalKit/Q1/q1_images/hamlincos.com/im000295_e9d3db66e811.jpg	Envelopes	Loss Prevention Products	Business Cards	Architectural Sheet Metal	Storm Doors And Windows	Residential Hardware	D	hamlincos.com	Q1	product_type	Medium	hamlincos.com			The image shows large metal ductwork components consistent with architectural sheet metal, making the question reasonable, the ground truth correct, and all distractors unrelated to the product shown.	
322	Based on this product image, what type of product is shown?	/mnt/nfs/zyxing/VLMEvalKit/Q1/q1_images/hamlincos.com/Ikea-GRD-1.8.19_0551b4ff8fe0.jpg	Rollers	Sealants	Large Skid Steer Parts	Carts	Architectural Sheet Metal	Turnstiles	E	hamlincos.com	Q1	product_type	Medium	hamlincos.com			The image shows metal ductwork typical of architectural sheet metal, making the question reasonable, the ground truth correct, and all distractors unrelated to the product shown.	
323	Based on this product image, what type of product is shown?	/mnt/nfs/zyxing/VLMEvalKit/Q1/q1_images/hamlincos.com/P1000395_2b761b917ba8.jpg	Architectural Sheet Metal	Steel Tanks	Lifting Tackles	bearing	shaft	Heavy Duty Doors And Frames	A	hamlincos.com	Q1	product_type	Medium	hamlincos.com			The image shows metal ductwork typical of architectural sheet metal, making the question reasonable, the ground truth correct, and the distractors unrelated to the product shown.	
324	Based on this product image, what type of product is shown?	/mnt/nfs/zyxing/VLMEvalKit/Q1/q1_images/hamlincos.com/im000290_3875fab04c95.jpg	Robots	Ornamental Iron Railings	Wall Panels	Architectural Sheet Metal	Griddle Plates	Backhoe Loader	D	hamlincos.com	Q1	product_type	Medium	hamlincos.com			The image shows metal ductwork or sheet metal components typical of architectural sheet metal products, making the question reasonable, the ground truth correct, and the distractors unrelated to the product shown.	
325	Based on this product image, what type of product is shown?	/mnt/nfs/zyxing/VLMEvalKit/Q1/q1_images/hamlincos.com/dsc00271_5cb1f886a08d.jpg	Robots	Griddle Plates	Architectural Sheet Metal	Plastic Covers	shaft	bearing	C	hamlincos.com	Q1	product_type	Medium	hamlincos.com			The image shows large metal ductwork typical of architectural sheet metal, making the question reasonable, the ground truth correct, and the distractors unrelated to this product.	
326	Based on this product image, what type of product is shown?	/mnt/nfs/zyxing/VLMEvalKit/Q1/q1_images/hamlincos.com/sheet-metal-fabrication_837dd4b9f883.jpg	Business Cards	Cones,	Steel Trusses	Architectural Sheet Metal	Commercial Security Equipment	Griddle Plates	D	hamlincos.com	Q1	product_type	Medium	hamlincos.com			The image clearly shows metal duct components typical of architectural sheet metal work, making the question reasonable, the ground truth correct, and all other options unrelated to the product shown.	
327	Based on this product image, what type of product is shown?	/mnt/nfs/zyxing/VLMEvalKit/Q1/q1_images/hofferflow.com/flowmeters-1_1bad8b4a51bc.jpg	Retro-Fit Vehicle Kits	Compactors	Traffic Control Products	Chassis	Custom Cases For All Branches	Flow Measurement Devices	F	hofferflow.com	Q1	product_type	Medium	hofferflow.com			The image shows a device consistent with flow measurement equipment, making the question reasonable, the ground truth correct, and the other options unrelated to the product shown.	
328	Based on this product image, what type of product is shown?	/mnt/nfs/zyxing/VLMEvalKit/Q1/q1_images/hofferflow.com/subsea-lg_bad8a753754f.jpg	Custom Packaging Using Transport Style Cases	Certified Cases For Battery Storage	Brackets	Anti-Ram Vehicle Barriers	Flow Measurement Devices	Adhesives	E	hofferflow.com	Q1	product_type	Medium	hofferflow.com			The image clearly shows a flow measurement device, making the question reasonable, the ground truth answer correct, and all other options unrelated to the product shown.	
329	Based on this product image, what type of product is shown?	/mnt/nfs/zyxing/VLMEvalKit/Q1/q1_images/hofferflow.com/los-alamos-markets-page_a80e527509f8.png	Doors	Hand Tools	Armor Cabs	Awnings	Cabinets	Flow Measurement Devices	F	hofferflow.com	Q1	product_type	Medium	hofferflow.com			The image shows flow measurement devices, making the question reasonable, the ground truth correct, and all other options unrelated to the product shown.	
330	Based on this product image, what type of product is shown?	/mnt/nfs/zyxing/VLMEvalKit/Q1/q1_images/hofferflow.com/flowmeters-2_741825c98f95.jpg	Flow Measurement Devices	Envelopes	Awnings	Cabinets	Hand Tools	Doors	A	hofferflow.com	Q1	product_type	Medium	hofferflow.com			The image shows flow measurement devices, making the question reasonable, the ground truth correct, and all distractors unrelated to the product shown.	
331	Based on this product image, what type of product is shown?	/mnt/nfs/zyxing/VLMEvalKit/Q1/q1_images/hofferflow.com/nasa-restorel-meter-A_68f90be9b587.jpg	Chassis	Aluminum Cases	Cabinets	Custom Cases For All Branches	Flow Measurement Devices	Retro-Fit Vehicle Kits	E	hofferflow.com	Q1	product_type	Medium	hofferflow.com			The image shows a precision metal component likely used in flow measurement, making the question reasonable, the ground truth correct, and the other options unrelated to the product shown.	
332	Based on this product image, what type of product is shown?	/mnt/nfs/zyxing/VLMEvalKit/Q1/q1_images/indtoolinc.com/IndTool-254-1-2048x1365_c17eb26a7d99.jpg	Mechanical Guarding	Brochures	Awnings	Precision Machined Parts	Prototype And Short Run Production	Fuel Injectors	D	indtoolinc.com	Q1	product_type	Medium	indtoolinc.com			The image shows metal parts with precise cutouts typical of precision machined parts, making the question reasonable, the ground truth correct, and the distractors clearly unrelated.	
333	Based on this product image, what type of product is shown?	/mnt/nfs/zyxing/VLMEvalKit/Q1/q1_images/isometrics-inc.com/TRM_ff99caa7504f.png	Hand Tools	Business Cards	Doors	Fuel Handling Equipment	Cabinets	Awnings	D	isometrics-inc.com	Q1	product_type	Medium	isometrics-inc.com			The image shows a large container labeled 'flammable' with equipment consistent with fuel handling, making the question reasonable, the ground truth correct, and all distractors clearly unrelated.	
334	Based on this product image, what type of product is shown?	/mnt/nfs/zyxing/VLMEvalKit/Q1/q1_images/jrishocks.com/Challenger-Shock-Kit_b5423ac9-3379-428c-9ddf-7fe3596b84e4_d3dc15450065.png	Armor	Custom Packaging Using Transport Style Cases	injection mold	Shock Absorbers	Greenhouse Kits	Carts	D	jrishocks.com	Q1	product_type	Medium	jrishocks.com			The image clearly shows shock absorbers and springs, making the question reasonable, the ground truth correct, and all other options unrelated to the product shown.	
335	Based on this product image, what type of product is shown?	/mnt/nfs/zyxing/VLMEvalKit/Q1/q1_images/jrishocks.com/Harley-FLH-Remote-Reservoir-Shocks-Triple-Adjustable_93ae3a54f565.jpg	Shock Absorbers	Farm Storage Sheds	Banners	Soft Gel Vitamin Pumps And Tooling	Clutch Plates	Racks	A	jrishocks.com	Q1	product_type	Medium	jrishocks.com			The image clearly shows shock absorbers, making the question reasonable, the ground truth answer correct, and all other options unrelated to the product shown.	
336	Based on this product image, what type of product is shown?	/mnt/nfs/zyxing/VLMEvalKit/Q1/q1_images/jrishocks.com/Harley-FLH-Remote-Reservoir-Shocks-Triple-Adjustable-v3_a4576df2aa20.jpg	Greenhouse Kits	Above Ground Steel Storage Tanks	Contract Fabrication Parts	Armor	Shock Absorbers	Banners	E	jrishocks.com	Q1	product_type	Medium	jrishocks.com			The image shows a cylindrical component with a cable, consistent with a shock absorber, and the other options do not match the product's appearance or function.	
337	Based on this product image, what type of product is shown?	/mnt/nfs/zyxing/VLMEvalKit/Q1/q1_images/jrishocks.com/trending-products-block-03_9f18c429-978d-4801-97ab-488b03c12_a9c8b22e704d.jpg	Racks	Surface Grinders	injection mold	Shock Absorbers	Above Ground Steel Storage Tanks	Composites	D	jrishocks.com	Q1	product_type	Medium	jrishocks.com			The image clearly shows shock absorbers, making the question reasonable, the ground truth correct, and all other options unrelated to the product shown.	
338	Based on this product image, what type of product is shown?	/mnt/nfs/zyxing/VLMEvalKit/Q1/q1_images/jrishocks.com/JRI_F_4_547496ccbcf1.jpg	Clutch Plates	Armor	Greenhouse Kits	Custom Packaging Using Transport Style Cases	Shock Absorbers	Remanufactured Heavy Truck Clutch Bodies	E	jrishocks.com	Q1	product_type	Medium	jrishocks.com			The image clearly shows a shock absorber, making the question reasonable, the ground truth answer correct, and all other options unrelated to the product shown.	
339	Based on this product image, what type of product is shown?	/mnt/nfs/zyxing/VLMEvalKit/Q1/q1_images/jrishocks.com/Builder-Series-Double-Family_07d136153b7a.jpg	injection mold	Labels	Remanufactured Heavy Truck Clutch Bodies	Shock Absorbers	Carts	Above Ground Steel Storage Tanks	D	jrishocks.com	Q1	product_type	Medium	jrishocks.com			The image clearly shows shock absorbers, making the question reasonable, the ground truth answer correct, and all other options unrelated to the product shown.	
340	Based on this product image, what type of product is shown?	/mnt/nfs/zyxing/VLMEvalKit/Q1/q1_images/jrishocks.com/C2-C3-Corvette-Shocks_d3bb40d2-10ba-4ae2-97df-d7b0214a6c82_98dda79c0b6e.jpg	Finish Parts	Shock Absorbers	Differential Assemblies	Custom Tool Inventory Control Foam Inserts	Metal Stampings	Cellular, Fiber Optics, Flat Cable Tooling.	B	jrishocks.com	Q1	product_type	Medium	jrishocks.com			The image clearly shows shock absorbers, making the question reasonable, the ground truth answer correct, and all other options unrelated to the product shown.	
341	Based on this product image, what type of product is shown?	/mnt/nfs/zyxing/VLMEvalKit/Q1/q1_images/jrishocks.com/240925_JRI_CHEVY-40_00f0063ef600.jpg	Large Water Purification Systems	Tooling and Fixture	Cellular, Fiber Optics, Flat Cable Tooling.	Shock Absorbers	Custom Tooling Components	Component Parts	D	jrishocks.com	Q1	product_type	Medium	jrishocks.com			The image clearly shows a shock absorber, making the question reasonable, the ground truth correct, and all other options unrelated to the product shown.	
342	Based on this product image, what type of product is shown?	/mnt/nfs/zyxing/VLMEvalKit/Q1/q1_images/jrishocks.com/HarleySportsterInvertedForkCartridge-Package_12df63771783.jpg	Shock Absorbers	Rivet	Component Parts	Large Water Purification Systems	Gasoline Direct Injection High Pressure Fuel Pumps	Cellular, Fiber Optics, Flat Cable Tooling.	A	jrishocks.com	Q1	product_type	Medium	jrishocks.com			The image clearly shows a shock absorber component, making the question reasonable, the ground truth answer correct, and all other options unrelated to the product shown.	
343	Based on this product image, what type of product is shown?	/mnt/nfs/zyxing/VLMEvalKit/Q1/q1_images/jrishocks.com/240703_JRi_Tacoma-7_3ef3e4393be0.jpg	Cable Entry Seals And Shrinkable Products	Gasoline Direct Injection High Pressure Fuel Pumps	Rivet	injection mold	Shock Absorbers	Brass And Nickel Plating	E	jrishocks.com	Q1	product_type	Medium	jrishocks.com			The image clearly shows a shock absorber, making the question reasonable, the ground truth correct, and all other options unrelated to the product shown.	
344	Based on this product image, what type of product is shown?	/mnt/nfs/zyxing/VLMEvalKit/Q1/q1_images/jrishocks.com/240703_JRi_Tacoma-4_b7b758d05588.jpg	Polyethylene Septic Tanks	Racks	Shock Absorbers	Soft Gel Vitamin Pumps And Tooling	Clutch Plates	Above Ground Steel Storage Tanks	C	jrishocks.com	Q1	product_type	Medium	jrishocks.com			The image clearly shows a shock absorber component, making the question reasonable, the ground truth correct, and all other options unrelated to the product shown.	
345	Based on this product image, what type of product is shown?	/mnt/nfs/zyxing/VLMEvalKit/Q1/q1_images/jrishocks.com/700-362_v1_20240429_b7db00a498f8.jpg	Gasoline Direct Injection High Pressure Fuel Pumps	Shock Absorbers	Manifolds	Armor	Clutch Plates	Friction Materials	B	jrishocks.com	Q1	product_type	Medium	jrishocks.com			The image clearly shows shock absorbers, making the question reasonable, the ground truth correct, and all other options unrelated to the product shown.	
346	Based on this product image, what type of product is shown?	/mnt/nfs/zyxing/VLMEvalKit/Q1/q1_images/jrishocks.com/BMW-R18-1_f99755ce32d4.jpg	Upholstery Nails	Racks	Remanufactured Heavy Truck Clutch Bodies	injection mold	Above Ground Steel Storage Tanks	Shock Absorbers	F	jrishocks.com	Q1	product_type	Medium	jrishocks.com			The image clearly shows a shock absorber, making the question reasonable, the ground truth answer correct, and all other options unrelated to the product shown.	
347	Based on this product image, what type of product is shown?	/mnt/nfs/zyxing/VLMEvalKit/Q1/q1_images/jrishocks.com/500-410-115-2_eb4b0fda7cd3.jpg	Racks	Soft Gel Vitamin Pumps And Tooling	Nascar Transmission Complete All Parts & Shifter	Clutch Plates	Above Ground Steel Storage Tanks	Shock Absorbers	F	jrishocks.com	Q1	product_type	Medium	jrishocks.com			The image clearly shows shock absorbers, making the question reasonable, the ground truth answer correct, and all other options unrelated to the product shown.	
348	Based on this product image, what type of product is shown?	/mnt/nfs/zyxing/VLMEvalKit/Q1/q1_images/jrishocks.com/JRiBMWR18Shock-Installed_bf9ba4e63403.jpg	Farm Storage Sheds	Metal Stampings	Finish Parts	Shock Absorbers	Complete Machines And Replacement Parts	Decorative Chrome Plating	D	jrishocks.com	Q1	product_type	Medium	jrishocks.com			The image clearly shows a shock absorber, making the question reasonable, the ground truth answer correct, and all other options unrelated to the product shown.	
349	Based on this product image, what type of product is shown?	/mnt/nfs/zyxing/VLMEvalKit/Q1/q1_images/jrishocks.com/500-410-115-3_4302ad83408b.jpg	Shock Absorbers	Component Parts	Powder Coat & Media Blast	Greenhouse Kits	Large Water Purification Systems	Cellular, Fiber Optics, Flat Cable Tooling.	A	jrishocks.com	Q1	product_type	Medium	jrishocks.com			The image clearly shows a shock absorber, making the question reasonable, the ground truth correct, and all other options unrelated to the product shown.	
350	Based on this product image, what type of product is shown?	/mnt/nfs/zyxing/VLMEvalKit/Q1/q1_images/karpensteel.com/frame-18_327c172d8bce.jpg	Ground Rods	Bronze Valves	Aluminum Docks	Awnings	Steel Doors And Frames	Backhoe Loader	E	karpensteel.com	Q1	product_type	Medium	karpensteel.com			The image clearly shows steel door frames, making the question reasonable, the ground truth answer correct, and all other options unrelated to the product shown.	
351	Based on this product image, what type of product is shown?	/mnt/nfs/zyxing/VLMEvalKit/Q1/q1_images/karpensteel.com/door-3_7492e517face.jpg	Ladders	Mining Equipment Component Parts	Turnstiles	Awnings	Heavy Duty Doors And Frames	Steel Doors And Frames	E;F	karpensteel.com	Q1	product_type	Medium	karpensteel.com			The image clearly shows a steel door with a heavy-duty frame, making the question reasonable and the accepted answers correct, while the distractors do not match the product type.	
352	Based on this product image, what type of product is shown?	/mnt/nfs/zyxing/VLMEvalKit/Q1/q1_images/karpensteel.com/door-2_0569822e500f.jpg	Plastic Covers	Toys	Heavy Duty Doors And Frames	Elevator Weights,	Steel Doors And Frames	Adapters	E;C	karpensteel.com	Q1	product_type	Medium	karpensteel.com			The image clearly shows metal doors or frames consistent with heavy duty or steel doors, making the accepted answers correct and the distractors unrelated to the product shown.	
353	Based on this product image, what type of product is shown?	/mnt/nfs/zyxing/VLMEvalKit/Q1/q1_images/karpensteel.com/SDC10847-1030x849_8ccf6628fa80.jpg	Ornamental Iron Railings	Griddle Plates	Cones,	Steel Doors And Frames	Backhoe Loader	Robots	D	karpensteel.com	Q1	product_type	Medium	karpensteel.com			The image shows a steel frame structure consistent with steel doors and frames, making the question reasonable, the ground truth correct, and all other options clearly unrelated.	
354	Based on this product image, what type of product is shown?	/mnt/nfs/zyxing/VLMEvalKit/Q1/q1_images/karpensteel.com/SDC14125-1030x773_ae7cae6acecd.jpg	Robots	Commercial Security Equipment	Aluminum Docks	Roofing	Cones,	Steel Doors And Frames	F	karpensteel.com	Q1	product_type	Medium	karpensteel.com			The image shows a metal frame structure consistent with steel doors and frames, making the question reasonable, the ground truth correct, and the other options unrelated to the product shown.	
355	Based on this product image, what type of product is shown?	/mnt/nfs/zyxing/VLMEvalKit/Q1/q1_images/karpensteel.com/img_1879-773x1030_e8a6fdeca8cf.jpg	Aluminum Docks	Fabricated Parts	Steel Doors And Frames	Robots	Custom Tanks And Hoppers	Cones,	C	karpensteel.com	Q1	product_type	Medium	karpensteel.com			The image clearly shows a steel door frame, making the question reasonable, the ground truth correct, and all other options unrelated to the product shown.	
356	Based on this product image, what type of product is shown?	/mnt/nfs/zyxing/VLMEvalKit/Q1/q1_images/karpensteel.com/118051-003-773x1030_d8b55513eed3.jpg	Hvac Duct Work	Aluminum Docks	Heavy Duty Doors And Frames	Robots	Steel Doors And Frames	Roofing	C;E	karpensteel.com	Q1	product_type	Medium	karpensteel.com			The image shows a heavy duty steel door frame, making the question reasonable and the accepted answers correct, while the distractors do not match the product type.	
357	Based on this product image, what type of product is shown?	/mnt/nfs/zyxing/VLMEvalKit/Q1/q1_images/karpensteel.com/door-4_7b1cc2abdd8c.jpg	Trailer Components	Fabricated Parts	Steel Doors And Frames	Cones,	Commercial Security Equipment	Custom Tanks And Hoppers	C	karpensteel.com	Q1	product_type	Medium	karpensteel.com			The image clearly shows steel doors with frames, making the question reasonable, the ground truth correct, and the other options unrelated to the product shown.	
358	Based on this product image, what type of product is shown?	/mnt/nfs/zyxing/VLMEvalKit/Q1/q1_images/karpensteel.com/img_3106_95751ef68b82.jpg	Cones,	Robots	Backhoe Loader	Heavy Duty Doors And Frames	Steel Doors And Frames	Fabricated Parts	D;E	karpensteel.com	Q1	product_type	Medium	karpensteel.com			The image shows a steel door with circular windows, making the question reasonable and the accepted answers about steel or heavy duty doors correct, while the distractors are unrelated products.	
359	Based on this product image, what type of product is shown?	/mnt/nfs/zyxing/VLMEvalKit/Q1/q1_images/karpensteel.com/SDC13810-1030x773_cb3a8f4d465e.jpg	Fabricated Parts	Heavy Duty Doors And Frames	Robots	Backhoe Loader	Steel Doors And Frames	Cones,	B;E	karpensteel.com	Q1	product_type	Medium	karpensteel.com			The image shows steel door frames which fit the accepted answers B and E, while the other options are unrelated to the product shown.	
360	Based on this product image, what type of product is shown?	/mnt/nfs/zyxing/VLMEvalKit/Q1/q1_images/karpensteel.com/door-11_3cfd638b6cab.jpg	Steel Doors And Frames	Cable Assemblies	Awnings	Backhoe Loader	Bronze Valves	Heavy Duty Doors And Frames	A;F	karpensteel.com	Q1	product_type	Medium	karpensteel.com			The image clearly shows a heavy-duty steel door, making the question reasonable and the accepted answers correct, while the distractors are unrelated product types.	
361	Based on this product image, what type of product is shown?	/mnt/nfs/zyxing/VLMEvalKit/Q1/q1_images/karpensteel.com/SDC13535-scaled-e1591368404959-773x1030_2253468fbdba.jpg	Backhoe Loader	Steel Doors And Frames	Commercial Security Equipment	Trailer Components	Fabricated Parts	Cones,	B	karpensteel.com	Q1	product_type	Medium	karpensteel.com			The image clearly shows a steel door frame, making the question reasonable, the ground truth answer correct, and all other options unrelated to the product shown.	
362	Based on this product image, what type of product is shown?	/mnt/nfs/zyxing/VLMEvalKit/Q1/q1_images/kewaunee.com/SashType-Telescoping_photo1_581x450.jpg_861dc4d9012a.jpg	Gaskets	Laboratory Furniture	Fixtures	Aerospace Components	Pumps	Structural Steel	B	kewaunee.com	Q1	product_type	Medium	kewaunee.com			The image shows a laboratory fume hood, which is a type of laboratory furniture, and the other options do not match this product type.	
363	Based on this product image, what type of product is shown?	/mnt/nfs/zyxing/VLMEvalKit/Q1/q1_images/kewaunee.com/Supreme-Air_photo3_581x450.jpg_5e6e9bdee2cb.jpg	Connectors	Laboratory Furniture	Replacement Parts	Automotive Parts	Tanks	Enclosures	B	kewaunee.com	Q1	product_type	Medium	kewaunee.com			The image clearly shows laboratory furniture such as fume hoods and workbenches, making the question reasonable, the ground truth correct, and the distractors unrelated to this type of product.	
364	Based on this product image, what type of product is shown?	/mnt/nfs/zyxing/VLMEvalKit/Q1/q1_images/kewaunee.com/TruView-Hood-bethal-1-581x450-1_492c75343f62.jpg	Laboratory Furniture	Pumps	Gaskets	Fasteners	Shafts	Brackets	A	kewaunee.com	Q1	product_type	Medium	kewaunee.com			The image clearly shows laboratory furniture such as fume hoods and cabinets, making the question reasonable, the ground truth correct, and all distractors unrelated to the product shown.	
365	Based on this product image, what type of product is shown?	/mnt/nfs/zyxing/VLMEvalKit/Q1/q1_images/kewaunee.com/20181003_113001.jpg_c926b18eb218.jpg	Pumps	Enclosures	Wedge Lock Washers	Shafts	Structural Steel	Laboratory Furniture	F	kewaunee.com	Q1	product_type	Medium	kewaunee.com			The image clearly shows laboratory furniture, making the question reasonable, the ground truth correct, and all other options unrelated to the product shown.	
366	Based on this product image, what type of product is shown?	/mnt/nfs/zyxing/VLMEvalKit/Q1/q1_images/kewaunee.com/Configuration-Walkin_photo1_581x450.jpg_e974feb75e77.jpg	Custom Tooling	Accessories	Decorative Chrome Plating	Upholstery Nails	Wedge Lock Washers	Laboratory Furniture	F	kewaunee.com	Q1	product_type	Medium	kewaunee.com			The image shows a laboratory fume hood, which fits the category of laboratory furniture, and the other options are unrelated to this type of product.	
367	Based on this product image, what type of product is shown?	/mnt/nfs/zyxing/VLMEvalKit/Q1/q1_images/kewaunee.com/adaptable-systems-flexible-banner.png_a7be47bde179.png	Laboratory Furniture	Upholstery Nails	Wedge Lock Washers	Ductwork	Laser Cut Parts	Valves	A	kewaunee.com	Q1	product_type	Medium	kewaunee.com			The image clearly shows a piece of laboratory furniture, making the question reasonable, the ground truth correct, and all other options unrelated to the product shown.	
368	Based on this product image, what type of product is shown?	/mnt/nfs/zyxing/VLMEvalKit/Q1/q1_images/kewaunee.com/HoodUse-General_photo1_581x450.jpg_c6f43d20f311.jpg	Aluminum	Laboratory Furniture	Pumps	Structural Steel	Gaskets	Aerospace Components	B	kewaunee.com	Q1	product_type	Medium	kewaunee.com			The image shows a laboratory fume hood, which fits the category of laboratory furniture, and the other options do not correspond to this type of product.	
369	Based on this product image, what type of product is shown?	/mnt/nfs/zyxing/VLMEvalKit/Q1/q1_images/kewaunee.com/adjustabench-feture-image-1_0f770eb39b3f.jpg	Fasteners	Upholstery Nails	Signs	Valves	Laboratory Furniture	Wedge Lock Washers	E	kewaunee.com	Q1	product_type	Medium	kewaunee.com			The image shows a specialized workstation or bench typical of laboratory furniture, making the question reasonable, the ground truth correct, and all distractors unrelated to this type of product.	
370	Based on this product image, what type of product is shown?	/mnt/nfs/zyxing/VLMEvalKit/Q1/q1_images/kewaunee.com/AdjustaBench_photo3_581x450.jpg_eea5c25636a9.jpg	Stainless Steel	Aluminum	Brackets	Fasteners	Laboratory Furniture	Valves	E	kewaunee.com	Q1	product_type	Medium	kewaunee.com			The image shows a part of a laboratory furniture piece, making the question reasonable, the ground truth correct, and the other options unrelated to the product shown.	
371	Based on this product image, what type of product is shown?	/mnt/nfs/zyxing/VLMEvalKit/Q1/q1_images/kewaunee.com/Full-Overlay-Style-05_photo1_581x450.jpg_ade61ec146c3.jpg	Brackets	Laboratory Furniture	Fasteners	Aluminum	Stainless Steel	Aerospace Components	B	kewaunee.com	Q1	product_type	Medium	kewaunee.com			The image shows a cabinet typical of laboratory furniture, making the question reasonable, the ground truth correct, and the other options unrelated to the product shown.	
372	Based on this product image, what type of product is shown?	/mnt/nfs/zyxing/VLMEvalKit/Q1/q1_images/kewaunee.com/MatrixInstructor_photo3_581x450.jpg_efe07afbc3d9.jpg	Fasteners	Decorative Chrome Plating	Laboratory Furniture	Upholstery Nails	Valves	Wedge Lock Washers	C	kewaunee.com	Q1	product_type	Medium	kewaunee.com			The image clearly shows laboratory furniture, making the question reasonable, the ground truth correct, and all distractors unrelated to the product shown.	
373	Based on this product image, what type of product is shown?	/mnt/nfs/zyxing/VLMEvalKit/Q1/q1_images/kewaunee.com/Tops-Stainless-Steel_Photo-4-581x450-1.jpg_c8c6d7b6183d.jpg	Aerospace Components	Laboratory Furniture	Gaskets	Structural Steel	Upholstery Nails	Wedge Lock Washers	B	kewaunee.com	Q1	product_type	Medium	kewaunee.com			The image shows a laboratory sink and cabinetry setup, which fits the category of laboratory furniture, while the other options are unrelated to this type of product.	
374	Based on this product image, what type of product is shown?	/mnt/nfs/zyxing/VLMEvalKit/Q1/q1_images/kewaunee.com/Radius-Lip-Style-01_photo6_581x450.jpg_d9c1df227970.jpg	Enclosures	Pumps	Laboratory Furniture	Structural Steel	Shafts	Gaskets	C	kewaunee.com	Q1	product_type	Medium	kewaunee.com			The image clearly shows laboratory furniture, making the question reasonable, the ground truth correct, and all distractors unrelated to the product shown.	
375	Based on this product image, what type of product is shown?	/mnt/nfs/zyxing/VLMEvalKit/Q1/q1_images/kewaunee.com/Alpha-Island_thumb_2543326e9ce5.jpg	Fasteners	Laboratory Furniture	Stainless Steel	Aluminum	Brackets	Aerospace Components	B	kewaunee.com	Q1	product_type	Medium	kewaunee.com			The image clearly shows laboratory furniture, making the question reasonable, the ground truth correct, and all other options unrelated to the product shown.	
376	Based on this product image, what type of product is shown?	/mnt/nfs/zyxing/VLMEvalKit/Q1/q1_images/kewaunee.com/adjusta-bench-banner-thumbnail-1.png_577d4890625b.png	Structural Steel	Fixtures	Wedge Lock Washers	Laboratory Furniture	Gaskets	Upholstery Nails	D	kewaunee.com	Q1	product_type	Medium	kewaunee.com			The image shows a specialized workstation typical of laboratory furniture, making the question reasonable, the ground truth correct, and all other options unrelated to this product type.	
377	Based on this product image, what type of product is shown?	/mnt/nfs/zyxing/VLMEvalKit/Q1/q1_images/kewaunee.com/Alpha-Partition-6inch_photo3_581x450.jpg_51be66466170.jpg	Wedge Lock Washers	Upholstery Nails	Brackets	Laboratory Furniture	Business Cards	Valves	D	kewaunee.com	Q1	product_type	Medium	kewaunee.com			The image clearly shows laboratory furniture, making the question reasonable, the ground truth correct, and all other options unrelated to the product shown.	
378	Based on this product image, what type of product is shown?	/mnt/nfs/zyxing/VLMEvalKit/Q1/q1_images/kewaunee.com/Supreme-Air_photo4_581x450.jpg_493d2bbad390.jpg	Recliner Mechanism	Laboratory Furniture	Wedge Lock Washers	Prototypes	Gates	Upholstery Nails	B	kewaunee.com	Q1	product_type	Medium	kewaunee.com			The image clearly shows laboratory furniture such as fume hoods, making the question reasonable, the ground truth correct, and all other options unrelated to the product shown.	
379	Based on this product image, what type of product is shown?	/mnt/nfs/zyxing/VLMEvalKit/Q1/q1_images/kewaunee.com/Alpha-Partition-6inch_photo1_581x450.jpg_c1b9e601aebd.jpg	Upholstery Nails	Wedge Lock Washers	Decorative Chrome Plating	Custom Tooling	Laboratory Furniture	Accessories	E	kewaunee.com	Q1	product_type	Medium	kewaunee.com			The image clearly shows laboratory furniture, making the question reasonable, the ground truth correct, and all distractors unrelated to the product shown.	
380	Based on this product image, what type of product is shown?	/mnt/nfs/zyxing/VLMEvalKit/Q1/q1_images/kewaunee.com/Alpha-SC-Vertical_photo2_581x450.jpg_f275cfc6650d.jpg	Connectors	Enclosures	Replacement Parts	Medical Devices	Laboratory Furniture	Shafts	E	kewaunee.com	Q1	product_type	Medium	kewaunee.com			The image shows modular workstations with power outlets typical of laboratory furniture, making the question reasonable, the ground truth correct, and the distractors unrelated to this type of product.	
381	Based on this product image, what type of product is shown?	/mnt/nfs/zyxing/VLMEvalKit/Q1/q1_images/kewaunee.com/Alpha-SC-Wall_photo1_581x450.jpg_2470769b2c4c.jpg	Aerospace Components	Gaskets	Structural Steel	Posters	Stainless Steel	Laboratory Furniture	F	kewaunee.com	Q1	product_type	Medium	kewaunee.com			The image shows laboratory sinks and fixtures consistent with laboratory furniture, making the question reasonable, the ground truth correct, and the distractors unrelated to the product shown.	
382	Based on this product image, what type of product is shown?	/mnt/nfs/zyxing/VLMEvalKit/Q1/q1_images/kewaunee.com/Evolution-WC_photo2_581x450.jpg_4e78580b6953.jpg	Laboratory Furniture	Stainless Steel	Brackets	Aerospace Components	Aluminum	Fasteners	A	kewaunee.com	Q1	product_type	Medium	kewaunee.com			The image clearly shows laboratory furniture, making the question reasonable, the ground truth correct, and all other options unrelated to the product shown.	
383	Based on this product image, what type of product is shown?	/mnt/nfs/zyxing/VLMEvalKit/Q1/q1_images/kewaunee.com/Fittings_Photo8_581x450.jpg_37130a098fa2.jpg	Replacement Parts	Laboratory Furniture	Shafts	Wedge Lock Washers	Enclosures	Upholstery Nails	B	kewaunee.com	Q1	product_type	Medium	kewaunee.com			The image shows a laboratory sink setup which fits the category of laboratory furniture, and the other options do not relate to this type of product.	
384	Based on this product image, what type of product is shown?	/mnt/nfs/zyxing/VLMEvalKit/Q1/q1_images/kewaunee.com/Sinks-Cupsink_photo1_581x450_de05b1aa8fd4.jpg	Custom Tooling	Laboratory Furniture	Ductwork	Upholstery Nails	Decals	Wedge Lock Washers	B	kewaunee.com	Q1	product_type	Medium	kewaunee.com			The image shows a specialized sink and faucet setup typical of laboratory furniture, making the question reasonable, the ground truth correct, and the other options unrelated to the product shown.	
385	Based on this product image, what type of product is shown?	/mnt/nfs/zyxing/VLMEvalKit/Q1/q1_images/kewaunee.com/MatrixInstructor_photo2_581x450.jpg_61c3c1cad8fa.jpg	Fasteners	Wedge Lock Washers	Brackets	Upholstery Nails	Laboratory Furniture	Decorative Chrome Plating	E	kewaunee.com	Q1	product_type	Medium	kewaunee.com			The image clearly shows a piece of laboratory furniture with cabinets and equipment, making the question reasonable, the ground truth correct, and all distractors unrelated to this type of product.	
386	Based on this product image, what type of product is shown?	/mnt/nfs/zyxing/VLMEvalKit/Q1/q1_images/kewaunee.com/adaptable-systems-flexible-banner_7baca990a1a8.png	Laboratory Furniture	Wedge Lock Washers	Structural Steel	Aerospace Components	Gaskets	Upholstery Nails	A	kewaunee.com	Q1	product_type	Medium	kewaunee.com			The image clearly shows a piece of laboratory furniture, making the question reasonable, the ground truth correct, and all other options unrelated to the product shown.	
387	Based on this product image, what type of product is shown?	/mnt/nfs/zyxing/VLMEvalKit/Q1/q1_images/kewaunee.com/Supreme-Air_photo1_581x450.jpg_2c06b7b22fb8.jpg	Pumps	Structural Steel	Laboratory Furniture	Gaskets	Upholstery Nails	Wedge Lock Washers	C	kewaunee.com	Q1	product_type	Medium	kewaunee.com			The image shows a laboratory fume hood, which is a type of laboratory furniture, and the other options do not match this product type.	
388	Based on this product image, what type of product is shown?	/mnt/nfs/zyxing/VLMEvalKit/Q1/q1_images/kewaunee.com/Evolution-kewaunee-snow-white-web-e1714746310511.jpg_476ec5dad4c0.jpg	Wedge Lock Washers	Laboratory Furniture	Upholstery Nails	Gaskets	Pumps	Structural Steel	B	kewaunee.com	Q1	product_type	Medium	kewaunee.com			The image clearly shows laboratory furniture such as workbenches and shelving, making the question reasonable, the ground truth correct, and all other options unrelated to the product shown.	
389	Based on this product image, what type of product is shown?	/mnt/nfs/zyxing/VLMEvalKit/Q1/q1_images/kewaunee.com/accessories_sinks_thumb.jpg_a35a65ac34dd.jpg	Upholstery Nails	Aerospace Components	Fixtures	Gaskets	Flyers	Laboratory Furniture	F	kewaunee.com	Q1	product_type	Medium	kewaunee.com			The image shows a stainless steel sink unit typical of laboratory furniture, making the question reasonable, the ground truth correct, and all distractors unrelated to this product.	
390	Based on this product image, what type of product is shown?	/mnt/nfs/zyxing/VLMEvalKit/Q1/q1_images/kewaunee.com/00-dec-14-img_8224_new-768x535-1_946546ba6c84.jpg	Laboratory Furniture	Structural Steel	Gaskets	Upholstery Nails	Wedge Lock Washers	Pumps	A	kewaunee.com	Q1	product_type	Medium	kewaunee.com			The image clearly shows laboratory furniture such as workbenches and fume hoods, making the question reasonable, the ground truth correct, and all other options unrelated to the product shown.	
391	Based on this product image, what type of product is shown?	/mnt/nfs/zyxing/VLMEvalKit/Q1/q1_images/kewaunee.com/Alpha-FS-Table_photo2_581x450.jpg_38e03d4d6cfb.jpg	Decorative Chrome Plating	Aluminum	Upholstery Nails	Brackets	Wedge Lock Washers	Laboratory Furniture	F	kewaunee.com	Q1	product_type	Medium	kewaunee.com			The image clearly shows laboratory furniture, making the question reasonable, the ground truth answer correct, and all other options unrelated to the product shown.	
392	Based on this product image, what type of product is shown?	/mnt/nfs/zyxing/VLMEvalKit/Q1/q1_images/kewaunee.com/Alpha-Wall-1inch_photo5_581x450_955c0d9b8b4a.jpg	Fixtures	Decorative Chrome Plating	Aerospace Components	Laboratory Furniture	Gaskets	Upholstery Nails	D	kewaunee.com	Q1	product_type	Medium	kewaunee.com			The image shows a laboratory workspace with specialized furniture and fixtures, making the question reasonable, the ground truth correct, and the distractors unrelated to laboratory furniture.	
393	Based on this product image, what type of product is shown?	/mnt/nfs/zyxing/VLMEvalKit/Q1/q1_images/kewaunee.com/Alpha-Wall-1inch_photo1_581x450-1.jpg_110a8f175d11.jpg	Replacement Parts	Laboratory Furniture	Connectors	Wedge Lock Washers	Shafts	Enclosures	B	kewaunee.com	Q1	product_type	Medium	kewaunee.com			The image shows laboratory shelving and fixtures consistent with laboratory furniture, making the question reasonable, the ground truth correct, and the distractors unrelated to the product shown.	
394	Based on this product image, what type of product is shown?	/mnt/nfs/zyxing/VLMEvalKit/Q1/q1_images/kewaunee.com/laboratory-fume-hoods-banner.png_6ccf176bbabb.png	Structural Steel	Gaskets	Fixtures	Upholstery Nails	Wedge Lock Washers	Laboratory Furniture	F	kewaunee.com	Q1	product_type	Medium	kewaunee.com			The image shows a laboratory fume hood, which is a type of laboratory furniture, and the distractors are unrelated product categories.	
395	Based on this product image, what type of product is shown?	/mnt/nfs/zyxing/VLMEvalKit/Q1/q1_images/kewaunee.com/MatrixStudent_photo1_581x450.jpg_24d3019e0433.jpg	Prototypes	Brackets	Laboratory Furniture	Accessories	Valves	Fasteners	C	kewaunee.com	Q1	product_type	Medium	kewaunee.com			The image clearly shows laboratory furniture (stools and a lab bench), making the question reasonable, the ground truth correct, and the distractors unrelated to the product shown.	
396	Based on this product image, what type of product is shown?	/mnt/nfs/zyxing/VLMEvalKit/Q1/q1_images/kewaunee.com/TruView-Hood_photo4_581x450.jpg_54bb53609ee2.jpg	Prototypes	Valves	Laboratory Furniture	Brackets	Accessories	Fasteners	C	kewaunee.com	Q1	product_type	Medium	kewaunee.com			The image shows laboratory fume hoods and cabinetry, which are types of laboratory furniture, making the question reasonable, the ground truth correct, and the other options unrelated to the product shown.	
397	Based on this product image, what type of product is shown?	/mnt/nfs/zyxing/VLMEvalKit/Q1/q1_images/kewaunee.com/Support_Photo3_581x450.jpg_d9a0f8307e9e.jpg	Medical Devices	Connectors	Laboratory Furniture	Shafts	Replacement Parts	Enclosures	C	kewaunee.com	Q1	product_type	Medium	kewaunee.com			The image shows a laboratory drying rack, which fits the category of laboratory furniture, and the other options do not match this type of product.	
398	Based on this product image, what type of product is shown?	/mnt/nfs/zyxing/VLMEvalKit/Q1/q1_images/kewaunee.com/Accessories_Support_WakeForest-581x450-1_b5b99895b089.jpg	Stainless Steel	Fasteners	Valves	Brackets	Aluminum	Laboratory Furniture	F	kewaunee.com	Q1	product_type	Medium	kewaunee.com			The image shows laboratory furniture components such as shelves and an exhaust arm, making the question reasonable, the ground truth correct, and the distractors unrelated to this type of product.	
399	Based on this product image, what type of product is shown?	/mnt/nfs/zyxing/VLMEvalKit/Q1/q1_images/kewaunee.com/Alpha-Elevation-Table_Photo1_581x450.jpg_7d84825e3f1b.jpg	Enclosures	Pumps	Laboratory Furniture	Shafts	Gaskets	Replacement Parts	C	kewaunee.com	Q1	product_type	Medium	kewaunee.com			The image shows a piece of laboratory furniture, making the question reasonable, the ground truth correct, and all other options unrelated to the product shown.	
400	Based on this product image, what type of product is shown?	/mnt/nfs/zyxing/VLMEvalKit/Q1/q1_images/kewaunee.com/TruView-Hood_photo3_581x450_a8e6eb2d3730.jpg	Laboratory Furniture	Pumps	Wedge Lock Washers	Gaskets	Fixtures	Structural Steel	A	kewaunee.com	Q1	product_type	Medium	kewaunee.com			The image clearly shows laboratory furniture such as fume hoods and workbenches, making the question reasonable, the ground truth correct, and the distractors unrelated to the product shown.	
401	Based on this product image, what type of product is shown?	/mnt/nfs/zyxing/VLMEvalKit/Q1/q1_images/kewaunee.com/banner-fumehood-img.png_fa765e011d16.png	Laboratory Furniture	Seals	Firearms	Decorative Chrome Plating	Envelopes	Laser Cut Parts	A	kewaunee.com	Q1	product_type	Medium	kewaunee.com			The image shows laboratory fume hoods, which are a type of laboratory furniture, and the other options are unrelated to this product.	
402	Based on this product image, what type of product is shown?	/mnt/nfs/zyxing/VLMEvalKit/Q1/q1_images/kewaunee.com/basikbench-simplcity-monitor.jpg_59126ec94785.jpg	Laboratory Furniture	Aerospace Components	Decorative Chrome Plating	Wedge Lock Washers	Aluminum	Stainless Steel	A	kewaunee.com	Q1	product_type	Medium	kewaunee.com			The image clearly shows laboratory furniture, making the question reasonable, the ground truth correct, and all other options unrelated to the product shown.	
403	Based on this product image, what type of product is shown?	/mnt/nfs/zyxing/VLMEvalKit/Q1/q1_images/kewaunee.com/user-powerbar-mounting.jpg_32054afc6b0a.jpg	Valves	Laboratory Furniture	Wedge Lock Washers	Screws	Brackets	Upholstery Nails	B	kewaunee.com	Q1	product_type	Medium	kewaunee.com			The image clearly shows a piece of laboratory furniture, making the question reasonable, the ground truth correct, and all distractors unrelated to the product shown.	
404	Based on this product image, what type of product is shown?	/mnt/nfs/zyxing/VLMEvalKit/Q1/q1_images/kewaunee.com/Acid_photo4_581x450.jpg_42c3500b29bb.jpg	Wedge Lock Washers	Upholstery Nails	Fasteners	Laboratory Furniture	Decorative Chrome Plating	Valves	D	kewaunee.com	Q1	product_type	Medium	kewaunee.com			The image shows a laboratory storage cabinet, which fits the category of laboratory furniture, and the other options are unrelated to this type of product.	
405	Based on this product image, what type of product is shown?	/mnt/nfs/zyxing/VLMEvalKit/Q1/q1_images/kewaunee.com/6-2-post-sidebyside.jpg_e3af391026c4.jpg	Gaskets	Upholstery Nails	Shafts	Laboratory Furniture	Enclosures	Pumps	D	kewaunee.com	Q1	product_type	Medium	kewaunee.com			The image clearly shows laboratory furniture, making the question reasonable, the ground truth correct, and all other options unrelated to the product shown.	
406	Based on this product image, what type of product is shown?	/mnt/nfs/zyxing/VLMEvalKit/Q1/q1_images/kewaunee.com/lab-air-thumb_effbf6c91944.jpg	Business Cards	Laboratory Furniture	Caps	Postcards	Decorative Chrome Plating	Laser Cut Parts	B	kewaunee.com	Q1	product_type	Medium	kewaunee.com			The image shows a laboratory fume hood, which fits the category of laboratory furniture, and the other options are unrelated to this type of product.	
407	Based on this product image, what type of product is shown?	/mnt/nfs/zyxing/VLMEvalKit/Q1/q1_images/kewaunee.com/enterprise-kewaunee-shelves.jpg_990fb6162444.jpg	Shafts	Windows	Banners	Pins	Gears	Laboratory Furniture	F	kewaunee.com	Q1	product_type	Medium	kewaunee.com			The image clearly shows laboratory furniture, making the question reasonable, the ground truth correct, and all other options unrelated to the product shown.	
408	Based on this product image, what type of product is shown?	/mnt/nfs/zyxing/VLMEvalKit/Q1/q1_images/kewaunee.com/UGA-ISRB-Nycom-Inc-5.jpg_4032129f3543.jpg	Shafts	Aerospace Components	Connectors	Automotive Parts	Laboratory Furniture	Medical Devices	E	kewaunee.com	Q1	product_type	Medium	kewaunee.com			The image clearly shows laboratory furniture such as workbenches and shelving, making the question reasonable and the ground truth correct, while the other options do not match the product shown.	
409	Based on this product image, what type of product is shown?	/mnt/nfs/zyxing/VLMEvalKit/Q1/q1_images/kewaunee.com/Sinks-Stainless_Photo2_581x450.jpg_9c1a499975a6.jpg	Laboratory Furniture	Structural Steel	Gaskets	Fixtures	Upholstery Nails	Wedge Lock Washers	A	kewaunee.com	Q1	product_type	Medium	kewaunee.com			The image shows a specialized sink setup typical in laboratory environments, making 'Laboratory Furniture' the correct classification, while the other options do not relate to this type of product.	
410	Based on this product image, what type of product is shown?	/mnt/nfs/zyxing/VLMEvalKit/Q1/q1_images/kewaunee.com/Alpha-FS-Table_photo1_581x450.jpg_1539c2ecd10a.jpg	Aluminum	Pumps	Gaskets	Aerospace Components	Laboratory Furniture	Structural Steel	E	kewaunee.com	Q1	product_type	Medium	kewaunee.com			The image shows a laboratory workbench, making the question reasonable, the ground truth answer correct, and all other options unrelated to the product shown.	
411	Based on this product image, what type of product is shown?	/mnt/nfs/zyxing/VLMEvalKit/Q1/q1_images/kewaunee.com/Sinks-Kemresin-Tub_Photo3_581x450.png_bdc80f0a0987.jpg	Shafts	Gaskets	Structural Steel	Pumps	Aerospace Components	Laboratory Furniture	F	kewaunee.com	Q1	product_type	Medium	kewaunee.com			The image clearly shows laboratory furniture, making the question reasonable, the ground truth correct, and all distractors unrelated to the product shown.	
412	Based on this product image, what type of product is shown?	/mnt/nfs/zyxing/VLMEvalKit/Q1/q1_images/kewaunee.com/Tops-Stainless-Steel_Photo-3-581x450-1_cbd0ebe10bc0.jpg	Laboratory Furniture	Wedge Lock Washers	Fixtures	Upholstery Nails	Structural Steel	Gaskets	A	kewaunee.com	Q1	product_type	Medium	kewaunee.com			The image shows a laboratory sink setup with cabinetry, fitting the category of laboratory furniture, while the other options do not match the visible product type.	
413	Based on this product image, what type of product is shown?	/mnt/nfs/zyxing/VLMEvalKit/Q1/q1_images/kewaunee.com/outlets-right-side-abovebelow.png_b4571931f10e.png	Laboratory Furniture	Structural Steel	Fixtures	Enclosures	Pumps	Shafts	A	kewaunee.com	Q1	product_type	Medium	kewaunee.com			The image shows a workbench with electrical outlets and a sturdy frame typical of laboratory furniture, making the question reasonable, the ground truth correct, and the other options unrelated to this product.	
414	Based on this product image, what type of product is shown?	/mnt/nfs/zyxing/VLMEvalKit/Q1/q1_images/kewaunee.com/overlay-square-edge-1.jpg_f5a237bf5b2d.jpg	Laboratory Furniture	Ductwork	Laser Cut Parts	Prototypes	Wedge Lock Washers	Upholstery Nails	A	kewaunee.com	Q1	product_type	Medium	kewaunee.com			The image shows a cabinet typical of laboratory furniture, making the question reasonable, the ground truth correct, and all other options unrelated to this type of product.	
415	Based on this product image, what type of product is shown?	/mnt/nfs/zyxing/VLMEvalKit/Q1/q1_images/kewaunee.com/Sinks-Kemresin-Dropin_Photo2_581x450.jpg_02505fc5fe11.jpg	Structural Steel	Wedge Lock Washers	Upholstery Nails	Gaskets	Laboratory Furniture	Fixtures	E	kewaunee.com	Q1	product_type	Medium	kewaunee.com			The image shows a laboratory sink setup which fits the category of laboratory furniture, and the other options do not relate to this type of product.	
416	Based on this product image, what type of product is shown?	/mnt/nfs/zyxing/VLMEvalKit/Q1/q1_images/kewaunee.com/HoodUse-Isotope_photo2_581x450_1704e4fb4413.jpg	Screws	Ductwork	Rivets	Laboratory Furniture	Upholstery Nails	Oem Components	D	kewaunee.com	Q1	product_type	Medium	kewaunee.com			The image shows a laboratory fume hood, which is a type of laboratory furniture, and the other options are unrelated to this product type.	
417	Based on this product image, what type of product is shown?	/mnt/nfs/zyxing/VLMEvalKit/Q1/q1_images/kewaunee.com/IMG_8119.jpg_190082b595e1.jpg	Laboratory Furniture	Aluminum	Brackets	Stainless Steel	Business Cards	Upholstery Nails	A	kewaunee.com	Q1	product_type	Medium	kewaunee.com			The image shows laboratory gas and vacuum outlets typically found in laboratory furniture setups, making the question reasonable, the ground truth correct, and the other options unrelated to the product shown.	
418	Based on this product image, what type of product is shown?	/mnt/nfs/zyxing/VLMEvalKit/Q1/q1_images/kewaunee.com/laboratory-fume-hoods-banner-2.png_31d85ec0def7.png	Aerospace Components	Gaskets	Pumps	Laboratory Furniture	Structural Steel	Aluminum	D	kewaunee.com	Q1	product_type	Medium	kewaunee.com			The image shows a laboratory fume hood, which is a type of laboratory furniture, and the other options do not match this product type.	
419	Based on this product image, what type of product is shown?	/mnt/nfs/zyxing/VLMEvalKit/Q1/q1_images/kewaunee.com/Supreme-Air_photo2_581x450_7d59738a266d.jpg	Laboratory Furniture	Wedge Lock Washers	Structural Steel	Gaskets	Shafts	Pumps	A	kewaunee.com	Q1	product_type	Medium	kewaunee.com			The image shows laboratory fume hoods, which are a type of laboratory furniture, and the other options do not match the product shown.	
420	Based on this product image, what type of product is shown?	/mnt/nfs/zyxing/VLMEvalKit/Q1/q1_images/kewaunee.com/MatrixInstructor_photo5_581x450.jpg_a2e0d3d3a727.jpg	Shafts	Laboratory Furniture	Enclosures	Pumps	Replacement Parts	Structural Steel	B	kewaunee.com	Q1	product_type	Medium	kewaunee.com			The image clearly shows laboratory furniture, making the question reasonable, the ground truth correct, and all other options unrelated to the product shown.	
421	Based on this product image, what type of product is shown?	/mnt/nfs/zyxing/VLMEvalKit/Q1/q1_images/kewaunee.com/Sinks-Kemresin-Tub_Photo2_581x450.jpg_e6a579496d18.jpg	Wire And Steel Parts	Stairs	Laser Cut Parts	Cutting Tools	Vehicle Wraps	Laboratory Furniture	F	kewaunee.com	Q1	product_type	Medium	kewaunee.com			The image shows a specialized sink setup typical of laboratory furniture, making the question reasonable, the ground truth correct, and all other options unrelated to the product shown.	
422	Based on this product image, what type of product is shown?	/mnt/nfs/zyxing/VLMEvalKit/Q1/q1_images/kewaunee.com/TruView-Hood-bethal-2-581x450-1.jpg_3601088e3b7e.jpg	Gaskets	Upholstery Nails	Pumps	Fixtures	Structural Steel	Laboratory Furniture	F	kewaunee.com	Q1	product_type	Medium	kewaunee.com			The image shows a laboratory fume hood, which fits the category of laboratory furniture, and the other options do not match this type of product.	
423	Based on this product image, what type of product is shown?	/mnt/nfs/zyxing/VLMEvalKit/Q1/q1_images/kewaunee.com/ada-hood.jpg_97e09d9b8455.jpg	Laboratory Furniture	Upholstery Nails	Oem Components	Seals	Recliner Mechanism	Wedge Lock Washers	A	kewaunee.com	Q1	product_type	Medium	kewaunee.com			The image clearly shows laboratory furniture such as fume hoods, making the question reasonable, the ground truth correct, and all other options unrelated to the product shown.	
424	Based on this product image, what type of product is shown?	/mnt/nfs/zyxing/VLMEvalKit/Q1/q1_images/kewaunee.com/Full-Overlay-Style-05_photo5_581x450.jpg_1b00365cb1e0.jpg	Accessories	Prototypes	Laboratory Furniture	Brackets	Fasteners	Valves	C	kewaunee.com	Q1	product_type	Medium	kewaunee.com			The image clearly shows laboratory furniture, making the question reasonable, the ground truth correct, and all distractors unrelated to the product shown.	
425	Based on this product image, what type of product is shown?	/mnt/nfs/zyxing/VLMEvalKit/Q1/q1_images/kewaunee.com/MatrixStudent_photo2_581x450.jpg_818cf600e817.jpg	Valves	Laboratory Furniture	Brackets	Wedge Lock Washers	Upholstery Nails	Laser Cut Parts	B	kewaunee.com	Q1	product_type	Medium	kewaunee.com			The image shows a piece of laboratory furniture, making the question reasonable, the ground truth correct, and all other options unrelated to the product shown.	
426	Based on this product image, what type of product is shown?	/mnt/nfs/zyxing/VLMEvalKit/Q1/q1_images/kewaunee.com/Wood-Construction-Details_photo1_581x450.jpg_6c19aa9bcd25.jpg	Valves	Fasteners	Titanium	Laboratory Furniture	Wedge Lock Washers	Firearms	D	kewaunee.com	Q1	product_type	Medium	kewaunee.com			The image shows a cabinet with a drawer and door, which fits the category of laboratory furniture, while the other options are unrelated to this type of product.	
427	Based on this product image, what type of product is shown?	/mnt/nfs/zyxing/VLMEvalKit/Q1/q1_images/kewaunee.com/MatrixStudent_photo5_581x450.jpg_b86940accb69.jpg	Laboratory Furniture	Upholstery Nails	Wedge Lock Washers	Recliner Mechanism	Brackets	Aluminum	A	kewaunee.com	Q1	product_type	Medium	kewaunee.com			The image shows a laboratory sink unit, making the question reasonable, the correct answer laboratory furniture, and all other options unrelated to the product shown.	
428	Based on this product image, what type of product is shown?	/mnt/nfs/zyxing/VLMEvalKit/Q1/q1_images/kewaunee.com/Alpha-SC-Wall_photo2_581x450.jpg_fbf853e02fa2.jpg	Envelopes	Electoless Nickel Plating	Laser Cut Parts	Wedge Lock Washers	Laboratory Furniture	Water Heaters	E	kewaunee.com	Q1	product_type	Medium	kewaunee.com			The image shows shelving and work surfaces typical of laboratory furniture, making the question reasonable, the ground truth correct, and the other options unrelated to the product shown.	
429	Based on this product image, what type of product is shown?	/mnt/nfs/zyxing/VLMEvalKit/Q1/q1_images/kewaunee.com/TruViewWhite.png_d6f2347801e9.jpg	Enclosures	Wedge Lock Washers	Laboratory Furniture	Shafts	Upholstery Nails	Gaskets	C	kewaunee.com	Q1	product_type	Medium	kewaunee.com			The image shows laboratory furniture such as fume hoods, making the question reasonable, the ground truth correct, and all other options unrelated to the product shown.	
430	Based on this product image, what type of product is shown?	/mnt/nfs/zyxing/VLMEvalKit/Q1/q1_images/kewaunee.com/Alpha-Wall-3inch_photo1_581x450.jpg_9c8cb45bdab3.jpg	Laboratory Furniture	Connectors	Enclosures	Structural Steel	Shafts	Replacement Parts	A	kewaunee.com	Q1	product_type	Medium	kewaunee.com			The image shows shelving units typical of laboratory furniture, making the question reasonable, the ground truth answer correct, and all other options unrelated to the product shown.	
431	Based on this product image, what type of product is shown?	/mnt/nfs/zyxing/VLMEvalKit/Q1/q1_images/kewaunee.com/MatrixInstructor_photo1_581x450_53323c4b0e5b.jpg	Decorative Chrome Plating	Laboratory Furniture	Aluminum	Wedge Lock Washers	Stainless Steel	Upholstery Nails	B	kewaunee.com	Q1	product_type	Medium	kewaunee.com			The image clearly shows a laboratory setup with furniture designed for lab use, making the question reasonable, the ground truth correct, and all other options unrelated to the product shown.	
432	Based on this product image, what type of product is shown?	/mnt/nfs/zyxing/VLMEvalKit/Q1/q1_images/kewaunee.com/Alpha-Wall-1inch_photo3_581x450.jpg_9acac6889f65.jpg	Aerospace Components	Pumps	Structural Steel	Laboratory Furniture	Enclosures	Shafts	D	kewaunee.com	Q1	product_type	Medium	kewaunee.com			The image shows shelving units typical of laboratory furniture, making the question reasonable, the ground truth correct, and all other options unrelated to the product shown.	
433	Based on this product image, what type of product is shown?	/mnt/nfs/zyxing/VLMEvalKit/Q1/q1_images/kewaunee.com/educational-furniture-banner.png_5fb356827724.png	Wedge Lock Washers	Upholstery Nails	Structural Steel	Laboratory Furniture	Gaskets	Fixtures	D	kewaunee.com	Q1	product_type	Medium	kewaunee.com			The image shows a specialized sink unit typical of laboratory furniture, making the question reasonable, the ground truth correct, and the other options unrelated to this product.	
434	Based on this product image, what type of product is shown?	/mnt/nfs/zyxing/VLMEvalKit/Q1/q1_images/kewaunee.com/Alpha-SC-Wall_photo3_581x450.jpg_44f3bc161c3d.jpg	Banners	Ductwork	Wheels	Firearms	Upholstery Nails	Laboratory Furniture	F	kewaunee.com	Q1	product_type	Medium	kewaunee.com			The image shows laboratory furniture such as shelves and utility connections, making the question reasonable, the ground truth correct, and the distractors unrelated to the product shown.	
435	Based on this product image, what type of product is shown?	/mnt/nfs/zyxing/VLMEvalKit/Q1/q1_images/kewaunee.com/Supreme-Air_photo5_581x450_0b379e800565.jpg	Pumps	Gaskets	Stainless Steel	Aerospace Components	Laboratory Furniture	Structural Steel	E	kewaunee.com	Q1	product_type	Medium	kewaunee.com			The image shows a laboratory fume hood, which is a type of laboratory furniture, and the other options do not match this product type.	
436	Based on this product image, what type of product is shown?	/mnt/nfs/zyxing/VLMEvalKit/Q1/q1_images/kewaunee.com/construction-detail-photo3.jpg_75e09d12fe42.jpg	Wedge Lock Washers	Stainless Steel	Upholstery Nails	Aluminum	Decorative Chrome Plating	Laboratory Furniture	F	kewaunee.com	Q1	product_type	Medium	kewaunee.com			The image shows a cabinet with a drawer and door typical of laboratory furniture, making the question reasonable, the ground truth correct, and the other options unrelated to this product type.	
437	Based on this product image, what type of product is shown?	/mnt/nfs/zyxing/VLMEvalKit/Q1/q1_images/kewaunee.com/HD-Table-with-hood-150x150.png_1d20b4f75a15.png	Gaskets	Aluminum	Fixtures	Laboratory Furniture	Aerospace Components	Stainless Steel	D	kewaunee.com	Q1	product_type	Medium	kewaunee.com			The image shows a laboratory fume hood, which fits the category of laboratory furniture, while the other options do not accurately describe this product type.	
438	Based on this product image, what type of product is shown?	/mnt/nfs/zyxing/VLMEvalKit/Q1/q1_images/kewaunee.com/Accessories-Fittings_Photo1_581x450_a7c4acc5af56.jpg	Banners	Pins	Gears	Wedge Lock Washers	Laboratory Furniture	Windows	E	kewaunee.com	Q1	product_type	Medium	kewaunee.com			The image shows laboratory faucets and a countertop typical of laboratory furniture, making the question reasonable, the ground truth correct, and the distractors unrelated to the product shown.	
439	Based on this product image, what type of product is shown?	/mnt/nfs/zyxing/VLMEvalKit/Q1/q1_images/kewaunee.com/Laboratory-Hoods_Fume-Hoods_Photo1_581x450.jpg_6eadf1abb490.jpg	Upholstery Nails	Laboratory Furniture	Valves	Wedge Lock Washers	Prototypes	Decorative Chrome Plating	B	kewaunee.com	Q1	product_type	Medium	kewaunee.com			The image clearly shows laboratory furniture such as fume hoods and cabinets, making the question reasonable, the ground truth correct, and all other options unrelated to the product shown.	
440	Based on this product image, what type of product is shown?	/mnt/nfs/zyxing/VLMEvalKit/Q1/q1_images/kewaunee.com/Radius-Lip-Style-01_photo7_581x450.jpg_df8bf53dc0bd.jpg	Fasteners	Brackets	Toys	Valves	Wedge Lock Washers	Laboratory Furniture	F	kewaunee.com	Q1	product_type	Medium	kewaunee.com			The image clearly shows laboratory furniture, making the question reasonable, the ground truth correct, and all distractors unrelated to the product shown.	
441	Based on this product image, what type of product is shown?	/mnt/nfs/zyxing/VLMEvalKit/Q1/q1_images/kewaunee.com/Evolution-WC_photo1_581x450.jpg_f21f99429266.jpg	Connectors	Medical Devices	Shafts	Laboratory Furniture	Enclosures	Replacement Parts	D	kewaunee.com	Q1	product_type	Medium	kewaunee.com			The image clearly shows laboratory furniture, making the question reasonable, the ground truth correct, and all other options unrelated to the product shown.	
442	Based on this product image, what type of product is shown?	/mnt/nfs/zyxing/VLMEvalKit/Q1/q1_images/kewaunee.com/Sinks-Kemresin-Tub_Photo5_581x450.png_c8b85ac820e2.jpg	Structural Steel	Laboratory Furniture	Shafts	Pumps	Gaskets	Enclosures	B	kewaunee.com	Q1	product_type	Medium	kewaunee.com			The image shows a laboratory sink and drying rack setup typical of laboratory furniture, making the question reasonable, the ground truth correct, and the other options unrelated to the product shown.	
443	Based on this product image, what type of product is shown?	/mnt/nfs/zyxing/VLMEvalKit/Q1/q1_images/kewaunee.com/SashType-Combo_photo1_581x450.jpg_b4688b2c4bb0.jpg	Replacement Parts	Connectors	Enclosures	Laboratory Furniture	Shafts	Medical Devices	D	kewaunee.com	Q1	product_type	Medium	kewaunee.com			The image shows a laboratory fume hood, which fits the category of laboratory furniture, and the other options do not match this type of product.	
444	Based on this product image, what type of product is shown?	/mnt/nfs/zyxing/VLMEvalKit/Q1/q1_images/kewaunee.com/expoxy-lab-bench-kemresin.jpg_0d455679bab7.jpg	Laboratory Furniture	Tanks	Automotive Parts	Medical Devices	Banners	Connectors	A	kewaunee.com	Q1	product_type	Medium	kewaunee.com			The image shows a label on a product from Kewaunee, a known manufacturer of laboratory furniture, making the question reasonable, the ground truth correct, and the other options unrelated to this product type.	
445	Based on this product image, what type of product is shown?	/mnt/nfs/zyxing/VLMEvalKit/Q1/q1_images/kewaunee.com/How-to-Maximize-the-Efficiency-of-Your-Laboratory-Hood-Blog-_1a61c31f2e0c.png	Prototypes	Valves	Laboratory Furniture	Upholstery Nails	Wedge Lock Washers	Accessories	C	kewaunee.com	Q1	product_type	Medium	kewaunee.com			The image shows laboratory fume hoods, which are a type of laboratory furniture, making the question reasonable, the ground truth correct, and the distractors clearly unrelated.	
446	Based on this product image, what type of product is shown?	/mnt/nfs/zyxing/VLMEvalKit/Q1/q1_images/kewaunee.com/Alpha-SC-Enclosure_photo2_581x450.jpg_0c630615b353.jpg	Valves	Laboratory Furniture	Wedge Lock Washers	Fasteners	Decorative Chrome Plating	Upholstery Nails	B	kewaunee.com	Q1	product_type	Medium	kewaunee.com			The image clearly shows laboratory furniture, making the question reasonable, the ground truth correct, and all other options unrelated to the product shown.	
447	Based on this product image, what type of product is shown?	/mnt/nfs/zyxing/VLMEvalKit/Q1/q1_images/kewaunee.com/cabinet-stop.png_5b1c2d13d9ec.png	Fasteners	Stainless Steel	Laboratory Furniture	Pins	Aluminum	Brackets	C	kewaunee.com	Q1	product_type	Medium	kewaunee.com			The image shows a structure consistent with laboratory furniture, making the question reasonable, the ground truth correct, and the other options unrelated to the product shown.	
448	Based on this product image, what type of product is shown?	/mnt/nfs/zyxing/VLMEvalKit/Q1/q1_images/keypointfab.com/c3ff52_13e09ad17af141b284cafecdc8eb420f_mv2_835056aa7731.jpg	Hitches	Ladders	Custom Units	Platforms,	Taper Roller	Signage	C	keypointfab.com	Q1	product_type	Medium	keypointfab.com			The image shows custom fabricated metal parts that do not match typical hitches, ladders, platforms, taper rollers, or signage, making 'Custom Units' the most appropriate classification.	
449	Based on this product image, what type of product is shown?	/mnt/nfs/zyxing/VLMEvalKit/Q1/q1_images/keypointfab.com/c3ff52_46f7138cdcbf42d8a9dc86b5b0c8ad7a_mv2_d_4032_3024_s_4__db04f976862e.jpg	Ball Bearings	Handrails	Displays	Banners	Custom Units	Recliner Mechanism	E	keypointfab.com	Q1	product_type	Medium	keypointfab.com			The image shows custom fabricated metal parts which align with 'Custom Units' and do not resemble ball bearings, handrails, displays, banners, or recliner mechanisms.	
450	Based on this product image, what type of product is shown?	/mnt/nfs/zyxing/VLMEvalKit/Q1/q1_images/lpcutting.com/DSCN02255-640x480-1-640x480_3aefea8586ae.jpg	Flyers	Retro-Fit Vehicle Kits	Steel Concrete Block Pallets	Self Service Kiosks	Parts	Vehicle Wraps	E	lpcutting.com	Q1	product_type	Medium	lpcutting.com			The image shows a metal part likely used in manufacturing or assembly, making 'Parts' the correct category, while the other options do not relate to this type of product.	
451	Based on this product image, what type of product is shown?	/mnt/nfs/zyxing/VLMEvalKit/Q1/q1_images/lpcutting.com/DSCN0221-640x480-1-640x480_6af17e9897b8.jpg	Nuclear Valve Stems	Custom Tanks And Hoppers	Aluminum Ramps	Parts	Trailers, Soil Sampling Equipment	Carbide Tipped Sawblades	D	lpcutting.com	Q1	product_type	Medium	lpcutting.com			The image shows metal components that fit the general category of 'Parts,' and the other options do not match the product type shown.	
452	Based on this product image, what type of product is shown?	/mnt/nfs/zyxing/VLMEvalKit/Q1/q1_images/lpcutting.com/DSCN0239-640x480-1-640x480_c412cce2c0be.jpg	Parts	Aircraft Seating	Manifolds	impellers	Cones,	Hammers	A	lpcutting.com	Q1	product_type	Medium	lpcutting.com			The image shows generic mechanical parts, making 'Parts' the most appropriate classification, while the other options like Aircraft Seating, Manifolds, impellers, Cones, and Hammers do not match the product shown.	
453	Based on this product image, what type of product is shown?	/mnt/nfs/zyxing/VLMEvalKit/Q1/q1_images/lpcutting.com/DSCN1438-640x480-1-640x480_a007d59aa9fb.jpg	Cones,	Manifolds	Parts	Nuclear Valve Stems	Aluminum Ramps	Cabinets	C	lpcutting.com	Q1	product_type	Medium	lpcutting.com			The image shows a metal component part, making the question reasonable, the correct answer 'Parts' appropriate, and all other options unrelated to the product shown.	
454	Based on this product image, what type of product is shown?	/mnt/nfs/zyxing/VLMEvalKit/Q1/q1_images/lpcutting.com/22_0022-640x480-1-640x480_4a4600bb277c.jpg	Racks	Parts	Taper Roller	Hydraulic Tanks	Hoses	Hitches	B	lpcutting.com	Q1	product_type	Medium	lpcutting.com			The image shows a metal part likely used in manufacturing or machinery, making 'Parts' the correct classification, while other options like racks, hydraulic tanks, hoses, taper rollers, and hitches do not match the product shown.	
455	Based on this product image, what type of product is shown?	/mnt/nfs/zyxing/VLMEvalKit/Q1/q1_images/lpcutting.com/18C0018-640x480-1-640x480_dfe643fc40db.jpg	Carts	Storage Equipment	Custom Weldments	Backhoe Loader	Awnings	Parts	F	lpcutting.com	Q1	product_type	Medium	lpcutting.com			The image shows a specific mechanical part, making the question reasonable and the correct answer 'Parts' while all other options are unrelated product categories.	
456	Based on this product image, what type of product is shown?	/mnt/nfs/zyxing/VLMEvalKit/Q1/q1_images/lpcutting.com/DSCN1428-320x240-1-640x480_b8249279b47d.jpg	Cones,	Hammers	Parts	Aircraft Seating	Manifolds	impellers	C	lpcutting.com	Q1	product_type	Medium	lpcutting.com			The image shows a metal component part, making the question reasonable and 'Parts' the correct category, while the other options do not match the product shown.	
457	Based on this product image, what type of product is shown?	/mnt/nfs/zyxing/VLMEvalKit/Q1/q1_images/lpcutting.com/2022-04-20_2820702862231543825_2_11zon_349fabdbc6e5.jpg	Dumpsters, Trailers, Repairs	Phosphate Coating	Screen Packs	Brass And Nickel Plating	Parts	Rivet	E	lpcutting.com	Q1	product_type	Medium	lpcutting.com			The image shows metal knife parts, making 'Parts' the correct classification, while the other options do not relate to the product shown.	
458	Based on this product image, what type of product is shown?	/mnt/nfs/zyxing/VLMEvalKit/Q1/q1_images/lpcutting.com/DSCN0245-640x480-1-640x480_dbf8629742ba.jpg	Hammers	Aircraft Seating	Trailers, Soil Sampling Equipment	Parts	Aluminum Ramps	Nuclear Valve Stems	D	lpcutting.com	Q1	product_type	Medium	lpcutting.com			The image shows a metal part with precise cutouts, fitting the category 'Parts,' while the other options do not match the product's appearance or function.	
459	Based on this product image, what type of product is shown?	/mnt/nfs/zyxing/VLMEvalKit/Q1/q1_images/lpcutting.com/DSCN1430-320x240-1-640x480_4b6a8d8aab1a.jpg	Misc. Components	Carbide Tipped Sawblades	Parts	Dumpsters, Trailers, Repairs	Custom Tanks And Hoppers	Metal Fabrications	C	lpcutting.com	Q1	product_type	Medium	lpcutting.com			The image shows a metal bracket which fits the category 'Parts' better than the other options, making the question reasonable and the ground truth correct with all distractors clearly unrelated.	
460	Based on this product image, what type of product is shown?	/mnt/nfs/zyxing/VLMEvalKit/Q1/q1_images/lpcutting.com/DSCN0227-320x240-1-e1749574088858-640x480_2082d432332b.jpg	Manifolds	Hammers	Cones,	Nuclear Valve Stems	Aircraft Seating	Parts	F	lpcutting.com	Q1	product_type	Medium	lpcutting.com			The question is reasonable as it asks to identify the product type from the image, 'Parts' is the most accurate classification since the item appears to be a machined component, and all distractors like manifolds, hammers, cones, nuclear valve stems, and aircraft seating do not match the product shown.	
461	Based on this product image, what type of product is shown?	/mnt/nfs/zyxing/VLMEvalKit/Q1/q1_images/lpcutting.com/DSCN0220-320x240-1-640x480_63185159ae23.jpg	Custom Tanks And Hoppers	Screen Packs	Carbide Tipped Sawblades	Dumpsters, Trailers, Repairs	Trailers, Soil Sampling Equipment	Parts	F	lpcutting.com	Q1	product_type	Medium	lpcutting.com			The image shows metal components likely used as parts, making the question reasonable, the ground truth correct, and the other options unrelated to the product shown.	
462	Based on this product image, what type of product is shown?	/mnt/nfs/zyxing/VLMEvalKit/Q1/q1_images/lpcutting.com/36A_0037-640x480-1-640x480_8c59a4271bf1.jpg	Aircraft Seating	Hammers	Parts	Hand Tool Components	Railroad Signaling Components	angle	C	lpcutting.com	Q1	product_type	Medium	lpcutting.com			The image shows a metal part with a number cut out, which fits the category 'Parts' better than the other specific product types listed.	
463	Based on this product image, what type of product is shown?	/mnt/nfs/zyxing/VLMEvalKit/Q1/q1_images/lpcutting.com/DSCN0252-640x480-1-640x480_63ad18e87d08.jpg	impellers	Parts	Hammers	Aircraft Seating	Manifolds	Cones,	B	lpcutting.com	Q1	product_type	Medium	lpcutting.com			The image shows metal parts that do not resemble impellers, hammers, aircraft seating, manifolds, or cones, making 'Parts' the most appropriate classification and the question reasonable.	
464	Based on this product image, what type of product is shown?	/mnt/nfs/zyxing/VLMEvalKit/Q1/q1_images/lpcutting.com/35C0035-320x240-1-640x480_27bcfd20040a.jpg	Trailers, Soil Sampling Equipment	Parts	Nuclear Valve Stems	Aluminum Ramps	Carbide Tipped Sawblades	Custom Tanks And Hoppers	B	lpcutting.com	Q1	product_type	Medium	lpcutting.com			The image shows a metal component part, making the question reasonable and 'Parts' the correct classification, while other options like trailers or sawblades do not match the product shown.	
465	Based on this product image, what type of product is shown?	/mnt/nfs/zyxing/VLMEvalKit/Q1/q1_images/lpcutting.com/DSCN1420-640x480-1-640x480_e7eae8937462.jpg	Aluminum Ramps	Parts	Cones,	Nuclear Valve Stems	impellers	Manifolds	B	lpcutting.com	Q1	product_type	Medium	lpcutting.com			The image shows a metal component likely used as a part in manufacturing or assembly, making 'Parts' the correct classification, while the other options do not match the product's appearance or function.	
466	Based on this product image, what type of product is shown?	/mnt/nfs/zyxing/VLMEvalKit/Q1/q1_images/lpcutting.com/DSCN0217-320x240-1-640x480_3c3dc816b879.jpg	Parts	Wheel Loader	Hydraulic Valves	Piping	Chutes,	Industrial Machinery	A	lpcutting.com	Q1	product_type	Medium	lpcutting.com			The image shows a metal part with holes likely used in assembly, making 'Parts' the correct classification, while the other options represent different product categories not matching the image.	
467	Based on this product image, what type of product is shown?	/mnt/nfs/zyxing/VLMEvalKit/Q1/q1_images/lpcutting.com/DSCN0273-640x480-1-640x480_70d93774fd46.jpg	impellers	Hammers	Parts	Hand Tool Components	Aircraft Seating	Backhoe Loader	C	lpcutting.com	Q1	product_type	Medium	lpcutting.com			The image shows a metal sheet with multiple cut-out holes, which aligns with generic 'Parts' rather than specific items like impellers, hammers, hand tool components, aircraft seating, or backhoe loaders.	
468	Based on this product image, what type of product is shown?	/mnt/nfs/zyxing/VLMEvalKit/Q1/q1_images/lpcutting.com/DSCN0223-640x480-1-640x480_f6eba987b442.jpg	Aircraft Seating	Cones,	Nuclear Valve Stems	Screen Printing Mesh	Parts	Hammers	E	lpcutting.com	Q1	product_type	Medium	lpcutting.com			The image shows a metal part with holes, which fits the general category of 'Parts' and does not resemble aircraft seating, cones, nuclear valve stems, screen printing mesh, or hammers.	
469	Based on this product image, what type of product is shown?	/mnt/nfs/zyxing/VLMEvalKit/Q1/q1_images/lpcutting.com/2022-04-20_2820702862365698893_3_11zon_b25f0ddd6703.jpg	Metal Fabrications	Screen Packs	Brass And Nickel Plating	Dumpsters, Trailers, Repairs	Misc. Components	Parts	F	lpcutting.com	Q1	product_type	Medium	lpcutting.com			The image shows cut metal parts which aligns best with 'Parts' and the other options do not specifically describe these cut components.	
470	Based on this product image, what type of product is shown?	/mnt/nfs/zyxing/VLMEvalKit/Q1/q1_images/lpcutting.com/DSCN1442-320x240-1-640x480_0766c63a1389.jpg	Aircraft Seating	impellers	Screen Printing Mesh	Parts	Hammers	Manifolds	D	lpcutting.com	Q1	product_type	Medium	lpcutting.com			The image shows a metal component part, making the question reasonable, the correct answer 'Parts' appropriate, and all other options unrelated to the product shown.	
471	Based on this product image, what type of product is shown?	/mnt/nfs/zyxing/VLMEvalKit/Q1/q1_images/lpcutting.com/IMG_7990-1-1-1391x1536-640x480-2-640x480_408114ad4f4c.jpg	Aircraft Seating	Screen Printing Mesh	Extruder Packs	Steel Components	Parts	Hardware	E	lpcutting.com	Q1	product_type	Medium	lpcutting.com			The image shows small metal parts likely used in manufacturing or assembly, making 'Parts' the most accurate classification, while other options like Aircraft Seating or Screen Printing Mesh do not fit the product shown.	
472	Based on this product image, what type of product is shown?	/mnt/nfs/zyxing/VLMEvalKit/Q1/q1_images/lpcutting.com/DSCN0222-640x480-1-640x480_502a703e6433.jpg	angle	Hardware	Aircraft Seating	Hand Tool Components	Parts	Postcards	E	lpcutting.com	Q1	product_type	Medium	lpcutting.com			The question is reasonable as it asks to identify the product type from the image, 'Parts' is the most accurate classification for the metal component shown, and the other options like angle, hardware, aircraft seating, hand tool components, and postcards do not precisely describe this specific item.	
473	Based on this product image, what type of product is shown?	/mnt/nfs/zyxing/VLMEvalKit/Q1/q1_images/lpcutting.com/DSCN0264-640x480-1-640x480_7ffa5661329d.jpg	Misc. Components	Custom Tanks And Hoppers	Trailers, Soil Sampling Equipment	Aluminum Ramps	Carbide Tipped Sawblades	Parts	F	lpcutting.com	Q1	product_type	Medium	lpcutting.com			The image shows a metal part likely used in machinery, making 'Parts' the most appropriate classification, while other options like tanks, trailers, ramps, or sawblades do not match the product shown.	
474	Based on this product image, what type of product is shown?	/mnt/nfs/zyxing/VLMEvalKit/Q1/q1_images/lpcutting.com/DSCN0226-320x240-2-640x480_c76e76e0d112.jpg	Backhoe Loader	Parts	angle	Hardware	Business Cards	Aircraft Seating	B	lpcutting.com	Q1	product_type	Medium	lpcutting.com			The image shows metal components likely used as parts, making the question reasonable, the ground truth correct, and all other options unrelated to the product shown.	
475	Based on this product image, what type of product is shown?	/mnt/nfs/zyxing/VLMEvalKit/Q1/q1_images/lpcutting.com/DSCN1435-640x480-2-640x480_8efba2587623.jpg	Manifolds	Hand Tool Components	Parts	impellers	Cones,	Hammers	C	lpcutting.com	Q1	product_type	Medium	lpcutting.com			The question is reasonable for identifying the product type, 'Parts' is the most accurate classification for the metal bracket shown, and the other options do not fit the product's appearance or function.	
476	Based on this product image, what type of product is shown?	/mnt/nfs/zyxing/VLMEvalKit/Q1/q1_images/lpcutting.com/PXL_20250618_193636288-scaled-e1750788581455_d66b1f5e968d.jpg	Parts	impellers	Screen Printing Mesh	Aircraft Seating	Manifolds	Hammers	A	lpcutting.com	Q1	product_type	Medium	lpcutting.com			The image shows metal components that are best classified as parts, and the other options do not match the product type shown.	
477	Based on this product image, what type of product is shown?	/mnt/nfs/zyxing/VLMEvalKit/Q1/q1_images/lpcutting.com/23C0023-640x480-1-e1749845037802-640x480_d8cbb9789ad2.jpg	Metal Fabrications	Misc. Components	Carbide Tipped Sawblades	Trailers, Soil Sampling Equipment	Parts	Custom Tanks And Hoppers	E	lpcutting.com	Q1	product_type	Medium	lpcutting.com			The image shows a metal part likely used as a component, making 'Parts' the most accurate classification, while other options like sawblades or tanks do not match the product shown.	
478	Based on this product image, what type of product is shown?	/mnt/nfs/zyxing/VLMEvalKit/Q1/q1_images/lpcutting.com/DSCN0230-320x240-1-640x480_b5a936d71400.jpg	Cones,	Aluminum Ramps	Parts	Nuclear Valve Stems	Trailers, Soil Sampling Equipment	Manifolds	C	lpcutting.com	Q1	product_type	Medium	lpcutting.com			The image shows a metal component part, making the question reasonable and 'Parts' the correct classification, while other options like cones or trailers do not match the product shown.	
479	Based on this product image, what type of product is shown?	/mnt/nfs/zyxing/VLMEvalKit/Q1/q1_images/lpcutting.com/2023-12-12_3256245516571386046_15_11zon_322efc615848.jpg	Nuclear Valve Stems	Misc. Components	Trailers, Soil Sampling Equipment	Custom Tanks And Hoppers	Parts	Carbide Tipped Sawblades	E	lpcutting.com	Q1	product_type	Medium	lpcutting.com			The image shows metal parts that fit the category 'Parts' and the other options do not correspond to the product shown.	
480	Based on this product image, what type of product is shown?	/mnt/nfs/zyxing/VLMEvalKit/Q1/q1_images/lpcutting.com/Gear-scaled_80f7f3912b68.jpg	Custom Tanks And Hoppers	Misc. Components	Parts	Metal Fabrications	Dumpsters, Trailers, Repairs	Carbide Tipped Sawblades	C	lpcutting.com	Q1	product_type	Medium	lpcutting.com			The image shows a gear-like part which fits best under 'Parts' and the other options do not specifically describe this item.	
481	Based on this product image, what type of product is shown?	/mnt/nfs/zyxing/VLMEvalKit/Q1/q1_images/lpcutting.com/PXL_20250623_155820270-scaled-e1750701926778_78daefa7bab8.jpg	Nuclear Valve Stems	Trailers, Soil Sampling Equipment	Hammers	Carbide Tipped Sawblades	Parts	Aluminum Ramps	E	lpcutting.com	Q1	product_type	Medium	lpcutting.com			The image shows metal components that are best classified as parts, and the other options do not match the product type shown.	
482	Based on this product image, what type of product is shown?	/mnt/nfs/zyxing/VLMEvalKit/Q1/q1_images/lpcutting.com/Gound-Forest-Sign-1-scaled_3d249ca0cc12.jpg	Carbide Tipped Sawblades	Parts	Dumpsters, Trailers, Repairs	Rivet	Screen Packs	Brass And Nickel Plating	B	lpcutting.com	Q1	product_type	Medium	lpcutting.com			The image shows a metal part with cutouts and text, fitting the category 'Parts' and not the other unrelated options.	
483	Based on this product image, what type of product is shown?	/mnt/nfs/zyxing/VLMEvalKit/Q1/q1_images/lps-filtration.com/diptank_heatexcropped_5392ee41596b.jpg	Custom Filtration Systems	Cancer Diagnostic Equipment Parts	Griddle Plates	Business Cards	Thermal Fluid Filtration Systems	Doors	A;E	lps-filtration.com	Q1	product_type	Medium	lps-filtration.com			The image shows industrial filtration equipment consistent with custom and thermal fluid filtration systems, making the accepted answers correct and the distractors clearly unrelated.	
484	Based on this product image, what type of product is shown?	/mnt/nfs/zyxing/VLMEvalKit/Q1/q1_images/lps-filtration.com/DSC_9757_d7dc46aec3cb.jpg	Doors	Custom Filtration Systems	Hot Oil Filtration Housings	Thermal Fluid Filtration Systems	Griddle Plates	Cancer Diagnostic Equipment Parts	B;D;C	lps-filtration.com	Q1	product_type	Medium	lps-filtration.com			The image shows industrial filtration equipment consistent with custom filtration systems, thermal fluid filtration systems, and hot oil filtration housings, while doors, griddle plates, and cancer diagnostic equipment parts are clearly unrelated.	
485	Based on this product image, what type of product is shown?	/mnt/nfs/zyxing/VLMEvalKit/Q1/q1_images/lps-filtration.com/system_skid_b90c94483735.jpg	Rollers	Thermal Fluid Filtration Systems	Custom Filtration Systems	Hot Oil Filtration Housings	Actuators	bushing	B;C;D	lps-filtration.com	Q1	product_type	Medium	lps-filtration.com			The image shows an industrial filtration system consistent with thermal fluid filtration, custom filtration, and hot oil filtration housings, while rollers, actuators, and bushings are unrelated products.	
486	Based on this product image, what type of product is shown?	/mnt/nfs/zyxing/VLMEvalKit/Q1/q1_images/lps-filtration.com/fuel_oil_pump_99ce8ad1e0c4.jpg	Custom Filtration Systems	Elevator Weights,	Thermal Fluid Filtration Systems	Hot Oil Filtration Housings	Soft Gel Vitamin Pumps And Tooling	Nascar Transmission Complete All Parts & Shifter	A;C;D	lps-filtration.com	Q1	product_type	Medium	lps-filtration.com			The image shows filtration system components consistent with custom, thermal fluid, and hot oil filtration systems, while the distractors are unrelated product types.	
487	Based on this product image, what type of product is shown?	/mnt/nfs/zyxing/VLMEvalKit/Q1/q1_images/mechspecialty.com/08e3c8_f2a8753be64f4d24ad555276abe843f9_mv2_ec8161fe5b05.jpg	angle	Hand Tool Components	Extruder Packs	Aircraft Seating	Machined Parts	Fabricated Parts	E	mechspecialty.com	Q1	product_type	Medium	mechspecialty.com			The image shows a precision mechanical component consistent with machined parts, making the question reasonable and the ground truth correct, while the distractors do not match the product type shown.	
488	Based on this product image, what type of product is shown?	/mnt/nfs/zyxing/VLMEvalKit/Q1/q1_images/meridiankiosks.com/55-Presenza-Lite-Events.14926441-250x350_3837c54a2eba.png	Racks	Taper Roller	Tubing	Hydraulic Tanks	Flanges	Self Service Kiosks	F	meridiankiosks.com	Q1	product_type	Medium	meridiankiosks.com			The image clearly shows a digital kiosk display, making the question reasonable, the ground truth answer correct, and all other options unrelated to this product type.	
489	Based on this product image, what type of product is shown?	/mnt/nfs/zyxing/VLMEvalKit/Q1/q1_images/meridiankiosks.com/EV-Chargers-300x300_5773c31149da.png	Decorative Chrome Plating	Armor Steel Parts	Self Service Kiosks	Small Automotive Parts	Aerospace Parts	Hinges	C	meridiankiosks.com	Q1	product_type	Medium	meridiankiosks.com			The image clearly shows self-service kiosks, making the question reasonable, the ground truth correct, and all other options unrelated to the product shown.	
490	Based on this product image, what type of product is shown?	/mnt/nfs/zyxing/VLMEvalKit/Q1/q1_images/meridiankiosks.com/G6-Plus-Entertainment-Kiosk.14926483-250x350_5a5ab9977006.png	Expansion Joints	Black Oxide	Surface Grinders	Self Service Kiosks	Racks	Spiral Bevel Gears	D	meridiankiosks.com	Q1	product_type	Medium	meridiankiosks.com			The image clearly shows a self-service kiosk, making the question reasonable, the ground truth answer correct, and all other options unrelated to the product shown.	
491	Based on this product image, what type of product is shown?	/mnt/nfs/zyxing/VLMEvalKit/Q1/q1_images/meridiankiosks.com/Bill-Pay-homepage-blank-no-background-400x200_fc7876e696de.png	Storage Equipment	Self Service Kiosks	Bronze Valves	Custom Weldments	Repairs On Factory Machinery And Construction Equipment	Cancer Diagnostic Equipment Parts	B	meridiankiosks.com	Q1	product_type	Medium	meridiankiosks.com			The image clearly shows self-service kiosks, making the question reasonable, the ground truth answer correct, and all other options unrelated to the product shown.	
492	Based on this product image, what type of product is shown?	/mnt/nfs/zyxing/VLMEvalKit/Q1/q1_images/meridiankiosks.com/Indoor.VSA_-250x415_b5893b4fce3f.png	Self Service Kiosks	Carts	Taper Roller	Hydraulic Tanks	Hitches	Tubing	A	meridiankiosks.com	Q1	product_type	Medium	meridiankiosks.com			The image clearly shows a self-service kiosk, making the question reasonable, the ground truth answer correct, and all other options unrelated to the product shown.	
493	Based on this product image, what type of product is shown?	/mnt/nfs/zyxing/VLMEvalKit/Q1/q1_images/meridiankiosks.com/Digital-Signage-Charging-Kiosk-194x300_5e146c544a5d.png	Self Service Kiosks	Bottling Parts	Chemical Agent Resistant Coating Carc Finishes	Canopies	ring gears	Custom Machined Or Fabricated Components	A	meridiankiosks.com	Q1	product_type	Medium	meridiankiosks.com			The image clearly shows a self-service kiosk, making the question reasonable, the ground truth answer correct, and all other options unrelated to the product shown.	
494	Based on this product image, what type of product is shown?	/mnt/nfs/zyxing/VLMEvalKit/Q1/q1_images/meridiankiosks.com/Navigator-e1508527505866-169x300_bff99618fe4f.png	Custom Tanks And Hoppers	Self Service Kiosks	Wheel Loader	Hitches	Spiral Bevel Gears	Lifting Tackles	B	meridiankiosks.com	Q1	product_type	Medium	meridiankiosks.com			The image clearly shows a self-service kiosk, making the question reasonable, the ground truth correct, and all other options unrelated to the product shown.	
495	Based on this product image, what type of product is shown?	/mnt/nfs/zyxing/VLMEvalKit/Q1/q1_images/meridiankiosks.com/42-Iseries-Wayfinding-250x350_ca994d698f3d.png	Chemical Agent Resistant Coating Carc Finishes	Canopies	Bottling Parts	Brass And Nickel Plating	Self Service Kiosks	Cabinets	E	meridiankiosks.com	Q1	product_type	Medium	meridiankiosks.com			The image clearly shows a self-service kiosk, making the question reasonable, the ground truth correct, and all other options unrelated to the product shown.	
496	Based on this product image, what type of product is shown?	/mnt/nfs/zyxing/VLMEvalKit/Q1/q1_images/meridiankiosks.com/Ticketing-solutions-homepage-no-background-350x350_c6393856a62a.png	shafts	impellers	Small Automotive Parts	Self Service Kiosks	Bushings	Steel Concrete Block Pallets	D	meridiankiosks.com	Q1	product_type	Medium	meridiankiosks.com			The image clearly shows self-service kiosks, making the question reasonable, the ground truth answer correct, and all other options unrelated to the product shown.	
497	Based on this product image, what type of product is shown?	/mnt/nfs/zyxing/VLMEvalKit/Q1/q1_images/meridiankiosks.com/Navigator.1638-200x300_9ac09f167ace.png	Racks And Enclosures	Dies	Screen Printing Mesh	Pumps	Self Service Kiosks	Piping	E	meridiankiosks.com	Q1	product_type	Medium	meridiankiosks.com			The image clearly shows a self-service kiosk, making the question reasonable, the ground truth answer correct, and all other options unrelated to the product shown.	
498	Based on this product image, what type of product is shown?	/mnt/nfs/zyxing/VLMEvalKit/Q1/q1_images/meridiankiosks.com/Countertop-Kiosk-300x300_40da8b7e45dc.png	Aluminum Ramps	Self Service Kiosks	Trailers, Soil Sampling Equipment	Nuclear Valve Stems	Custom Tanks And Hoppers	Carbide Tipped Sawblades	B	meridiankiosks.com	Q1	product_type	Medium	meridiankiosks.com			The image clearly shows a self-service kiosk, making the question reasonable, the ground truth correct, and all other options unrelated to the product shown.	
499	Based on this product image, what type of product is shown?	/mnt/nfs/zyxing/VLMEvalKit/Q1/q1_images/meridiankiosks.com/43-Nav-Lite.475.1-1-200x300_e949e5b1e136.png	Self Service Kiosks	Flanges	Awnings	Cancer Diagnostic Equipment Parts	Repairs On Factory Machinery And Construction Equipment	Bronze Valves	A	meridiankiosks.com	Q1	product_type	Medium	meridiankiosks.com			The image clearly shows a self-service kiosk, making the question reasonable, the ground truth answer correct, and all other options unrelated to the product shown.	
500	Based on this product image, what type of product is shown?	/mnt/nfs/zyxing/VLMEvalKit/Q1/q1_images/meridiankiosks.com/MicrosoftTeams-image-65-188x300_f923a8732902.png	Self Service Kiosks	Machine Parts	Nuclear Valve Stems	Manifolds	Cones,	impellers	A	meridiankiosks.com	Q1	product_type	Medium	meridiankiosks.com			The image clearly shows a self-service kiosk, making the question reasonable, the ground truth answer correct, and all other options unrelated to the product shown.	
501	Based on this product image, what type of product is shown?	/mnt/nfs/zyxing/VLMEvalKit/Q1/q1_images/meridiankiosks.com/Football-graphics-RTS-300x500_cd01f0191c07.png	Hydraulic Tanks	Bronze Valves	Insulation	Self Service Kiosks	Water Heaters	Gaskets	D	meridiankiosks.com	Q1	product_type	Medium	meridiankiosks.com			The image clearly shows a self-service kiosk, making the question reasonable, the ground truth answer correct, and all other options unrelated to the product shown.	
502	Based on this product image, what type of product is shown?	/mnt/nfs/zyxing/VLMEvalKit/Q1/q1_images/meridiankiosks.com/StandardPres-Blank.508.1-200x300_383269755682.png	Tubing	Mining Equipment Component Parts	Carts	Self Service Kiosks	Flanges	Awnings	D	meridiankiosks.com	Q1	product_type	Medium	meridiankiosks.com			The image clearly shows a self-service kiosk, making the question reasonable, the ground truth correct, and all other options unrelated to the product shown.	
503	Based on this product image, what type of product is shown?	/mnt/nfs/zyxing/VLMEvalKit/Q1/q1_images/meridiankiosks.com/27-WM-Front-800x800_0285f3e8b597.png	Extruder Packs	Custom Safety Guards	Self Service Kiosks	Railroad Signaling Components	Backhoe Loader	ring gears	C	meridiankiosks.com	Q1	product_type	Medium	meridiankiosks.com			The image clearly shows a self-service kiosk for ordering food, making the question reasonable, the ground truth correct, and all other options unrelated to the product shown.	
504	Based on this product image, what type of product is shown?	/mnt/nfs/zyxing/VLMEvalKit/Q1/q1_images/meridiankiosks.com/outdoor_916f4532acde.jpg	Self Service Kiosks	Taper Roller	Racks	Mining Equipment Component Parts	Hitches	Hydraulic Tanks	A	meridiankiosks.com	Q1	product_type	Medium	meridiankiosks.com			The image clearly shows self-service kiosks, making the question reasonable, the ground truth answer correct, and all other options unrelated to the product shown.	
505	Based on this product image, what type of product is shown?	/mnt/nfs/zyxing/VLMEvalKit/Q1/q1_images/meridiankiosks.com/22-Inch-G6-Plus-White-Left_ed3bfb9ab7b7.png	Bottling Parts	Self Service Kiosks	Chemical Agent Resistant Coating Carc Finishes	Custom Machined Or Fabricated Components	Canopies	ring gears	B	meridiankiosks.com	Q1	product_type	Medium	meridiankiosks.com			The image clearly shows a self-service kiosk, making the question reasonable, the ground truth answer correct, and all other options unrelated to the product shown.	
506	Based on this product image, what type of product is shown?	/mnt/nfs/zyxing/VLMEvalKit/Q1/q1_images/meridiankiosks.com/Pulse-white-right-genaric-screen-1024x1024_2c804ad50fc1.png	Assemblies	Awnings	Flanges	Repairs On Factory Machinery And Construction Equipment	Self Service Kiosks	Cancer Diagnostic Equipment Parts	E	meridiankiosks.com	Q1	product_type	Medium	meridiankiosks.com			The image clearly shows a self-service kiosk, making the question reasonable, the ground truth answer correct, and all other options unrelated to the product shown.	
507	Based on this product image, what type of product is shown?	/mnt/nfs/zyxing/VLMEvalKit/Q1/q1_images/meridiankiosks.com/Presenza-e1508528519611-137x300_3ec57a5f51c0.png	Custom Tanks And Hoppers	Self Service Kiosks	Misc. Components	Metal Fabrications	Fabricated Parts	Contract Fabrication Parts	B	meridiankiosks.com	Q1	product_type	Medium	meridiankiosks.com			The image clearly shows a self-service kiosk, making the question reasonable, the ground truth correct, and all other options unrelated to the product shown.	
508	Based on this product image, what type of product is shown?	/mnt/nfs/zyxing/VLMEvalKit/Q1/q1_images/meridiankiosks.com/Interactive-Digital-Signage-1-194x300_3b87e8387c2a.png	Carts	Self Service Kiosks	Awnings	Assemblies	Flanges	Repairs On Factory Machinery And Construction Equipment	B	meridiankiosks.com	Q1	product_type	Medium	meridiankiosks.com			The image clearly shows a self-service kiosk, making the question reasonable, the ground truth answer correct, and all other options unrelated to the product shown.	
509	Based on this product image, what type of product is shown?	/mnt/nfs/zyxing/VLMEvalKit/Q1/q1_images/meridiankiosks.com/student_2e55d4e55c33.jpg	Hydraulic Valves	Cabinets	Brass And Nickel Plating	Piping	Self Service Kiosks	Chutes,	E	meridiankiosks.com	Q1	product_type	Medium	meridiankiosks.com			The image clearly shows interactive self-service kiosks, making the question reasonable, the ground truth correct, and all other options unrelated to the product shown.	
510	Based on this product image, what type of product is shown?	/mnt/nfs/zyxing/VLMEvalKit/Q1/q1_images/metalworkshp.com/laser-cutting-02_de638ec3e2dd.jpg	Countertops	Channel Letters	Awnings	Custom Metal Components	Above Ground Steel Storage Tanks	Adhesives	D	metalworkshp.com	Q1	product_type	Medium	metalworkshp.com			The image shows a metal sheet with cutouts and holes typical of custom metal components, making the question reasonable, the ground truth correct, and the other options unrelated to this product.	
511	Based on this product image, what type of product is shown?	/mnt/nfs/zyxing/VLMEvalKit/Q1/q1_images/metalworkshp.com/wall_bracket_large_56114f2027f3.jpg	Custom Metal Components	Greenhouse Kits	Custom Tooling	Wedge Lock Washers	Laboratory Furniture	Upholstery Nails	A	metalworkshp.com	Q1	product_type	Medium	metalworkshp.com			The image shows a metal component likely custom fabricated, making the question reasonable and the correct answer 'Custom Metal Components,' while other options do not match the product type.	
512	Based on this product image, what type of product is shown?	/mnt/nfs/zyxing/VLMEvalKit/Q1/q1_images/metalworkshp.com/sheet-metal-fabrication-02_88472de4c981.jpg	Light Fixtures	Prototypes	Fasteners	Valves	Fitness Equipment	Custom Metal Components	F	metalworkshp.com	Q1	product_type	Medium	metalworkshp.com			The image shows metal parts that are custom fabricated, making the question reasonable and the correct answer 'Custom Metal Components,' while the other options do not match the product type shown.	
513	Based on this product image, what type of product is shown?	/mnt/nfs/zyxing/VLMEvalKit/Q1/q1_images/metalworkshp.com/appliance_bracket_large_f3f02802c886.jpg	Custom Metal Components	Power Tool Parts	Decorative Wrought Iron	Security Equipment	Loss Prevention Products	Aluminum Motorcycle Parts	A	metalworkshp.com	Q1	product_type	Medium	metalworkshp.com			The image shows a fabricated metal part consistent with custom metal components, and the other options do not accurately describe this type of product.	
514	Based on this product image, what type of product is shown?	/mnt/nfs/zyxing/VLMEvalKit/Q1/q1_images/metalworkshp.com/drip_pan_large_8dfb94c20b28.jpg	Above Ground Steel Storage Tanks	Upholstery Nails	Laboratory Furniture	Motors	Ductwork	Custom Metal Components	F	metalworkshp.com	Q1	product_type	Medium	metalworkshp.com			The image shows a fabricated metal part that fits the category of custom metal components, while the other options do not match the product's appearance or function.	
515	Based on this product image, what type of product is shown?	/mnt/nfs/zyxing/VLMEvalKit/Q1/q1_images/metalworkshp.com/sheet-metal-fabrication-03_3f2c790a5ac0.jpg	Custom Metal Components	Decorative Wrought Iron	Power Tool Parts	Displays	Loss Prevention Products	Security Equipment	A	metalworkshp.com	Q1	product_type	Medium	metalworkshp.com			The image shows metal brackets which are custom metal components, and the other options do not accurately describe these items.	
516	Based on this product image, what type of product is shown?	/mnt/nfs/zyxing/VLMEvalKit/Q1/q1_images/metalworkshp.com/c_clip_large_06339c04643d.jpg	Oem Components	Upholstery Nails	Custom Metal Components	Wedge Lock Washers	Laboratory Furniture	Fitness Equipment	C	metalworkshp.com	Q1	product_type	Medium	metalworkshp.com			The image shows a metal component likely custom-made, making the question reasonable, the ground truth correct, and the other options unrelated to the product shown.	
517	Based on this product image, what type of product is shown?	/mnt/nfs/zyxing/VLMEvalKit/Q1/q1_images/metrolinasteel.com/cnc-image2_6d76a4f0678c.jpg	Metal Buildings	Cabinets	Postcards	Metal Parts	Component Pieces	Stairs	D;E	metrolinasteel.com	Q1	product_type	Medium	metrolinasteel.com			The image shows a metal component part, making the question reasonable and the accepted answers correct, while the distractors are unrelated product types.	
518	Based on this product image, what type of product is shown?	/mnt/nfs/zyxing/VLMEvalKit/Q1/q1_images/metrolinasteel.com/forming-image3_2c2c984df3a3.jpg	Component Pieces	Metal Parts	Cabinets	Nuclear Valve Stems	Garages	Stamping	B;A	metrolinasteel.com	Q1	product_type	Medium	metrolinasteel.com			The question is reasonable for identifying the product type, the accepted answers 'Metal Parts' and 'Component Pieces' accurately describe the item shown, and the distractors are clearly unrelated to the product in the image.	
519	Based on this product image, what type of product is shown?	/mnt/nfs/zyxing/VLMEvalKit/Q1/q1_images/metrolinasteel.com/welding-image1_107a6d6dcafa.jpg	Component Pieces	Cabinets	Compactors	Storage Equipment	Metal Parts	Chemical Process Equipment	A;E	metrolinasteel.com	Q1	product_type	Medium	metrolinasteel.com			The image shows a metal fabricated part, making 'Component Pieces' and 'Metal Parts' correct, while cabinets, compactors, storage equipment, and chemical process equipment do not match the product shown.	
520	Based on this product image, what type of product is shown?	/mnt/nfs/zyxing/VLMEvalKit/Q1/q1_images/ottenweller.com/DSC_5303-400x284_f914b042fec5.jpg	Wheel Loader	Screen Printing Mesh	Phosphate Coating	Adhesives	Replacement Parts	Metal Fabrications	F	ottenweller.com	Q1	product_type	Medium	ottenweller.com			The image shows metal fabricated parts, making the question reasonable and the correct answer metal fabrications, while other options do not match the product shown.	
521	Based on this product image, what type of product is shown?	/mnt/nfs/zyxing/VLMEvalKit/Q1/q1_images/ottenweller.com/450-6269_01_5cfb31e2ca3d.jpg	Metal Fabrications	Machine Parts	Backhoe Loader	impellers	Aircraft Seating	Hammers	A	ottenweller.com	Q1	product_type	Medium	ottenweller.com			The image shows a metal fabricated sheet with cutouts, making the question reasonable and the correct answer metal fabrications, while other options do not match the product type.	
522	Based on this product image, what type of product is shown?	/mnt/nfs/zyxing/VLMEvalKit/Q1/q1_images/ottenweller.com/DSC_5116-400x284_5bdb878c348f.jpg	Metal Fabrications	Hitches	Wheel Loader	Replacement Parts	Screen Printing Mesh	Production Parts	A	ottenweller.com	Q1	product_type	Medium	ottenweller.com			The image shows a large metal fabricated component consistent with metal fabrications, and the other options do not match the product type shown.	
523	Based on this product image, what type of product is shown?	/mnt/nfs/zyxing/VLMEvalKit/Q1/q1_images/ottenweller.com/DSC_6456-400x284_98fdb7143e8d.jpg	Backhoe Loader	Screen Printing Mesh	Metal Fabrications	Awnings	Bronze Valves	Fittings	C	ottenweller.com	Q1	product_type	Medium	ottenweller.com			The image shows metal components consistent with metal fabrications, making the question reasonable, the ground truth correct, and the other options unrelated to the product shown.	
524	Based on this product image, what type of product is shown?	/mnt/nfs/zyxing/VLMEvalKit/Q1/q1_images/ottenweller.com/IMG_0484_d4492bbd1761.jpg	Extruder Packs	Backhoe Loader	Metal Fabrications	Awnings	Screen Printing Mesh	Railroad Signaling Components	C	ottenweller.com	Q1	product_type	Medium	ottenweller.com			The image shows metal parts that are clearly fabricated components, making the question reasonable, the ground truth correct, and all other options unrelated to the product shown.	
525	Based on this product image, what type of product is shown?	/mnt/nfs/zyxing/VLMEvalKit/Q1/q1_images/ottenweller.com/Rolled-Rings-2-scaled_66a77a782935.jpg	Custom Safety Guards	Cancer Diagnostic Equipment Parts	Awnings	Backhoe Loader	Metal Fabrications	Screen Printing Mesh	E	ottenweller.com	Q1	product_type	Medium	ottenweller.com			The image shows metal fabricated parts, making the question reasonable and the correct answer 'Metal Fabrications,' while all other options are unrelated to the product shown.	
526	Based on this product image, what type of product is shown?	/mnt/nfs/zyxing/VLMEvalKit/Q1/q1_images/ottenweller.com/JD-Seeding-2-scaled_fbe861d03578.jpg	A Variety Of Parts For Mfg	Screen Printing Mesh	Metal Fabrications	Banners	Hand Tool Components	Aircraft Seating	C	ottenweller.com	Q1	product_type	Medium	ottenweller.com			The image shows large painted metal fabricated parts, making the question reasonable and the correct answer 'Metal Fabrications' while all other options do not match the product type.	
527	Based on this product image, what type of product is shown?	/mnt/nfs/zyxing/VLMEvalKit/Q1/q1_images/ottenweller.com/IMG_5729_b4043d68f9cd.jpg	Metal Fabrications	Backhoe Loader	Cones,	Nuclear Valve Stems	Manifolds	Hammers	A	ottenweller.com	Q1	product_type	Medium	ottenweller.com			The image shows metal fabricated structures, making the question reasonable and the correct answer Metal Fabrications, while the other options do not match the product shown.	
528	Based on this product image, what type of product is shown?	/mnt/nfs/zyxing/VLMEvalKit/Q1/q1_images/ottenweller.com/DSC02024_2bc009c9983d.jpg	Extruder Packs	Hand Tool Components	angle	Aircraft Seating	Backhoe Loader	Metal Fabrications	F	ottenweller.com	Q1	product_type	Medium	ottenweller.com			The image shows stacked metal parts consistent with metal fabrications, and the other options do not match the appearance or context of the product shown.	
529	Based on this product image, what type of product is shown?	/mnt/nfs/zyxing/VLMEvalKit/Q1/q1_images/ottenweller.com/Painted-axel_05dd93bcc154.jpg	Machine Parts	Screen Printing Mesh	Aircraft Seating	Metal Fabrications	impellers	Hammers	D	ottenweller.com	Q1	product_type	Medium	ottenweller.com			The image shows a large fabricated metal component, making the question reasonable and the correct answer 'Metal Fabrications' while all other options do not match the product type.	
530	Based on this product image, what type of product is shown?	/mnt/nfs/zyxing/VLMEvalKit/Q1/q1_images/ottenweller.com/1024B9B6_1fb80aa80fcc.jpg	Hand Tool Components	Screen Printing Mesh	A Variety Of Parts For Mfg	angle	Metal Fabrications	Taper Roller	E	ottenweller.com	Q1	product_type	Medium	ottenweller.com			The image shows a large fabricated metal structure, making the question reasonable and the correct answer 'Metal Fabrications' while the other options do not fit this product type.	
531	Based on this product image, what type of product is shown?	/mnt/nfs/zyxing/VLMEvalKit/Q1/q1_images/ottenweller.com/Transportation-Welded-Trailer-1_9f674b209830.jpg	A Variety Of Parts For Mfg	Metal Fabrications	Hammers	Machine Parts	Aircraft Seating	Screen Printing Mesh	B	ottenweller.com	Q1	product_type	Medium	ottenweller.com			The image shows large metal structures consistent with metal fabrications, making the question reasonable, the ground truth correct, and the other options unrelated to the product shown.	
532	Based on this product image, what type of product is shown?	/mnt/nfs/zyxing/VLMEvalKit/Q1/q1_images/ottenweller.com/397-1385-72_4ce43014ad77.jpeg	Cones,	impellers	Manifolds	Metal Fabrications	Nuclear Valve Stems	Aluminum Ramps	D	ottenweller.com	Q1	product_type	Medium	ottenweller.com			The image shows a fabricated metal structure, making the question reasonable and the correct answer 'Metal Fabrications,' while the other options do not match the product shown.	
533	Based on this product image, what type of product is shown?	/mnt/nfs/zyxing/VLMEvalKit/Q1/q1_images/ottenweller.com/043_7a39fddbd4f4.jpg	Aircraft Seating	Hammers	impellers	Metal Fabrications	Cones,	Manifolds	D	ottenweller.com	Q1	product_type	Medium	ottenweller.com			The image shows a large painted metal structure consistent with metal fabrications, and the other options do not match the product shown.	
534	Based on this product image, what type of product is shown?	/mnt/nfs/zyxing/VLMEvalKit/Q1/q1_images/ottenweller.com/IMG_1036_cfc646fe840e.jpg	Nuclear Valve Stems	Metal Fabrications	Manifolds	Aluminum Ramps	Cones,	Backhoe Loader	B	ottenweller.com	Q1	product_type	Medium	ottenweller.com			The image shows a large fabricated metal structure, making the question reasonable and the correct answer 'Metal Fabrications' while the other options do not match the product shown.	
535	Based on this product image, what type of product is shown?	/mnt/nfs/zyxing/VLMEvalKit/Q1/q1_images/ottenweller.com/IMG_3703_672d213f93f1.jpg	Metal Fabrications	Aircraft Seating	Aluminum Ramps	Nuclear Valve Stems	Cones,	Trailers, Soil Sampling Equipment	A	ottenweller.com	Q1	product_type	Medium	ottenweller.com			The image shows a fabricated metal structure, making the question reasonable and the correct answer Metal Fabrications, while the other options do not match the product shown.	
536	Based on this product image, what type of product is shown?	/mnt/nfs/zyxing/VLMEvalKit/Q1/q1_images/ottenweller.com/IMG_3624-scaled_ef9bb6f5ce2b.jpg	Hardware	Metal Fabrications	Labels	Aircraft Seating	Hand Tool Components	angle	B	ottenweller.com	Q1	product_type	Medium	ottenweller.com			The image shows large yellow metal structures consistent with metal fabrications, making the question reasonable, the ground truth correct, and the other options clearly incorrect.	
537	Based on this product image, what type of product is shown?	/mnt/nfs/zyxing/VLMEvalKit/Q1/q1_images/ottenweller.com/IMG_2419_8977349d2671.jpg	Custom Safety Guards	Railroad Signaling Components	Metal Fabrications	Screen Printing Mesh	Vehicle Wraps	Extruder Packs	C	ottenweller.com	Q1	product_type	Medium	ottenweller.com			The image shows a large fabricated metal component, making the question reasonable and the correct answer Metal Fabrications, while the other options do not match the product shown.	
538	Based on this product image, what type of product is shown?	/mnt/nfs/zyxing/VLMEvalKit/Q1/q1_images/ottenweller.com/Products-3_f3ca5256ab06.jpg	Hammers	Machine Parts	Aircraft Seating	A Variety Of Parts For Mfg	Backhoe Loader	Metal Fabrications	F	ottenweller.com	Q1	product_type	Medium	ottenweller.com			The image clearly shows stacked metal fabricated parts, making the question reasonable, the ground truth answer correct, and all distractors unrelated to the visible product.	
539	Based on this product image, what type of product is shown?	/mnt/nfs/zyxing/VLMEvalKit/Q1/q1_images/ottenweller.com/IMG_3694_e6241c7439f5.jpg	Metal Fabrications	Machine Parts	Apparel	A Variety Of Parts For Mfg	impellers	Hammers	A	ottenweller.com	Q1	product_type	Medium	ottenweller.com			The image shows a large painted metal structure consistent with metal fabrications, making the question reasonable, the ground truth correct, and the other options clearly incorrect.	
540	Based on this product image, what type of product is shown?	/mnt/nfs/zyxing/VLMEvalKit/Q1/q1_images/ottenweller.com/Finished-product-1_bec3fe641ec8.jpg	Aluminum Ramps	Carbide Tipped Sawblades	Trailers, Soil Sampling Equipment	Nuclear Valve Stems	Metal Fabrications	Hammers	E	ottenweller.com	Q1	product_type	Medium	ottenweller.com			The image shows a fabricated metal part, making the question reasonable and the correct answer 'Metal Fabrications' while the other options do not match the product type shown.	
541	Based on this product image, what type of product is shown?	/mnt/nfs/zyxing/VLMEvalKit/Q1/q1_images/ottenweller.com/IMG_5718_62542080430c.jpg	Aircraft Seating	Postcards	Metal Fabrications	Hardware	Hand Tool Components	angle	C	ottenweller.com	Q1	product_type	Medium	ottenweller.com			The image shows a large metal fabricated part, making the question reasonable and the correct answer 'Metal Fabrications' while all other options are unrelated to the product shown.	
542	Based on this product image, what type of product is shown?	/mnt/nfs/zyxing/VLMEvalKit/Q1/q1_images/ottenweller.com/OCI-Bucket-1_94d3c9635273.jpg	Hand Tool Components	Screen Printing Mesh	angle	Aircraft Seating	Extruder Packs	Metal Fabrications	F	ottenweller.com	Q1	product_type	Medium	ottenweller.com			The image shows a large metal fabrication part, making the question reasonable, the ground truth correct, and all distractors unrelated to this type of product.	
543	Based on this product image, what type of product is shown?	/mnt/nfs/zyxing/VLMEvalKit/Q1/q1_images/ottenweller.com/2019-01-IN-Ottenweller-15_50501c46f6e8.jpg	Screen Printing Mesh	angle	Metal Fabrications	Awnings	Hand Tool Components	Aircraft Seating	C	ottenweller.com	Q1	product_type	Medium	ottenweller.com			The image shows a large fabricated metal component, making the question reasonable and the correct answer 'Metal Fabrications' while all other options do not match the product type shown.	
544	Based on this product image, what type of product is shown?	/mnt/nfs/zyxing/VLMEvalKit/Q1/q1_images/ottenweller.com/Products_2fe8bb50bb99.jpg	Metal Fabrications	Gear Box Components	Canopies	Bottling Parts	ring gears	Spiral Bevel Gears	A	ottenweller.com	Q1	product_type	Medium	ottenweller.com			The image shows fabricated metal parts, making 'Metal Fabrications' the correct classification, while the other options refer to specific components or products not represented here.	
545	Based on this product image, what type of product is shown?	/mnt/nfs/zyxing/VLMEvalKit/Q1/q1_images/ottenweller.com/fuel-cell-assemblies-and-tanks-7-scaled_fd66368c2940.jpg	impellers	Railroad Signaling Components	Hammers	Metal Fabrications	Manifolds	Cones,	D	ottenweller.com	Q1	product_type	Medium	ottenweller.com			The image shows a large fabricated metal structure, making the question reasonable and the correct answer 'Metal Fabrications' while the other options do not match the product shown.	
546	Based on this product image, what type of product is shown?	/mnt/nfs/zyxing/VLMEvalKit/Q1/q1_images/ottenweller.com/19_0334493b3082.jpg	Backhoe Loader	Hand Tool Components	Aircraft Seating	angle	Metal Fabrications	Screen Printing Mesh	E	ottenweller.com	Q1	product_type	Medium	ottenweller.com			The image shows a fabricated metal part, making the question reasonable and the correct answer 'Metal Fabrications,' while other options do not match the product type.	
547	Based on this product image, what type of product is shown?	/mnt/nfs/zyxing/VLMEvalKit/Q1/q1_images/ottenweller.com/Painted-box_2843930d0cbe.jpg	Screen Printing Mesh	Fixtures	Metal Fabrications	Gear Box Components	ring gears	Wheel Loader	C	ottenweller.com	Q1	product_type	Medium	ottenweller.com			The image shows a painted metal part with holes and mounting points, which fits the metal fabrications category, making the question reasonable and the distractors unrelated to this type of product.	
548	Based on this product image, what type of product is shown?	/mnt/nfs/zyxing/VLMEvalKit/Q1/q1_images/ottenweller.com/Productz_9287191db479.jpg	Manifolds	Metal Fabrications	Nuclear Valve Stems	Cones,	Hand Tool Components	Hammers	B	ottenweller.com	Q1	product_type	Medium	ottenweller.com			The image shows a fabricated metal structure, making the question reasonable, the ground truth answer correct, and all distractors unrelated to the product shown.	
549	Based on this product image, what type of product is shown?	/mnt/nfs/zyxing/VLMEvalKit/Q1/q1_images/ottenweller.com/20_c0e637cf8eb4.jpg	Flyers	Hand Tool Components	angle	Screen Printing Mesh	Aircraft Seating	Metal Fabrications	F	ottenweller.com	Q1	product_type	Medium	ottenweller.com			The image shows a metal fabricated part, making the question reasonable and the correct answer 'Metal Fabrications' while all other options are unrelated to the product shown.	
550	Based on this product image, what type of product is shown?	/mnt/nfs/zyxing/VLMEvalKit/Q1/q1_images/ottenweller.com/2_252e0428ee31.jpg	Machine Parts	Aircraft Seating	Metal Fabrications	Hammers	Awnings	Screen Printing Mesh	C	ottenweller.com	Q1	product_type	Medium	ottenweller.com			The image shows a large fabricated metal structure, making the question reasonable and the correct answer 'Metal Fabrications' while all other options do not match the product shown.	
551	Based on this product image, what type of product is shown?	/mnt/nfs/zyxing/VLMEvalKit/Q1/q1_images/ottenweller.com/IMG_1694_15bcf273f072.jpg	A Variety Of Parts For Mfg	Metal Fabrications	angle	Hand Tool Components	Aircraft Seating	Thermoset Plastic Products	B	ottenweller.com	Q1	product_type	Medium	ottenweller.com			The image shows a large, painted metal fabrication part, making the question reasonable and the correct answer B, while all other options do not match the product type shown.	
552	Based on this product image, what type of product is shown?	/mnt/nfs/zyxing/VLMEvalKit/Q1/q1_images/ottenweller.com/IMG_5606_c3ea431d049e.jpeg	Steel Components	Screen Printing Mesh	Flyers	Aircraft Seating	Extruder Packs	Metal Fabrications	F	ottenweller.com	Q1	product_type	Medium	ottenweller.com			The image shows large fabricated metal parts consistent with metal fabrications, making the question reasonable and the ground truth correct, while other options do not match the product shown.	
553	Based on this product image, what type of product is shown?	/mnt/nfs/zyxing/VLMEvalKit/Q1/q1_images/ottenweller.com/IMG_5719_1d06178fa9f8.jpg	Machine Parts	Metal Fabrications	impellers	Aircraft Seating	Backhoe Loader	Hammers	B	ottenweller.com	Q1	product_type	Medium	ottenweller.com			The image shows a large fabricated metal structure consistent with metal fabrications, and the other options do not match the product shown.	
554	Based on this product image, what type of product is shown?	/mnt/nfs/zyxing/VLMEvalKit/Q1/q1_images/parkerindustriesinc.com/parker-capabilities-welding-1_87675c233090.jpg	Replacement Parts	Decorative Chrome Plating	Shock Absorbers	Metal Buildings	Fabricated Parts	Carports	E	parkerindustriesinc.com	Q1	product_type	Medium	parkerindustriesinc.com			The image shows a metal part with welding, which fits fabricated parts, while other options like decorative plating or shock absorbers do not match the visible characteristics.	
555	Based on this product image, what type of product is shown?	/mnt/nfs/zyxing/VLMEvalKit/Q1/q1_images/parkerindustriesinc.com/parker-capabilities-stamping_cba7a1ecd531.jpg	Metal Stampings	Large Water Purification Systems	Hand Tools	Cable Entry Seals And Shrinkable Products	Axle Housings	Gasoline Direct Injection High Pressure Fuel Pumps	A	parkerindustriesinc.com	Q1	product_type	Medium	parkerindustriesinc.com			The image clearly shows metal stamped parts, making the question reasonable, the ground truth correct, and all other options unrelated to the product shown.	
556	Based on this product image, what type of product is shown?	/mnt/nfs/zyxing/VLMEvalKit/Q1/q1_images/piedmontmetalworks.com/sb3_e3c3ba4ca324.jpg	Custom Metal Work	Custom Metal Fabrication	Storm Doors And Windows	Plastic Covers	Robots	Piping	B	piedmontmetalworks.com	Q1	product_type	Medium	piedmontmetalworks.com			The image shows a fabricated metal structure, making the question reasonable and the correct answer custom metal fabrication, while all other options are unrelated to the product shown.	
557	Based on this product image, what type of product is shown?	/mnt/nfs/zyxing/VLMEvalKit/Q1/q1_images/qmf-usa.com/image8431_c1d70dce3eed.jpg	Toys	Gear	Aluminum Ramps	Power Enclosures	presses	Bronze Valves	D	qmf-usa.com	Q1	product_type	Medium	qmf-usa.com			The image shows a large metal enclosure typical of power enclosures, making the question reasonable, the ground truth correct, and all distractors unrelated to this product type.	
558	Based on this product image, what type of product is shown?	/mnt/nfs/zyxing/VLMEvalKit/Q1/q1_images/riddleyinc.com/MP9_f61acf70c6e0.jpg	Custom Fabricated Parts	Heating And Ac Units	Fixtures	Banners	Couplers	Farm Storage Sheds	A	riddleyinc.com	Q1	product_type	Medium	riddleyinc.com			The image shows metal parts that appear custom fabricated, making the question reasonable, the ground truth correct, and the other options unrelated to the product shown.	
559	Based on this product image, what type of product is shown?	/mnt/nfs/zyxing/VLMEvalKit/Q1/q1_images/riddleyinc.com/MP8_65ce45bd4e22.jpg	Custom Fabricated Parts	Decon Equipment	Ball Bearings	Compactors	Wakeboard Towers	Taper Roller	A	riddleyinc.com	Q1	product_type	Medium	riddleyinc.com			The image shows metal fabricated parts which align with custom fabricated parts, and the other options do not match the product shown.	
560	Based on this product image, what type of product is shown?	/mnt/nfs/zyxing/VLMEvalKit/Q1/q1_images/riddleyinc.com/MP1_3e7f6058c563.jpg	Wire Products	Farm Storage Sheds	Custom Fabricated Parts	Heating And Ac Units	Banners	Shipping And Storage Containers	C	riddleyinc.com	Q1	product_type	Medium	riddleyinc.com			The image shows metal parts that appear custom fabricated, making the question reasonable and the correct answer C, while all other options do not match the product type shown.	
561	Based on this product image, what type of product is shown?	/mnt/nfs/zyxing/VLMEvalKit/Q1/q1_images/riddleyinc.com/MP2_97c32e634e5a.jpg	Handrails	Displays	Valve Parts	Banners	Custom Fabricated Parts	Ball Bearings	E	riddleyinc.com	Q1	product_type	Medium	riddleyinc.com			The image shows metal parts that appear custom fabricated, making the question reasonable, the ground truth correct, and the other options unrelated to the product shown.	
562	Based on this product image, what type of product is shown?	/mnt/nfs/zyxing/VLMEvalKit/Q1/q1_images/riddleyinc.com/MP6_9eb00f1ea5f1.jpg	Banners	Heating And Ac Units	Metal Parts	Custom Fabricated Parts	Displays	Machined Components	D	riddleyinc.com	Q1	product_type	Medium	riddleyinc.com			The image shows metal frames that are custom fabricated parts, making the question reasonable, the ground truth correct, and the other options unrelated to the product shown.	
563	Based on this product image, what type of product is shown?	/mnt/nfs/zyxing/VLMEvalKit/Q1/q1_images/riddleyinc.com/MP7_ba3d08367857.jpg	Heating And Ac Units	Custom Fabricated Parts	Farm Storage Sheds	Shipping And Storage Containers	Wire Products	Banners	B	riddleyinc.com	Q1	product_type	Medium	riddleyinc.com			The image shows metal fabricated parts that align with custom fabricated parts, and the other options do not match the product shown.	
564	Based on this product image, what type of product is shown?	/mnt/nfs/zyxing/VLMEvalKit/Q1/q1_images/robertscompany.com/Industrial-Coatings-2-1_e3c3e1a48b44.jpeg	Boat Railings	Chemical Process Equipment	Stairs	Signs	Banners	Custom Machine Guards	B	robertscompany.com	Q1	product_type	Medium	robertscompany.com			The image shows large industrial piping and equipment consistent with chemical process equipment, making the question reasonable, the ground truth correct, and all other options clearly unrelated.	
565	Based on this product image, what type of product is shown?	/mnt/nfs/zyxing/VLMEvalKit/Q1/q1_images/robertscompany.com/DAK-Conditioning-Silo-Pictures-024_6820013b0667.jpeg	Banners	Posters	Custom Machine Guards	Chemical Process Equipment	Metal Fabrications	Boat Railings	D	robertscompany.com	Q1	product_type	Medium	robertscompany.com			The image shows a large industrial vessel typical of chemical process equipment, making the question reasonable, the ground truth correct, and all other options clearly unrelated.	
566	Based on this product image, what type of product is shown?	/mnt/nfs/zyxing/VLMEvalKit/Q1/q1_images/robertscompany.com/Burroughs-Wellcome-Toluene-Recovery-Skid_e218162ee819.jpeg	Chemical Process Equipment	Cabinets	Wakeboard Towers	Signs	Ball Bearings	Taper Roller	A	robertscompany.com	Q1	product_type	Medium	robertscompany.com			The image shows industrial equipment consistent with chemical processing, making the question reasonable, the ground truth correct, and all other options unrelated to the product shown.	
567	Based on this product image, what type of product is shown?	/mnt/nfs/zyxing/VLMEvalKit/Q1/q1_images/robertscompany.com/Absorber-Column-1_1683987f7ff8.jpeg	Chemical Process Equipment	Wire Products	Banners	Boat Railings	Farm Storage Sheds	Shipping And Storage Containers	A	robertscompany.com	Q1	product_type	Medium	robertscompany.com			The image shows complex metal piping and equipment typical of chemical process equipment, making the question reasonable, the ground truth correct, and all distractors clearly unrelated.	
568	Based on this product image, what type of product is shown?	/mnt/nfs/zyxing/VLMEvalKit/Q1/q1_images/robertscompany.com/Metso-Old-O2-Reactor-Installation_077fce1982d4.jpeg	Custom Units	Storage Equipment	Industrial Machinery	Cabinets	Envelopes	Chemical Process Equipment	F	robertscompany.com	Q1	product_type	Medium	robertscompany.com			The image shows large industrial towers typical of chemical process equipment, making the question reasonable, the ground truth correct, and all distractors clearly unrelated to this type of equipment.	
569	Based on this product image, what type of product is shown?	/mnt/nfs/zyxing/VLMEvalKit/Q1/q1_images/robertscompany.com/Industrial-Coatings-1-1_dee0852fe8eb.jpeg	Custom Units	Decon Equipment	Industrial Machinery	Garages	Cabinets	Chemical Process Equipment	F	robertscompany.com	Q1	product_type	Medium	robertscompany.com			The image shows large industrial pipe components consistent with chemical process equipment, making the question reasonable, the ground truth correct, and the other options clearly unrelated.	
570	Based on this product image, what type of product is shown?	/mnt/nfs/zyxing/VLMEvalKit/Q1/q1_images/robertscompany.com/IMG_0105_e1852daa70a1.jpeg	Metal Buildings	Garages	Chemical Process Equipment	Hitches	Material Handling And Filtraiton Duct	Decorative Wrought Iron	C	robertscompany.com	Q1	product_type	Medium	robertscompany.com			The image shows a specialized metal component with multiple holes likely used in chemical processing, making the question reasonable, the ground truth correct, and the other options unrelated to this type of equipment.	
571	Based on this product image, what type of product is shown?	/mnt/nfs/zyxing/VLMEvalKit/Q1/q1_images/robertscompany.com/IMG_1432_6c3151ee9ec3.jpeg	Heating And Ac Units	Banners	Wire Products	Shipping And Storage Containers	Business Cards	Chemical Process Equipment	F	robertscompany.com	Q1	product_type	Medium	robertscompany.com			The image shows a large industrial vessel typical of chemical process equipment, making the question reasonable, the ground truth correct, and the distractors clearly unrelated.	
572	Based on this product image, what type of product is shown?	/mnt/nfs/zyxing/VLMEvalKit/Q1/q1_images/robertscompany.com/20171114_082114-1328x747-1_bdda27b26b51.jpeg	Metal Parts	Couplers	Chemical Process Equipment	Wire Products	Laser Cut Parts	Heating And Ac Units	C	robertscompany.com	Q1	product_type	Medium	robertscompany.com			The image shows a large industrial vessel typical of chemical process equipment, making the question reasonable, the ground truth correct, and the distractors clearly unrelated.	
573	Based on this product image, what type of product is shown?	/mnt/nfs/zyxing/VLMEvalKit/Q1/q1_images/robertscompany.com/IMG_9717_75285c6f41d9.jpeg	Custom Machine Guards	Metal Fabrications	Garages	Chemical Process Equipment	Stairs	Boat Railings	D	robertscompany.com	Q1	product_type	Medium	robertscompany.com			The image shows large industrial tanks typical of chemical process equipment, making the question reasonable, the ground truth correct, and the other options clearly unrelated.	
574	Based on this product image, what type of product is shown?	/mnt/nfs/zyxing/VLMEvalKit/Q1/q1_images/robertscompany.com/MECS-India-Acid-Cooler1_0e1a4bd9aeff.jpeg	Hitches	Chemical Process Equipment	Decorative Wrought Iron	Signs	Boat Railings	Recliner Mechanism	B	robertscompany.com	Q1	product_type	Medium	robertscompany.com			The image shows industrial equipment consistent with chemical process equipment, making the question reasonable, the ground truth correct, and all distractors clearly unrelated.	
575	Based on this product image, what type of product is shown?	/mnt/nfs/zyxing/VLMEvalKit/Q1/q1_images/robertscompany.com/Weyerhaeuser-Metso-Port-Wentworth-O2-Reactor_6739dd1874a1.jpeg	Boat Railings	Chemical Process Equipment	Retro-Fit Vehicle Kits	Decorative Wrought Iron	Metal Buildings	Signs	B	robertscompany.com	Q1	product_type	Medium	robertscompany.com			The image shows industrial towers and equipment typical of chemical processing plants, making the question reasonable, the ground truth correct, and all other options clearly unrelated.	
576	Based on this product image, what type of product is shown?	/mnt/nfs/zyxing/VLMEvalKit/Q1/q1_images/robertscompany.com/Metso-Duplex-O2-Reactor-Shipment_080fad174386.jpeg	Boat Railings	Nuclear Valve Stems	Custom Fabricated Parts	Decon Equipment	Chemical Process Equipment	Custom Fabrication Pieces	E	robertscompany.com	Q1	product_type	Medium	robertscompany.com			The image shows a large industrial vessel typical of chemical process equipment, making the question reasonable, the ground truth correct, and the distractors unrelated to this type of product.	
577	Based on this product image, what type of product is shown?	/mnt/nfs/zyxing/VLMEvalKit/Q1/q1_images/robertscompany.com/Paint-and-Coatings-3-1_32be2b3fd4ad.jpeg	Component Pieces	Containers	Thermoset Plastic Products	Hitches	Black Oxide Anti-Corrosive Finishing	Chemical Process Equipment	F	robertscompany.com	Q1	product_type	Medium	robertscompany.com			The image shows industrial pipes and equipment consistent with chemical process equipment, making the question reasonable, the ground truth correct, and the distractors clearly unrelated.	
578	Based on this product image, what type of product is shown?	/mnt/nfs/zyxing/VLMEvalKit/Q1/q1_images/rrironworks.com/red_steel_trusses_982e7843740d.jpg	Cones,	Ornamental Iron Railings	Boat Tops And Towers	Robots	Steel Trusses	Backhoe Loader	E	rrironworks.com	Q1	product_type	Medium	rrironworks.com			The image clearly shows steel trusses, making the question reasonable, the ground truth answer correct, and all other options unrelated to the product shown.	
579	Based on this product image, what type of product is shown?	/mnt/nfs/zyxing/VLMEvalKit/Q1/q1_images/southernpiedmontpiping.com/SPPI_fabrication_platform-1-min-scaled_d5cabcab589c.jpg	Fuel Injectors	Handrails	presses	Platforms,	Cable Entry Seals And Shrinkable Products	Spiral Bevel Gears	B;D	southernpiedmontpiping.com	Q1	product_type	Medium	southernpiedmontpiping.com			The image shows industrial platforms and handrails, making the question reasonable and the accepted answers correct, while the distractors do not match the visible products.	
580	Based on this product image, what type of product is shown?	/mnt/nfs/zyxing/VLMEvalKit/Q1/q1_images/stainlessvalveco.com/Big-Blow-08-300-1-frame-at-0m14s-e1674589267754_e88faedde1f0.jpg	Handrails	Tie Down Straps	Custom Filtration Systems	valves	Backhoe Loader	Wheel Loader	D	stainlessvalveco.com	Q1	product_type	Medium	stainlessvalveco.com			The image shows a metallic component with bolt holes typical of valves, making the question reasonable and the correct answer valves, while all other options are unrelated to the product shown.	
581	Based on this product image, what type of product is shown?	/mnt/nfs/zyxing/VLMEvalKit/Q1/q1_images/stanadyne.com/next-tech_e47fad791833.jpg	Large Water Purification Systems	Diesel Fuel System Aftermarket Parts	Custom Tooling Components	Cellular, Fiber Optics, Flat Cable Tooling.	Tooling and Fixture	Hand Tools	B	stanadyne.com	Q1	product_type	Medium	stanadyne.com			The image shows a component labeled Stanadyne, a known manufacturer of diesel fuel system parts, making the question reasonable, the ground truth correct, and the other options unrelated to this product type.	
582	Based on this product image, what type of product is shown?	/mnt/nfs/zyxing/VLMEvalKit/Q1/q1_images/stanadyne.com/Electronic-DE-Rotary-Fuel-Pump_cc9f2a2ac918.jpg	Custom Tool Inventory Control Foam Inserts	Pulleys	And Friction Plates	Caps	Cutting Tools	Diesel Rotary Pumps	F	stanadyne.com	Q1	product_type	Medium	stanadyne.com			The image clearly shows a diesel rotary pump, making the question reasonable, the ground truth answer correct, and all other options unrelated to the product shown.	
583	Based on this product image, what type of product is shown?	/mnt/nfs/zyxing/VLMEvalKit/Q1/q1_images/stanadyne.com/High-Pressure-GDI-Injector-ricbsgic21vn035sjdpt8hgfdibfvdqq6_b5f82f70e231.png	Water Heaters	Promotional Products	Pressure Vessels	Boat Tops And Towers	Gasoline Direct Injection High Pressure Fuel Pumps	Sprockets	E	stanadyne.com	Q1	product_type	Medium	stanadyne.com			The image shows a high-pressure fuel pump typical of gasoline direct injection systems, making the question reasonable, the ground truth correct, and all other options unrelated to this product.	
584	Based on this product image, what type of product is shown?	/mnt/nfs/zyxing/VLMEvalKit/Q1/q1_images/stanadyne.com/dcr-secondary-new_1b1ec35e7722.png	Clutch Plates	Wedge Lock Washers	Racks	Medical Devices	Gasoline Direct Injection High Pressure Fuel Pumps	Pins	E	stanadyne.com	Q1	product_type	Medium	stanadyne.com			The image shows a mechanical fuel pump component consistent with gasoline direct injection high pressure fuel pumps, making the question reasonable, the ground truth correct, and the distractors unrelated to this product type.	
585	Based on this product image, what type of product is shown?	/mnt/nfs/zyxing/VLMEvalKit/Q1/q1_images/stanadyne.com/stanadyne-rgx-race-grade-xtreme-performance-gdi-fuel-pump-1_ee2f0796b9c9.jpg	Caps	Nascar Transmission Complete All Parts & Shifter	Fabricated Parts	Filters	Decals	Gasoline Direct Injection High Pressure Fuel Pumps	F	stanadyne.com	Q1	product_type	Medium	stanadyne.com			The image shows a mechanical fuel pump component consistent with gasoline direct injection high pressure fuel pumps, making the question reasonable, the ground truth correct, and all other options unrelated to the product shown.	
586	Based on this product image, what type of product is shown?	/mnt/nfs/zyxing/VLMEvalKit/Q1/q1_images/stanadyne.com/slide-pace-winner-alt_ba8e2c86fdf7.jpg	Appliance Finishes	Gasoline Direct Injection High Pressure Fuel Pumps	Racks	Trailer Components	Clutch Plates	Electoless Nickel Plating	B	stanadyne.com	Q1	product_type	Medium	stanadyne.com			The image shows a mechanical fuel pump component consistent with gasoline direct injection high pressure fuel pumps, making the question reasonable, the ground truth correct, and all other options unrelated to this product type.	
587	Based on this product image, what type of product is shown?	/mnt/nfs/zyxing/VLMEvalKit/Q1/q1_images/stanadyne.com/GDI-SP1250-NEW_2772ab08db93.jpg	Flyers	Farm Storage Sheds	Above Ground Steel Storage Tanks	Friction Materials	Remanufactured Heavy Truck Clutch Bodies	Gasoline Direct Injection High Pressure Fuel Pumps	F	stanadyne.com	Q1	product_type	Medium	stanadyne.com			The image clearly shows a fuel pump component, making the question reasonable, the ground truth answer correct, and all other options unrelated to the product shown.	
588	Based on this product image, what type of product is shown?	/mnt/nfs/zyxing/VLMEvalKit/Q1/q1_images/stanadyne.com/GDI-SP550-NEW_846354fe5198.jpg	Armor	Gasoline Direct Injection High Pressure Fuel Pumps	Remanufactured Heavy Truck Clutch Bodies	Greenhouse Kits	Friction Materials	Contract Fabrication Parts	B	stanadyne.com	Q1	product_type	Medium	stanadyne.com			The image shows a high-pressure fuel pump component consistent with gasoline direct injection systems, making the question reasonable, the ground truth correct, and all other options unrelated to the product shown.	
589	Based on this product image, what type of product is shown?	/mnt/nfs/zyxing/VLMEvalKit/Q1/q1_images/stanadyne.com/ecoforce3d-main_7ae76743d31e.png	Armor	Friction Materials	Racks	Custom Packaging Using Transport Style Cases	Diesel Rotary Pumps	Greenhouse Kits	E	stanadyne.com	Q1	product_type	Medium	stanadyne.com			The image clearly shows a mechanical component consistent with a diesel rotary pump, making the question reasonable, the ground truth correct, and all other options unrelated to the product shown.	
590	Based on this product image, what type of product is shown?	/mnt/nfs/zyxing/VLMEvalKit/Q1/q1_images/stanadyne.com/diesel-common-rail-fuel-pump_25ceca3b30a5.jpg	Diesel Fuel System Aftermarket Parts	Gasoline Direct Injection High Pressure Fuel Pumps	Axle Housings	Hand Tools	Diesel Rotary Pumps	Greenhouse Kits	A;E	stanadyne.com	Q1	product_type	Medium	stanadyne.com			The image shows a diesel rotary pump which fits the accepted answers, and the distractors are unrelated product types.	
591	Based on this product image, what type of product is shown?	/mnt/nfs/zyxing/VLMEvalKit/Q1/q1_images/stanadyne.com/SP1000_PumpPhoto_v3_2ca615597b2f.jpg	Friction Materials	Carts	Gasoline Direct Injection High Pressure Fuel Pumps	Armor	Custom Packaging Using Transport Style Cases	Greenhouse Kits	C	stanadyne.com	Q1	product_type	Medium	stanadyne.com			The image shows a mechanical component clearly related to fuel injection systems, making the question reasonable, the ground truth answer correct, and all other options unrelated to the product shown.	
592	Based on this product image, what type of product is shown?	/mnt/nfs/zyxing/VLMEvalKit/Q1/q1_images/stanadyne.com/featured-dcr-scaled_c860b03be703.png	Greenhouse Kits	Armor	Gasoline Direct Injection High Pressure Fuel Pumps	Custom Packaging Using Transport Style Cases	Friction Materials	Carts	C	stanadyne.com	Q1	product_type	Medium	stanadyne.com			The image clearly shows a mechanical fuel pump, making the question reasonable, the ground truth answer correct, and all other options unrelated to the product shown.	
593	Based on this product image, what type of product is shown?	/mnt/nfs/zyxing/VLMEvalKit/Q1/q1_images/stanadyne.com/Self-Cleaning-EGR-Press-Release-Image_11d761a5cd72.png	Rivet	Armor	Greenhouse Kits	Gasoline Direct Injection High Pressure Fuel Pumps	Friction Materials	Hand Tools	D	stanadyne.com	Q1	product_type	Medium	stanadyne.com			The image clearly shows a mechanical fuel pump component consistent with gasoline direct injection systems, making the question reasonable, the ground truth correct, and all other options unrelated to the product shown.	
594	Based on this product image, what type of product is shown?	/mnt/nfs/zyxing/VLMEvalKit/Q1/q1_images/stanadyne.com/Stanadyne-RGX-pump-scaled_33fabc5c3dd6.jpg	Adhesives	Copper	Gasoline Direct Injection High Pressure Fuel Pumps	Cutting Tools	Appliance Finishes	Farm Storage Sheds	C	stanadyne.com	Q1	product_type	Medium	stanadyne.com			The image shows a mechanical component consistent with a high pressure fuel pump, making the question reasonable, the ground truth correct, and all other options unrelated to the product shown.	
595	Based on this product image, what type of product is shown?	/mnt/nfs/zyxing/VLMEvalKit/Q1/q1_images/stanadyne.com/stanadyne-Pencil-Nozzle_05af4d388b12.png	Decorative Chrome Plating	Component Parts	Metal Stampings	Farm Storage Sheds	Powder Coat & Media Blast	Diesel Fuel System Aftermarket Parts	F	stanadyne.com	Q1	product_type	Medium	stanadyne.com			The image shows a diesel fuel injector, making the question reasonable, the ground truth correct, and all other options unrelated to this product.	
596	Based on this product image, what type of product is shown?	/mnt/nfs/zyxing/VLMEvalKit/Q1/q1_images/stanadyne.com/John-Deere-9.0L-Diesel-High-Pressure-HP4-Replacement-Pump_2a4e561ff211.jpg	Custom Tooling Components	Large Water Purification Systems	Tooling and Fixture	Diesel Fuel System Aftermarket Parts	Gasoline Direct Injection High Pressure Fuel Pumps	Cellular, Fiber Optics, Flat Cable Tooling.	D	stanadyne.com	Q1	product_type	Medium	stanadyne.com			The image shows components consistent with diesel fuel system parts, making the question reasonable, the ground truth correct, and the distractors unrelated to fuel system aftermarket parts.	
597	Based on this product image, what type of product is shown?	/mnt/nfs/zyxing/VLMEvalKit/Q1/q1_images/stanadyne.com/Pump_DODGE_02-scaled_a428e873117c.png	Gasoline Direct Injection High Pressure Fuel Pumps	Farm Storage Sheds	Finish Parts	Complete Machines And Replacement Parts	Decorative Chrome Plating	Metal Stampings	A	stanadyne.com	Q1	product_type	Medium	stanadyne.com			The image shows a mechanical fuel pump component, making the question reasonable, the correct answer appropriate, and all other options unrelated to this product type.	
598	Based on this product image, what type of product is shown?	/mnt/nfs/zyxing/VLMEvalKit/Q1/q1_images/stanadyne.com/IMG_2565-2048x1536_3100c359dacc.jpg	Large Water Purification Systems	Component Parts	Powder Coat & Media Blast	Gasoline Direct Injection High Pressure Fuel Pumps	Cellular, Fiber Optics, Flat Cable Tooling.	Greenhouse Kits	D	stanadyne.com	Q1	product_type	Medium	stanadyne.com			The image clearly shows high pressure fuel pumps used in gasoline direct injection systems, making the question reasonable, the ground truth correct, and all other options unrelated to the product shown.	
599	Based on this product image, what type of product is shown?	/mnt/nfs/zyxing/VLMEvalKit/Q1/q1_images/stanadyne.com/SP1250_5ae843de0073.png	Decorative Chrome Plating	Gasoline Direct Injection High Pressure Fuel Pumps	Complete Machines And Replacement Parts	Large Water Purification Systems	Carts	Powder Coat & Media Blast	B	stanadyne.com	Q1	product_type	Medium	stanadyne.com			The image shows a mechanical fuel pump component consistent with gasoline direct injection high pressure fuel pumps, making the question reasonable, the ground truth correct, and all other options unrelated to this product.	
600	Based on this product image, what type of product is shown?	/mnt/nfs/zyxing/VLMEvalKit/Q1/q1_images/steelnetwork.com/Jamstud_As_Header_700x394_437e67471bb5.png	Envelopes	Fabricated Parts	Light Steel Framing Products	Custom Tanks And Hoppers	Trailer Components	Commercial Security Equipment	C	steelnetwork.com	Q1	product_type	Medium	steelnetwork.com			The image shows metal framing components consistent with light steel framing products, making the question reasonable, the ground truth correct, and the other options unrelated to the product shown.	
601	Based on this product image, what type of product is shown?	/mnt/nfs/zyxing/VLMEvalKit/Q1/q1_images/steelnetwork.com/sl600_3slot_01-300x249_2b8206f01380.png	Turnstiles	Light Steel Framing Products	Ground Rods	Backhoe Loader	Awnings	Bronze Valves	B	steelnetwork.com	Q1	product_type	Medium	steelnetwork.com			The image shows metal framing components consistent with light steel framing products, making the question reasonable, the ground truth correct, and all other options unrelated to the product shown.	
602	Based on this product image, what type of product is shown?	/mnt/nfs/zyxing/VLMEvalKit/Q1/q1_images/steelnetwork.com/NotchTrak-Blog-Thumb-400x250_6dbfa641b57e.jpg	Light Steel Framing Products	Turnstiles	Bronze Valves	Robots	Residential Hardware	Backhoe Loader	A	steelnetwork.com	Q1	product_type	Medium	steelnetwork.com			The image clearly shows steel framing components, making the question reasonable, the ground truth answer correct, and all other options unrelated to the product shown.	
603	Based on this product image, what type of product is shown?	/mnt/nfs/zyxing/VLMEvalKit/Q1/q1_images/steelnetwork.com/verticlip-sls-perspective-01-300x249_711bf9f7cd6a.png	Light Steel Framing Products	Bumpers	Bins	Awnings	Turnstiles	Sprockets	A	steelnetwork.com	Q1	product_type	Medium	steelnetwork.com			The image shows a metal bracket with slots and fasteners typical of light steel framing products, making the question reasonable, the ground truth correct, and all other options unrelated to the product shown.	
604	Based on this product image, what type of product is shown?	/mnt/nfs/zyxing/VLMEvalKit/Q1/q1_images/steelnetwork.com/stiffclip-hel-perspective-01-300x249_2ddd75b9c37b.png	Fabicated Steel	Bronze Valves	Light Steel Framing Products	Medical Devices	Turnstiles	Roofing	C	steelnetwork.com	Q1	product_type	Medium	steelnetwork.com			The image shows metal components consistent with light steel framing products, making the question reasonable, the ground truth correct, and the other options clearly unrelated.	
605	Based on this product image, what type of product is shown?	/mnt/nfs/zyxing/VLMEvalKit/Q1/q1_images/steelnetwork.com/stiffclip-he-l-application_96b067be2606.png	Fabricated Parts	Custom Tanks And Hoppers	Trailer Components	Light Steel Framing Products	Steel Trusses	Boat Tops And Towers	D	steelnetwork.com	Q1	product_type	Medium	steelnetwork.com			The image shows metal framing components typical of light steel framing products, making the question reasonable, the ground truth correct, and the other options unrelated to the product shown.	
606	Based on this product image, what type of product is shown?	/mnt/nfs/zyxing/VLMEvalKit/Q1/q1_images/steelnetwork.com/verticlip-sl-perspective-01-300x249_09e2e318be40.png	Turnstiles	Light Steel Framing Products	Awnings	Business Cards	Backhoe Loader	Bronze Valves	B	steelnetwork.com	Q1	product_type	Medium	steelnetwork.com			The image shows a metal bracket consistent with light steel framing products, making the question reasonable, the ground truth correct, and all other options unrelated to the product shown.	
607	Based on this product image, what type of product is shown?	/mnt/nfs/zyxing/VLMEvalKit/Q1/q1_images/steelnetwork.com/common-angle-300x228_8388585ce4e0.png	Cones,	Custom Tanks And Hoppers	Light Steel Framing Products	Commercial Security Equipment	Robots	Aluminum Docks	C	steelnetwork.com	Q1	product_type	Medium	steelnetwork.com			The image shows a metal bracket typical of light steel framing products, making the question reasonable, the ground truth correct, and all other options unrelated to the product shown.	
608	Based on this product image, what type of product is shown?	/mnt/nfs/zyxing/VLMEvalKit/Q1/q1_images/steelnetwork.com/L1.5x1.5x6_68_904cd3781009.jpg	Griddle Plates	Robots	Ornamental Iron Railings	Specialty Metal parts	Plastic Covers	Light Steel Framing Products	F	steelnetwork.com	Q1	product_type	Medium	steelnetwork.com			The image shows a metal bracket typical of light steel framing products, making the question reasonable, the ground truth correct, and all distractors clearly unrelated.	
609	Based on this product image, what type of product is shown?	/mnt/nfs/zyxing/VLMEvalKit/Q1/q1_images/steelnetwork.com/StiffClip_HE_H_LR_Pair_65cc3c2958e4.jpg	Custom Tanks And Hoppers	Robots	Boat Tops And Towers	Trailer Components	Light Steel Framing Products	Steel Trusses	E	steelnetwork.com	Q1	product_type	Medium	steelnetwork.com			The image shows metal brackets used in construction framing, fitting the category of Light Steel Framing Products, while other options like robots or boat tops are unrelated.	
610	Based on this product image, what type of product is shown?	/mnt/nfs/zyxing/VLMEvalKit/Q1/q1_images/steelnetwork.com/CWS_pers_250x451_031fbc5751ed.png	CNC Lathes	Light Steel Framing Products	Robots	Residential Hardware	Roofing	Bronze Valves	B	steelnetwork.com	Q1	product_type	Medium	steelnetwork.com			The image shows a metal component consistent with light steel framing products, making the question reasonable, the ground truth correct, and all other options unrelated to the product shown.	
611	Based on this product image, what type of product is shown?	/mnt/nfs/zyxing/VLMEvalKit/Q1/q1_images/steelnetwork.com/StiffClip_CL_362_400_41cd89b04989.jpg	Custom Tanks And Hoppers	Business Cards	Trailer Components	Light Steel Framing Products	Fabricated Parts	Boat Tops And Towers	D	steelnetwork.com	Q1	product_type	Medium	steelnetwork.com			The image shows a metal bracket typical of light steel framing products, making the question reasonable, the ground truth correct, and all other options unrelated to this product type.	
612	Based on this product image, what type of product is shown?	/mnt/nfs/zyxing/VLMEvalKit/Q1/q1_images/steelnetwork.com/VertiClip_SLT_L_18_bcc1b5f415e6.png	Awnings	Backhoe Loader	Turnstiles	Light Steel Framing Products	Aluminum Docks	Conveyors	D	steelnetwork.com	Q1	product_type	Medium	steelnetwork.com			The image shows a metal framing component consistent with light steel framing products, making the question reasonable, the ground truth correct, and all other options unrelated to the product shown.	
613	Based on this product image, what type of product is shown?	/mnt/nfs/zyxing/VLMEvalKit/Q1/q1_images/steelnetwork.com/VertiClip_SLD_362-400_64604b5797f0.jpg	Custom Tanks And Hoppers	Fabricated Parts	Light Steel Framing Products	Boat Tops And Towers	Trailer Components	Commercial Security Equipment	C	steelnetwork.com	Q1	product_type	Medium	steelnetwork.com			The image shows a metal bracket typical of light steel framing products, making the question reasonable, the ground truth correct, and the other options unrelated to this product type.	
614	Based on this product image, what type of product is shown?	/mnt/nfs/zyxing/VLMEvalKit/Q1/q1_images/steelnetwork.com/VertiClip_SLB_362_400_d2244c2132e5.jpg	Robots	Backhoe Loader	Light Steel Framing Products	Ornamental Iron Railings	Cones,	Griddle Plates	C	steelnetwork.com	Q1	product_type	Medium	steelnetwork.com			The image shows a metal bracket typical of light steel framing products, making the question reasonable, the ground truth correct, and all other options unrelated to the product shown.	
615	Based on this product image, what type of product is shown?	/mnt/nfs/zyxing/VLMEvalKit/Q1/q1_images/steelnetwork.com/Custom_VertiClip_SL_With_4Slots_340x270_20d246fc8db7.png	Light Steel Framing Products	Backhoe Loader	Cones,	Turnstiles	Bronze Valves	Robots	A	steelnetwork.com	Q1	product_type	Medium	steelnetwork.com			The image shows a metal bracket consistent with light steel framing products, making the question reasonable, the ground truth correct, and all other options unrelated to the product shown.	
616	Based on this product image, what type of product is shown?	/mnt/nfs/zyxing/VLMEvalKit/Q1/q1_images/steelnetwork.com/VertiClip_SLT_L_Perspective_01_0zr0u8_f351c8d4e0c7.png	Robots	Cones,	Boat Tops And Towers	Light Steel Framing Products	Steel Trusses	Backhoe Loader	D	steelnetwork.com	Q1	product_type	Medium	steelnetwork.com			The image shows a metal bracket likely used in construction framing, making the question reasonable, the ground truth answer correct, and all other options unrelated to this product.	
617	Based on this product image, what type of product is shown?	/mnt/nfs/zyxing/VLMEvalKit/Q1/q1_images/steelnetwork.com/Gripclip-Thumb-400x250_bb96aaba1b72.jpg	Bronze Valves	Robots	Custom Tanks And Hoppers	Light Steel Framing Products	Commercial Security Equipment	Backhoe Loader	D	steelnetwork.com	Q1	product_type	Medium	steelnetwork.com			The image shows a metal framing component consistent with light steel framing products, making the question reasonable, the ground truth correct, and the other options unrelated to the product shown.	
618	Based on this product image, what type of product is shown?	/mnt/nfs/zyxing/VLMEvalKit/Q1/q1_images/steelnetwork.com/stiffclip-wc-pers-front-03_464eb9bfa119.png	Griddle Plates	Steel Trusses	Light Steel Framing Products	Commercial Security Equipment	Robots	Ornamental Iron Railings	C	steelnetwork.com	Q1	product_type	Medium	steelnetwork.com			The image shows a metal component with holes typical of light steel framing products, making the question reasonable, the ground truth correct, and all other options clearly unrelated.	
619	Based on this product image, what type of product is shown?	/mnt/nfs/zyxing/VLMEvalKit/Q1/q1_images/steelnetwork.com/VertiClip_SLB_800_12_10b1e2299c38.jpg	Bronze Valves	Light Steel Framing Products	Robots	Toys	Backhoe Loader	Residential Hardware	B	steelnetwork.com	Q1	product_type	Medium	steelnetwork.com			The image shows a metal bracket typical of light steel framing products, making the question reasonable, the ground truth correct, and all other options unrelated to the product shown.	
620	Based on this product image, what type of product is shown?	/mnt/nfs/zyxing/VLMEvalKit/Q1/q1_images/steelnetwork.com/stiffclip-lb-1000-pers-front-03_d2b9396416b9.png	Light Steel Framing Products	Trailer Components	Apparel	Custom Tanks And Hoppers	Commercial Security Equipment	Boat Tops And Towers	A	steelnetwork.com	Q1	product_type	Medium	steelnetwork.com			The image shows a metal framing component consistent with light steel framing products, making the question reasonable, the ground truth correct, and all other options unrelated to the product shown.	
621	Based on this product image, what type of product is shown?	/mnt/nfs/zyxing/VLMEvalKit/Q1/q1_images/steelnetwork.com/midwall_top_880x729_21dad534f89b.png	Steel Trusses	Light Steel Framing Products	Robots	Commercial Security Equipment	Cones,	Ornamental Iron Railings	B	steelnetwork.com	Q1	product_type	Medium	steelnetwork.com			The image shows a metal component consistent with light steel framing products, making the question reasonable, the ground truth correct, and all other options clearly unrelated.	
622	Based on this product image, what type of product is shown?	/mnt/nfs/zyxing/VLMEvalKit/Q1/q1_images/steelnetwork.com/Cold-Formed-Steel-Custom-Connectors-1-400x250_22af3ef331bd.png	Cones,	Steel Trusses	Robots	Light Steel Framing Products	Backhoe Loader	Ornamental Iron Railings	D	steelnetwork.com	Q1	product_type	Medium	steelnetwork.com			The image shows metal connectors used in construction framing, making the question reasonable, the ground truth correct, and the other options unrelated to the product shown.	
623	Based on this product image, what type of product is shown?	/mnt/nfs/zyxing/VLMEvalKit/Q1/q1_images/steelnetwork.com/StiffClip_RT_1300_9a982cee54aa.jpg	Commercial Security Equipment	Apparel	Light Steel Framing Products	Backhoe Loader	Cones,	Robots	C	steelnetwork.com	Q1	product_type	Medium	steelnetwork.com			The image shows a metal connector used in construction, fitting the category of Light Steel Framing Products, while all other options are unrelated to this type of product.	
624	Based on this product image, what type of product is shown?	/mnt/nfs/zyxing/VLMEvalKit/Q1/q1_images/steelnetwork.com/custom-connector-clip-design_6f6dc519fc10.png	Boat Tops And Towers	Light Steel Framing Products	Commercial Security Equipment	Steel Trusses	Bronze Valves	Robots	B	steelnetwork.com	Q1	product_type	Medium	steelnetwork.com			The image shows a metal framing component consistent with light steel framing products, making the question reasonable, the ground truth correct, and all other options unrelated to the product shown.	
625	Based on this product image, what type of product is shown?	/mnt/nfs/zyxing/VLMEvalKit/Q1/q1_images/steelnetwork.com/stiffClip_AL_perspective_01stiffClip_AL_Pers_Fron_03_880x729_8a015b5fce42.png	Trailer Components	Boat Tops And Towers	Custom Tanks And Hoppers	Griddle Plates	Light Steel Framing Products	Ornamental Iron Railings	E	steelnetwork.com	Q1	product_type	Medium	steelnetwork.com			The image shows a metal framing component consistent with light steel framing products, making the question reasonable, the ground truth correct, and the other options unrelated to this type of product.	
626	Based on this product image, what type of product is shown?	/mnt/nfs/zyxing/VLMEvalKit/Q1/q1_images/steelnetwork.com/NotchTrak_add1ef6a3211.jpg	Plastic Covers	Griddle Plates	Cones,	Robots	Light Steel Framing Products	Specialty Metal parts	E	steelnetwork.com	Q1	product_type	Medium	steelnetwork.com			The image shows a metal structural component consistent with light steel framing products, making the question reasonable, the ground truth correct, and the other options unrelated to the product shown.	
627	Based on this product image, what type of product is shown?	/mnt/nfs/zyxing/VLMEvalKit/Q1/q1_images/steelnetwork.com/stiffClip_CL_Pers_front_03_880x729_d84a1d65df2c.png	Backhoe Loader	Boat Tops And Towers	Light Steel Framing Products	Commercial Security Equipment	Cones,	Robots	C	steelnetwork.com	Q1	product_type	Medium	steelnetwork.com			The image shows a metal bracket likely used in construction, fitting the category of Light Steel Framing Products, while other options are unrelated to this type of product.	
628	Based on this product image, what type of product is shown?	/mnt/nfs/zyxing/VLMEvalKit/Q1/q1_images/steelnetwork.com/Backit_End_900x900-300x300_2fefa26a8e08.png	Roofing	Light Steel Framing Products	Robots	Aluminum Docks	Cones,	Ground Rods	B	steelnetwork.com	Q1	product_type	Medium	steelnetwork.com			The image shows a metal bracket used in construction, which fits the category of Light Steel Framing Products, while the other options are unrelated to this type of product.	
629	Based on this product image, what type of product is shown?	/mnt/nfs/zyxing/VLMEvalKit/Q1/q1_images/steelnetwork.com/circletrak-curved-ceiling-application_d23fdd7fc849.png	Commercial Security Equipment	Light Steel Framing Products	Backhoe Loader	Cones,	Robots	Boat Tops And Towers	B	steelnetwork.com	Q1	product_type	Medium	steelnetwork.com			The image shows metal framing components consistent with light steel framing products, making the question reasonable, the ground truth correct, and all other options unrelated to the product shown.	
630	Based on this product image, what type of product is shown?	/mnt/nfs/zyxing/VLMEvalKit/Q1/q1_images/steelnetwork.com/stiffclip-hel-pers-front-03_a20b8837d6fb.png	Wall Panels	Firearms	Hollow Metal Frames And Doors	Light Steel Framing Products	Ornamental Iron Railings	Griddle Plates	D	steelnetwork.com	Q1	product_type	Medium	steelnetwork.com			The image shows metal components with holes and bends typical of light steel framing products, making the question reasonable, the ground truth correct, and all other options clearly unrelated.	
631	Based on this product image, what type of product is shown?	/mnt/nfs/zyxing/VLMEvalKit/Q1/q1_images/steelnetwork.com/stiffclip_HC_pers_front_03_t08x82_28b0f83e9bc9.png	Cones,	Backhoe Loader	Light Steel Framing Products	Robots	Trailer Components	Turnstiles	C	steelnetwork.com	Q1	product_type	Medium	steelnetwork.com			The image shows a metal bracket used in construction, fitting the category of Light Steel Framing Products, while the other options are unrelated to this type of product.	
632	Based on this product image, what type of product is shown?	/mnt/nfs/zyxing/VLMEvalKit/Q1/q1_images/steelnetwork.com/ThermaFast_J_Track_701924a125fa.jpg	Commercial Security Equipment	Cones,	Aluminum Docks	Light Steel Framing Products	Ground Rods	Robots	D	steelnetwork.com	Q1	product_type	Medium	steelnetwork.com			The image shows a metal framing component consistent with light steel framing products, making the question reasonable, the ground truth correct, and all other options unrelated to the product shown.	
633	Based on this product image, what type of product is shown?	/mnt/nfs/zyxing/VLMEvalKit/Q1/q1_images/steelnetwork.com/TSN-products-on-jobsite-with-Schnippel_dbaf0090d8a4.jpg	Trailer Components	Backhoe Loader	Robots	Light Steel Framing Products	Cones,	Turnstiles	D	steelnetwork.com	Q1	product_type	Medium	steelnetwork.com			The image shows metal framing components consistent with light steel framing products, making the question reasonable, the ground truth correct, and all other options unrelated to the product shown.	
634	Based on this product image, what type of product is shown?	/mnt/nfs/zyxing/VLMEvalKit/Q1/q1_images/steelnetwork.com/SigmaStud-ready-to-be-panelized-for-Schnippel_7edddf624f3f.jpg	Ornamental Iron Railings	Custom Tanks And Hoppers	Griddle Plates	Light Steel Framing Products	Trailer Components	Wall Panels	D	steelnetwork.com	Q1	product_type	Medium	steelnetwork.com			The image shows stacked metal profiles typical of light steel framing products, making the question reasonable, the ground truth correct, and the other options unrelated to the product shown.	
635	Based on this product image, what type of product is shown?	/mnt/nfs/zyxing/VLMEvalKit/Q1/q1_images/steelnetwork.com/loadbearing-steel-stud-joist-midrise-hotel_bf6bba2104d6.jpg	Custom Tanks And Hoppers	Fabricated Parts	Boat Tops And Towers	Light Steel Framing Products	Commercial Security Equipment	Trailer Components	D	steelnetwork.com	Q1	product_type	Medium	steelnetwork.com			The image clearly shows metal framing structures consistent with light steel framing products, making the question reasonable, the ground truth correct, and the other options unrelated to the product shown.	
636	Based on this product image, what type of product is shown?	/mnt/nfs/zyxing/VLMEvalKit/Q1/q1_images/steelnetwork.com/BridgeClip_BC_Back_880x729_fafb5bde87a5.png	Cones,	Robots	Light Steel Framing Products	Steel Trusses	Boat Tops And Towers	Flyers	C	steelnetwork.com	Q1	product_type	Medium	steelnetwork.com			The image shows a metal component typical of light steel framing products, making the question reasonable, the ground truth correct, and all other options unrelated to the product shown.	
637	Based on this product image, what type of product is shown?	/mnt/nfs/zyxing/VLMEvalKit/Q1/q1_images/steelnetwork.com/SigmaTrack-for-Schnippel-Construction-projects_5ab38a423553.jpg	Robots	Hollow Metal Frames And Doors	Light Steel Framing Products	Griddle Plates	Backhoe Loader	Wall Panels	C	steelnetwork.com	Q1	product_type	Medium	steelnetwork.com			The image shows a steel framing product label, making the question reasonable, the ground truth correct, and all other options unrelated to steel framing products.	
638	Based on this product image, what type of product is shown?	/mnt/nfs/zyxing/VLMEvalKit/Q1/q1_images/steelnetwork.com/stiffclip-lb-hd-pers-back-02_64398a773c06.png	Light Steel Framing Products	Robots	shaft	Griddle Plates	bearing	Plastic Covers	A	steelnetwork.com	Q1	product_type	Medium	steelnetwork.com			The image shows a metal component consistent with light steel framing products, making the question reasonable, the ground truth correct, and all other options unrelated to the product shown.	
639	Based on this product image, what type of product is shown?	/mnt/nfs/zyxing/VLMEvalKit/Q1/q1_images/steelnetwork.com/panelized-steel-joist-floor-system_dde3d78380a9.jpg	Robots	Custom Tanks And Hoppers	Turnstiles	Cones,	Boat Tops And Towers	Light Steel Framing Products	F	steelnetwork.com	Q1	product_type	Medium	steelnetwork.com			The image clearly shows metal framing components consistent with light steel framing products, making the question reasonable and the ground truth correct, while all other options are unrelated to the product shown.	
640	Based on this product image, what type of product is shown?	/mnt/nfs/zyxing/VLMEvalKit/Q1/q1_images/steelnetwork.com/residences-at-marriott-oceanfront-virginia-lsf-x-braced-shea_b5fcdfc1abcd.jpg	Bronze Valves	Backhoe Loader	Robots	Turnstiles	Residential Hardware	Light Steel Framing Products	F	steelnetwork.com	Q1	product_type	Medium	steelnetwork.com			The image clearly shows metal framing components used in construction, matching 'Light Steel Framing Products' and none of the distractors fit this product type.	
641	Based on this product image, what type of product is shown?	/mnt/nfs/zyxing/VLMEvalKit/Q1/q1_images/superdroidrobots.com/TP-301-001_1_500x500_57ddb870b1dd.png	Tie Down Straps	Decals	Envelopes	Anti-Ram Vehicle Barriers	Robots	Lubricants	E	superdroidrobots.com	Q1	product_type	Medium	superdroidrobots.com			The image shows a robotic platform which fits the category 'Robots' and none of the distractors like straps, decals, envelopes, barriers, or lubricants match the product shown.	
642	Based on this product image, what type of product is shown?	/mnt/nfs/zyxing/VLMEvalKit/Q1/q1_images/superdroidrobots.com/TP-631-000_1_500x500_b89084d011d5.jpg	Expansion Joints	Signage	Thermal Reduction Devices	Cable Entry Seals And Shrinkable Products	Awnings	Robots	F	superdroidrobots.com	Q1	product_type	Medium	superdroidrobots.com			The image clearly shows a tracked robot platform, making the question reasonable, the ground truth answer correct, and all other options unrelated to the product shown.	
643	Based on this product image, what type of product is shown?	/mnt/nfs/zyxing/VLMEvalKit/Q1/q1_images/superdroidrobots.com/TP-630-100_1_500x500_08222975b57c.jpg	Robots	Cases For Outdoor Enthusiasts And Adventurers	Anti-Ram Vehicle Barriers	Appliance Finishes	Certified Cases For Battery Storage	Boat Tops And Towers	A	superdroidrobots.com	Q1	product_type	Medium	superdroidrobots.com			The image clearly shows a robotic vehicle, making the question reasonable, the ground truth answer correct, and all other options unrelated to the product shown.	
644	Based on this product image, what type of product is shown?	/mnt/nfs/zyxing/VLMEvalKit/Q1/q1_images/superdroidrobots.com/TP-631-100_1_500x500_2498f4ef15b4.jpg	Finish Parts	Custom Enclosures	Stairs And Railings	Aircraft Seating	Armor Steel Parts	Robots	F	superdroidrobots.com	Q1	product_type	Medium	superdroidrobots.com			The image clearly shows a robotic device, making the question reasonable, the ground truth answer correct, and all other options unrelated to the product shown.	
645	Based on this product image, what type of product is shown?	/mnt/nfs/zyxing/VLMEvalKit/Q1/q1_images/superdroidrobots.com/TP-635-000_800x-transparent_ac99c2ddef87.png	Custom Enclosures	Stairs And Railings	Diesel Fuel System Aftermarket Parts	Traffic Control Products	Aluminum Motorcycle Parts	Robots	F	superdroidrobots.com	Q1	product_type	Medium	superdroidrobots.com			The image clearly shows a robotic vehicle, making the question reasonable, the ground truth answer correct, and all other options unrelated to the product shown.	
646	Based on this product image, what type of product is shown?	/mnt/nfs/zyxing/VLMEvalKit/Q1/q1_images/superdroidrobots.com/GPK32-Reality-Capture_744c841e41b1.png	Fuel Handling Equipment	Hydraulic Parts	Custom Packaging Using Transport Style Cases	Armor Cabs	Robots	Anti-Ram Vehicle Barriers	E	superdroidrobots.com	Q1	product_type	Medium	superdroidrobots.com			The image clearly shows a robotic vehicle, making the question reasonable, the ground truth answer correct, and all other options unrelated to the product shown.	
647	Based on this product image, what type of product is shown?	/mnt/nfs/zyxing/VLMEvalKit/Q1/q1_images/superdroidrobots.com/Mastiff_Tan_TacticalSite-740x740_6d7c98442435.png	Armor Steel Parts	Cabinets	Aluminum Motorcycle Parts	Stairs And Railings	Custom Enclosures	Robots	F	superdroidrobots.com	Q1	product_type	Medium	superdroidrobots.com			The image clearly shows a robot, making the question reasonable, the ground truth answer correct, and all other options unrelated to the product shown.	
648	Based on this product image, what type of product is shown?	/mnt/nfs/zyxing/VLMEvalKit/Q1/q1_images/superdroidrobots.com/TP-301-002_1_800x800_536c9485917e.png	Custom Cases For All Branches	Finish Parts	Custom Industrial Sewn Products	Robots	Aircraft Seating	Traffic Control Products	D	superdroidrobots.com	Q1	product_type	Medium	superdroidrobots.com			The image clearly shows a robotic platform, making the question reasonable, the ground truth answer correct, and all other options unrelated to the product shown.	
649	Based on this product image, what type of product is shown?	/mnt/nfs/zyxing/VLMEvalKit/Q1/q1_images/superdroidrobots.com/Groundhog-Pro-800x800-1_2edab77511fb.png	Hammers	Large Racks	Flow Measurement Devices	Robots	Sheet Metal Per Print	Dividers	D	superdroidrobots.com	Q1	product_type	Medium	superdroidrobots.com			The image clearly shows a robotic device, making the question reasonable, the ground truth answer correct, and all other options unrelated to the product shown.	
650	Based on this product image, what type of product is shown?	/mnt/nfs/zyxing/VLMEvalKit/Q1/q1_images/superdroidrobots.com/TP-310-000_1_500x500_f59e5f4c6cdd.jpg	Compactors	Robots	Power Tool Parts	Cabinets	Hand Tools	Metal Componets	B	superdroidrobots.com	Q1	product_type	Medium	superdroidrobots.com			The image clearly shows a robotic vehicle, making the question reasonable, the correct answer 'Robots,' and all other options unrelated to the product shown.	
651	Based on this product image, what type of product is shown?	/mnt/nfs/zyxing/VLMEvalKit/Q1/q1_images/superdroidrobots.com/TP-632-020_1_500x500-transparent_c80d7352e627.png	Hand Tools	Chassis	Cabinets	Compactors	Robots	Aluminum Cases	E	superdroidrobots.com	Q1	product_type	Medium	superdroidrobots.com			The image shows a robotic device with tracks and a camera dome, making the question reasonable, the correct answer 'Robots,' and all other options unrelated to this product type.	
652	Based on this product image, what type of product is shown?	/mnt/nfs/zyxing/VLMEvalKit/Q1/q1_images/superdroidrobots.com/TP-638-100_1_500x500_798ecd6f11e9.jpg	Awnings	Compactors	Hand Tools	Cabinets	Robots	Doors	E	superdroidrobots.com	Q1	product_type	Medium	superdroidrobots.com			The image clearly shows a robotic tracked vehicle, making the question reasonable, the ground truth answer correct, and all other options unrelated to the product shown.	
653	Based on this product image, what type of product is shown?	/mnt/nfs/zyxing/VLMEvalKit/Q1/q1_images/superdroidrobots.com/GPK-32_Crawlspace_Entrance-e1659024381630_71555a620581.jpg	Awnings	Aircraft Seating	Doors	Robots	Armor Steel Parts	Finish Parts	D	superdroidrobots.com	Q1	product_type	Medium	superdroidrobots.com			The image clearly shows a robot, making the question reasonable, the ground truth answer correct, and all other options unrelated to the product shown.	
654	Based on this product image, what type of product is shown?	/mnt/nfs/zyxing/VLMEvalKit/Q1/q1_images/superdroidrobots.com/TP-637-000_1_500x500_fc28a1cb8abc.jpg	Armor Steel Parts	Aluminum Motorcycle Parts	Custom Enclosures	Stairs And Railings	Robots	Doors	E	superdroidrobots.com	Q1	product_type	Medium	superdroidrobots.com			The image clearly shows a robotic device with tracks and a control unit, making the question reasonable, the ground truth answer correct, and all other options unrelated to the product shown.	
655	Based on this product image, what type of product is shown?	/mnt/nfs/zyxing/VLMEvalKit/Q1/q1_images/superdroidrobots.com/hk1500-autonomous-P2170806-1000x1000-1_fd74283e4170.png	Robots	Custom Industrial Sewn Products	Hand Tools	Traffic Control Products	Aircraft Seating	Cabinets	A	superdroidrobots.com	Q1	product_type	Medium	superdroidrobots.com			The image clearly shows a robotic vehicle, making the question reasonable, the ground truth answer correct, and all other options unrelated to the product shown.	
656	Based on this product image, what type of product is shown?	/mnt/nfs/zyxing/VLMEvalKit/Q1/q1_images/superdroidrobots.com/Orange_County_Fire_Department_LT2-F_6bb060a8de20.jpg	Custom Industrial Sewn Products	Aircraft Seating	Hand Tools	Finish Parts	Robots	Traffic Control Products	E	superdroidrobots.com	Q1	product_type	Medium	superdroidrobots.com			The image clearly shows a robotic device, making the question reasonable, the ground truth answer correct, and all other options unrelated to the product shown.	
657	Based on this product image, what type of product is shown?	/mnt/nfs/zyxing/VLMEvalKit/Q1/q1_images/superdroidrobots.com/kit-track-university-delaware-agriculture-screenshot_07df98f81f62.png	Custom Tool Inventory Control Foam Inserts	Diesel Fuel System Aftermarket Parts	Custom Enclosures	Stairs And Railings	Robots	Aluminum Motorcycle Parts	E	superdroidrobots.com	Q1	product_type	Medium	superdroidrobots.com			The image clearly shows a robot navigating through a field, making the question reasonable, the ground truth answer correct, and all other options unrelated to the product shown.	
658	Based on this product image, what type of product is shown?	/mnt/nfs/zyxing/VLMEvalKit/Q1/q1_images/superdroidrobots.com/SPAR_Sky-1920x1080_c51cdc559a32.jpg	Large Racks	Diesel Fuel System Aftermarket Parts	Dividers	Custom Tool Inventory Control Foam Inserts	Robots	Aluminum Motorcycle Parts	E	superdroidrobots.com	Q1	product_type	Medium	superdroidrobots.com			The image clearly shows a robotic vehicle, making the question reasonable, the ground truth answer correct, and all other options unrelated to the product shown.	
659	Based on this product image, what type of product is shown?	/mnt/nfs/zyxing/VLMEvalKit/Q1/q1_images/superdroidrobots.com/hk1500-material-handling-1200x800-1_b2f06fb36bbe.png	Diesel Fuel System Aftermarket Parts	Aircraft Seating	Robots	Dividers	Custom Tool Inventory Control Foam Inserts	Aluminum Motorcycle Parts	C	superdroidrobots.com	Q1	product_type	Medium	superdroidrobots.com			The image clearly shows a robotic vehicle, making the question reasonable, the ground truth answer correct, and all other options unrelated to the product shown.	
660	Based on this product image, what type of product is shown?	/mnt/nfs/zyxing/VLMEvalKit/Q1/q1_images/superdroidrobots.com/GPK-32_inspection-robot-800x800-transparent_e8fa7d9d6d4e.png	Armor Steel Parts	Custom Industrial Sewn Products	Robots	Aircraft Seating	Traffic Control Products	Finish Parts	C	superdroidrobots.com	Q1	product_type	Medium	superdroidrobots.com			The image clearly shows a robotic device, making the question reasonable, the ground truth answer correct, and all other options unrelated to the product shown.	
661	Based on this product image, what type of product is shown?	/mnt/nfs/zyxing/VLMEvalKit/Q1/q1_images/superdroidrobots.com/gpk-inspection-robot-Screenshot-2022-10-12-122345-1188x900_3df7d02bcf82.png	Robots	Gasoline Direct Injection High Pressure Fuel Pumps	Aluminum Cases	Cabinets	Custom Cases For All Branches	Chassis	A	superdroidrobots.com	Q1	product_type	Medium	superdroidrobots.com			The image clearly shows a tracked robot platform, making the question reasonable, the ground truth answer correct, and all other options unrelated to the product shown.	
662	Based on this product image, what type of product is shown?	/mnt/nfs/zyxing/VLMEvalKit/Q1/q1_images/superdroidrobots.com/Overkill_Heavy-Duty_Robot_Woods_2486205ac46e.jpg	Aircraft Seating	Finish Parts	Armor Steel Parts	Robots	Custom Enclosures	Hand Tools	D	superdroidrobots.com	Q1	product_type	Medium	superdroidrobots.com			The image shows a tracked robotic vehicle, making the question reasonable and the correct answer 'Robots,' while the other options do not fit the product shown.	
663	Based on this product image, what type of product is shown?	/mnt/nfs/zyxing/VLMEvalKit/Q1/q1_images/superdroidrobots.com/P9020608-1-scaled-e1659012734224-2560x1440_7ea537088860.jpg	Robots	Finish Parts	Awnings	Armor Steel Parts	Aircraft Seating	Doors	A	superdroidrobots.com	Q1	product_type	Medium	superdroidrobots.com			The image clearly shows a robotic device, making the question reasonable, the ground truth answer correct, and all other options unrelated to the product shown.	
664	Based on this product image, what type of product is shown?	/mnt/nfs/zyxing/VLMEvalKit/Q1/q1_images/superdroidrobots.com/groundhog-reality-capture-construction-jobsite-cropped-1600x_4bd42a965f39.png	Stairs And Railings	Custom Tool Inventory Control Foam Inserts	Diesel Fuel System Aftermarket Parts	Robots	Aluminum Motorcycle Parts	Custom Enclosures	D	superdroidrobots.com	Q1	product_type	Medium	superdroidrobots.com			The image clearly shows a robot in a construction setting, making the question reasonable, the ground truth answer correct, and all other options unrelated to the product shown.	
665	Based on this product image, what type of product is shown?	/mnt/nfs/zyxing/VLMEvalKit/Q1/q1_images/superdroidrobots.com/gpk-32-4wd-4-wheel-drive-video-screenshot-1400x800_a2015a4f750b.png	Custom Industrial Sewn Products	Custom Cases For All Branches	Hand Tools	Cabinets	Traffic Control Products	Robots	F	superdroidrobots.com	Q1	product_type	Medium	superdroidrobots.com			The image clearly shows a robot, making the question reasonable, the ground truth answer correct, and all other options unrelated to the product shown.	
666	Based on this product image, what type of product is shown?	/mnt/nfs/zyxing/VLMEvalKit/Q1/q1_images/superdroidrobots.com/P1070186_423cbeafd961.png	Robots	Compactors	Awnings	Cabinets	Doors	Aluminum Products	A	superdroidrobots.com	Q1	product_type	Medium	superdroidrobots.com			The image clearly shows a robotic device, making the question reasonable, the ground truth answer correct, and all other options unrelated to the product shown.	
667	Based on this product image, what type of product is shown?	/mnt/nfs/zyxing/VLMEvalKit/Q1/q1_images/superdroidrobots.com/TP-635-000_1_500x500_5c1ce2171785.jpg	Anti-Ram Vehicle Barriers	Certified Cases For Battery Storage	Containers	Vehicle Wraps	Robots	Handrails	E	superdroidrobots.com	Q1	product_type	Medium	superdroidrobots.com			The image clearly shows a robotic tracked vehicle, making the question reasonable, the ground truth answer correct, and all other options unrelated to the product shown.	
668	Based on this product image, what type of product is shown?	/mnt/nfs/zyxing/VLMEvalKit/Q1/q1_images/superdroidrobots.com/Bulldog_007_tran-e1659123959401_1dd287c3d4b6.png	Robots	Sheet Metal Per Print	Large Racks	Hammers	Flow Measurement Devices	Stairs And Railings	A	superdroidrobots.com	Q1	product_type	Medium	superdroidrobots.com			The image clearly shows a robotic device, making the question reasonable, the ground truth answer correct, and all other options unrelated to the product shown.	
669	Based on this product image, what type of product is shown?	/mnt/nfs/zyxing/VLMEvalKit/Q1/q1_images/superdroidrobots.com/Doberman_003__T_af07cc1610b0.png	Custom Industrial Sewn Products	Custom Cases For All Branches	Awnings	Doors	Robots	Traffic Control Products	E	superdroidrobots.com	Q1	product_type	Medium	superdroidrobots.com			The image clearly shows a tracked robot, making the question reasonable, the ground truth answer correct, and all other options unrelated to the product shown.	
670	Based on this product image, what type of product is shown?	/mnt/nfs/zyxing/VLMEvalKit/Q1/q1_images/superdroidrobots.com/LT2-F-W-1920x1080_36e5f9008970.jpg	Stairs And Railings	Custom Tool Inventory Control Foam Inserts	Robots	Diesel Fuel System Aftermarket Parts	Custom Enclosures	Aluminum Motorcycle Parts	C	superdroidrobots.com	Q1	product_type	Medium	superdroidrobots.com			The image clearly shows a robotic device, making the question reasonable, the ground truth answer correct, and all other options unrelated to the product shown.	
671	Based on this product image, what type of product is shown?	/mnt/nfs/zyxing/VLMEvalKit/Q1/q1_images/superdroidrobots.com/TP-637-000_3_500x500-transparent-740x740_27b483cfca55.png	Finish Parts	Compactors	Robots	Traffic Control Products	Custom Cases For All Branches	Custom Industrial Sewn Products	C	superdroidrobots.com	Q1	product_type	Medium	superdroidrobots.com			The image clearly shows a robotic device, making the question reasonable, the ground truth answer correct, and all other options unrelated to the product shown.	
672	Based on this product image, what type of product is shown?	/mnt/nfs/zyxing/VLMEvalKit/Q1/q1_images/superdroidrobots.com/TP-638-390_1_1920x1920-transparent_a5f0cacf8678.png	Finish Parts	Armor Steel Parts	Traffic Control Products	Hand Tools	Aircraft Seating	Robots	F	superdroidrobots.com	Q1	product_type	Medium	superdroidrobots.com			The image clearly shows a robotic vehicle, making the question reasonable, the correct answer 'Robots', and all other options unrelated to the product shown.	
673	Based on this product image, what type of product is shown?	/mnt/nfs/zyxing/VLMEvalKit/Q1/q1_images/superdroidrobots.com/TP-630-100_2_1920x1920-transparent_0ba3a3f45379.png	Aluminum Cases	Cabinets	Chassis	Robots	Awnings	Doors	D	superdroidrobots.com	Q1	product_type	Medium	superdroidrobots.com			The image clearly shows a robotic device, making the question reasonable, the ground truth answer correct, and all other options unrelated to the product shown.	
674	Based on this product image, what type of product is shown?	/mnt/nfs/zyxing/VLMEvalKit/Q1/q1_images/superdroidrobots.com/P8210358_tran_9bb49a64f796.png	Finish Parts	Custom Enclosures	Aircraft Seating	Armor Steel Parts	Custom Industrial Sewn Products	Robots	F	superdroidrobots.com	Q1	product_type	Medium	superdroidrobots.com			The image clearly shows a tracked robot platform, making the question reasonable, the ground truth answer correct, and all other options unrelated to the product shown.	
675	Based on this product image, what type of product is shown?	/mnt/nfs/zyxing/VLMEvalKit/Q1/q1_images/superdroidrobots.com/GRT1000_001_474b7415428a.png	Robots	Custom Enclosures	Finish Parts	Armor Steel Parts	Custom Industrial Sewn Products	Aircraft Seating	A	superdroidrobots.com	Q1	product_type	Medium	superdroidrobots.com			The image clearly shows a tracked robotic platform, making 'Robots' the correct classification and the other options unrelated to the product shown.	
676	Based on this product image, what type of product is shown?	/mnt/nfs/zyxing/VLMEvalKit/Q1/q1_images/tampcoinc.com/Gate_Hinge_7742d581427b.jpg	Prototypes	Nuclear Valve Stems	Banners	Custom Machine Guards	Stamping	Boat Railings	F	tampcoinc.com	Q1	product_type	Medium	tampcoinc.com			The image shows a polished metal railing component consistent with boat railings, making the question reasonable, the ground truth correct, and the other options unrelated to the product shown.	
677	Based on this product image, what type of product is shown?	/mnt/nfs/zyxing/VLMEvalKit/Q1/q1_images/tampcoinc.com/52637a_f53bace592454a26a6bec79788ca375a_mv2_1d1fb8fe9ace.jpg	Garages	Taper Roller	Boat Railings	All Fabricated Tubular Parts	Machine Parts	Stairs	C;D	tampcoinc.com	Q1	product_type	Medium	tampcoinc.com			The image shows metal railings consistent with boat railings and fabricated tubular parts, making the question reasonable and the accepted answers correct, while the distractors do not fit the product shown.	
678	Based on this product image, what type of product is shown?	/mnt/nfs/zyxing/VLMEvalKit/Q1/q1_images/tampcoinc.com/grab_rail_on_deck_surface_0eabde5fbaa8.jpg	All Fabricated Tubular Parts	impellers	Garages	Boat Railings	Machine Parts	Stamping	A;D	tampcoinc.com	Q1	product_type	Medium	tampcoinc.com			The image shows a metal tubular part consistent with fabricated tubular parts and boat railings, while the other options do not match the product shown.	
679	Based on this product image, what type of product is shown?	/mnt/nfs/zyxing/VLMEvalKit/Q1/q1_images/tampcoinc.com/Folding_Console_Hinge-folded_18e9b01da09d.jpg	Custom Machine Guards	Prototypes	Banners	Metal Fabrications	Decon Equipment	Boat Railings	F	tampcoinc.com	Q1	product_type	Medium	tampcoinc.com			The image shows a polished metal joint typical of boat railings, making the question reasonable, the ground truth correct, and the other options unrelated to this product.	
680	Based on this product image, what type of product is shown?	/mnt/nfs/zyxing/VLMEvalKit/Q1/q1_images/tonermachining.com/Picture2_e810d53cab36.jpg	Finish Parts	Fuel Injectors	Fixtures	Transmition Parts	Cable Entry Seals And Shrinkable Products	Spiral Bevel Gears	C	tonermachining.com	Q1	product_type	Medium	tonermachining.com			The image shows a mechanical setup consistent with fixtures used in machining or assembly, making the question reasonable, the ground truth correct, and the other options unrelated to the product shown.	
681	Based on this product image, what type of product is shown?	/mnt/nfs/zyxing/VLMEvalKit/Q1/q1_images/tonermachining.com/IMG_E2592-1024x420_06e848bd376c.jpg	Fixtures	Gages	Cable Entry Seals And Shrinkable Products	Custom Tooling Components	presses	Spiral Bevel Gears	A;B	tonermachining.com	Q1	product_type	Medium	tonermachining.com			The image shows metal parts that resemble fixtures or gages, making the question reasonable and the accepted answers correct, while the distractors do not match the product type shown.	
682	Based on this product image, what type of product is shown?	/mnt/nfs/zyxing/VLMEvalKit/Q1/q1_images/tonermachining.com/IMG_E2387-1-908x1024_30a834a04254.jpg	Fixtures	Custom Machined Or Fabricated Components	Transmition Parts	Finish Parts	Spiral Bevel Gears	Parts And Components	A	tonermachining.com	Q1	product_type	Medium	tonermachining.com			The image shows a complex mechanical setup typical of a fixture used in machining or assembly, making the question reasonable, the ground truth correct, and the other options unrelated to this specific product type.	
683	Based on this product image, what type of product is shown?	/mnt/nfs/zyxing/VLMEvalKit/Q1/q1_images/tonermachining.com/IMG_E2501-823x1024_a26ecf26b835.jpg	presses	Fuel Injectors	Fixtures	Envelopes	Cable Entry Seals And Shrinkable Products	Repairs On Factory Machinery And Construction Equipment	C	tonermachining.com	Q1	product_type	Medium	tonermachining.com			The image shows a machined metal part consistent with a fixture, making the question reasonable, the ground truth correct, and all other options unrelated to the product shown.	
684	Based on this product image, what type of product is shown?	/mnt/nfs/zyxing/VLMEvalKit/Q1/q1_images/tonermachining.com/IMG_E2513_3abc25781d49.jpg	Spiral Bevel Gears	Precise Weldments	Fixtures	Insulation	Complete Machines And Replacement Parts	Fire Suppression Parts	C	tonermachining.com	Q1	product_type	Medium	tonermachining.com			The image shows a precision mechanical assembly typical of fixtures used in manufacturing, making the question reasonable, the ground truth correct, and the other options unrelated to the product shown.	
685	Based on this product image, what type of product is shown?	/mnt/nfs/zyxing/VLMEvalKit/Q1/q1_images/tonermachining.com/IMG_E2572-1024x641_73e78f00218b.jpg	Spiral Bevel Gears	Small Automotive Parts	Fixtures	Custom Machined Or Fabricated Components	Transmition Parts	Stairs	C	tonermachining.com	Q1	product_type	Medium	tonermachining.com			The image shows industrial fixtures used for machining or assembly, making the question reasonable, the ground truth correct, and all other options unrelated to the product shown.	
686	Based on this product image, what type of product is shown?	/mnt/nfs/zyxing/VLMEvalKit/Q1/q1_images/tonermachining.com/IMG_E2415-180x180_7b22a5a9bd66.jpg	Pressure Vessels	Turbine Components	Specialty Parts	Stairs	Fixtures	Fasteners	E	tonermachining.com	Q1	product_type	Medium	tonermachining.com			The image shows a metal component that resembles a fixture or jig, making the question reasonable, the ground truth correct, and the other options unrelated to the product shown.	
687	Based on this product image, what type of product is shown?	/mnt/nfs/zyxing/VLMEvalKit/Q1/q1_images/tonermachining.com/IMG_E2483-1024x729_a5dbf22ce8be.jpg	Gages	presses	Precise Weldments	Fixtures	Spiral Bevel Gears	Cable Entry Seals And Shrinkable Products	D;A	tonermachining.com	Q1	product_type	Medium	tonermachining.com			The image shows a metal part that fits the description of a gage or fixture, while the other options like presses, precise weldments, spiral bevel gears, and cable entry seals do not match the product shown.	
688	Based on this product image, what type of product is shown?	/mnt/nfs/zyxing/VLMEvalKit/Q1/q1_images/tonermachining.com/IMG_E2578-951x1024_0c03e43070b8.jpg	Fixtures	Gages	Platforms,	Firearm Components	Envelopes	Stairs	A;B	tonermachining.com	Q1	product_type	Medium	tonermachining.com			The product image shows a metal component that fits the description of fixtures or gages, while platforms, firearm components, envelopes, and stairs are clearly unrelated.	
689	Based on this product image, what type of product is shown?	/mnt/nfs/zyxing/VLMEvalKit/Q1/q1_images/tonermachining.com/IMG_E2478-776x1024_f56363ba0957.jpg	Fixtures	Hammers	Assemblies	Gages	Handrails	Platforms,	A;D	tonermachining.com	Q1	product_type	Medium	tonermachining.com			The question is reasonable for identifying the product type, the product appears to be a precision tool fitting the categories of fixtures or gages, and the distractors like hammers, assemblies, handrails, and platforms do not match the product shown.	
690	Based on this product image, what type of product is shown?	/mnt/nfs/zyxing/VLMEvalKit/Q1/q1_images/tonermachining.com/IMG_E2386-1024x927_093c48372ecb.jpg	Generators	Surgical Tools	Firearm Components	Windows	Platforms,	Fixtures	F	tonermachining.com	Q1	product_type	Medium	tonermachining.com			The image shows a specialized mechanical setup consistent with fixtures used in manufacturing or machining, making the question reasonable, the ground truth correct, and the other options unrelated to the product shown.	
691	Based on this product image, what type of product is shown?	/mnt/nfs/zyxing/VLMEvalKit/Q1/q1_images/tonermachining.com/IMG_E2499-1024x953_c9011f8fde9a.jpg	Small Automotive Parts	Postcards	Transmition Parts	Stairs	Spiral Bevel Gears	Fixtures	F	tonermachining.com	Q1	product_type	Medium	tonermachining.com			The image shows a specialized industrial fixture, making the question reasonable, the ground truth correct, and all other options unrelated to the product shown.	
692	Based on this product image, what type of product is shown?	/mnt/nfs/zyxing/VLMEvalKit/Q1/q1_images/tonermachining.com/PKCF6939-1-1024x576_4e535eeaf3aa.jpg	Fire Suppression Parts	Precise Weldments	Complete Machines And Replacement Parts	Custom Tooling Components	Fuel Injectors	Fixtures	F	tonermachining.com	Q1	product_type	Medium	tonermachining.com			The image shows metal stands with clamps that are used to hold or position parts, fitting the definition of fixtures, while the other options do not match the product's appearance or function.	
693	Based on this product image, what type of product is shown?	/mnt/nfs/zyxing/VLMEvalKit/Q1/q1_images/tonermachining.com/IMG_2818-951x1024_f55ff50c1491.jpg	Fixtures	Apparel	Custom Machined Or Fabricated Components	Stairs	Small Automotive Parts	Turbine Components	A	tonermachining.com	Q1	product_type	Medium	tonermachining.com			The image shows a fixture used for machining or assembly, making the question reasonable, the ground truth correct, and all other options unrelated to the product shown.	
694	Based on this product image, what type of product is shown?	/mnt/nfs/zyxing/VLMEvalKit/Q1/q1_images/tonermachining.com/IMG_E2558-1000x1024_de315caab110.jpg	Spiral Bevel Gears	Stairs	Flow Measurement Devices	Fuel Injectors	Turbine Components	Fixtures	F	tonermachining.com	Q1	product_type	Medium	tonermachining.com			The image shows a metal fixture or mounting bracket, making the question reasonable, the ground truth correct, and all other options unrelated to the product shown.	
695	Based on this product image, what type of product is shown?	/mnt/nfs/zyxing/VLMEvalKit/Q1/q1_images/tonermachining.com/IMG_E2389-1-650x1024_3223b07a5b18.jpg	Surgical Tools	Spiral Bevel Gears	Backhoe Loader	Precise Weldments	Fuel Injectors	Fixtures	F	tonermachining.com	Q1	product_type	Medium	tonermachining.com			The image shows a complex mechanical fixture used in manufacturing or machining, making the question reasonable, the ground truth correct, and all other options unrelated to the product shown.	
696	Based on this product image, what type of product is shown?	/mnt/nfs/zyxing/VLMEvalKit/Q1/q1_images/tonermachining.com/IMG_E2541-955x1024_8c3cc68c614c.jpg	Fire Suppression Parts	Cable Entry Seals And Shrinkable Products	Spiral Bevel Gears	Fixtures	Gages	Complete Machines And Replacement Parts	D	tonermachining.com	Q1	product_type	Medium	tonermachining.com			The image shows a fixture-like component, making the question reasonable, the ground truth correct, and the other options unrelated to the product shown.	
697	Based on this product image, what type of product is shown?	/mnt/nfs/zyxing/VLMEvalKit/Q1/q1_images/tonermachining.com/JICT6242-812x1024_c4747ac40738.jpg	Parts And Components	Complete Machines And Replacement Parts	Fixtures	Transmition Parts	Nuts	Spiral Bevel Gears	C	tonermachining.com	Q1	product_type	Medium	tonermachining.com			The question is reasonable as the image shows a metal frame likely used as a fixture, making 'Fixtures' the correct classification while other options do not match the product type.	
698	Based on this product image, what type of product is shown?	/mnt/nfs/zyxing/VLMEvalKit/Q1/q1_images/tonermachining.com/IMG_E2439-1024x594_8c0ee92e9645.jpg	Gages	Parts And Components	Finish Parts	Fire Suppression Parts	Complete Machines And Replacement Parts	Fixtures	F	tonermachining.com	Q1	product_type	Medium	tonermachining.com			The image shows a metal part likely used as a fixture, making the question reasonable and the correct answer F, while other options do not fit the product type shown.	
699	Based on this product image, what type of product is shown?	/mnt/nfs/zyxing/VLMEvalKit/Q1/q1_images/tonermachining.com/IMG_E2434-1003x1024_92f8abd5d431.jpg	Precise Weldments	Spiral Bevel Gears	presses	Custom Tooling Components	Fixtures	Gages	E;F	tonermachining.com	Q1	product_type	Medium	tonermachining.com			The question is reasonable for identifying the product type, the accepted answers Fixtures and Gages fit the product shown, and the distractors Precise Weldments, Spiral Bevel Gears, presses, and Custom Tooling Components do not match the product image.	
700	Based on this product image, what type of product is shown?	/mnt/nfs/zyxing/VLMEvalKit/Q1/q1_images/tonermachining.com/IMG_E2603-180x180_ff2cc458f3ea.jpg	Fixtures	Spiral Bevel Gears	Fuel Injectors	Flow Measurement Devices	Turbine Components	Stairs	A	tonermachining.com	Q1	product_type	Medium	tonermachining.com			The image shows a metal component that appears to be a fixture or mounting bracket, making the question reasonable, the ground truth correct, and all distractors unrelated to this type of product.	
701	Based on this product image, what type of product is shown?	/mnt/nfs/zyxing/VLMEvalKit/Q1/q1_images/tonermachining.com/IMG_E2564-1024x818_e074852987b3.jpg	Fuel Injectors	Turbine Components	Fixtures	Flow Measurement Devices	Small Automotive Parts	Stairs	C	tonermachining.com	Q1	product_type	Medium	tonermachining.com			The image shows a metal component that appears to be a fixture used in manufacturing or assembly, making the question reasonable, the ground truth correct, and all other options unrelated to the product shown.	
702	Based on this product image, what type of product is shown?	/mnt/nfs/zyxing/VLMEvalKit/Q1/q1_images/tonermachining.com/IMG_2643-956x1024_e278315b37a9.jpg	Fuel Injectors	Fixtures	Complete Machines And Replacement Parts	Fire Suppression Parts	Gages	Cable Entry Seals And Shrinkable Products	B;E	tonermachining.com	Q1	product_type	Medium	tonermachining.com			The image shows a metal fixture or gage used in machining or assembly, making the question reasonable and the accepted answers correct, while the distractors do not match the product type.	
703	Based on this product image, what type of product is shown?	/mnt/nfs/zyxing/VLMEvalKit/Q1/q1_images/tonermachining.com/IMG_E2385-555x1024_7c3720fa6c88.jpg	Fixtures	Small Automotive Parts	Gages	Flow Measurement Devices	Turbine Components	Stairs	A;C	tonermachining.com	Q1	product_type	Medium	tonermachining.com			The image shows a precision tool likely used as a fixture or gage, making the question reasonable and the accepted answers correct, while the distractors do not fit the product type.	
704	Based on this product image, what type of product is shown?	/mnt/nfs/zyxing/VLMEvalKit/Q1/q1_images/tonermachining.com/IMG_E2556-851x1024_f869d8ca6a4c.jpg	Spiral Bevel Gears	Fixtures	Transmition Parts	Turbine Components	Stairs	Flow Measurement Devices	B	tonermachining.com	Q1	product_type	Medium	tonermachining.com			The image shows a metal bracket likely used as a fixture, making the question reasonable, the ground truth correct, and all other options unrelated to this product.	
705	Based on this product image, what type of product is shown?	/mnt/nfs/zyxing/VLMEvalKit/Q1/q1_images/tonermachining.com/IMG_2819-1024x963_cc9893d6ad83.jpg	Fuel Injectors	dies	Fixtures	Cable Entry Seals And Shrinkable Products	Repairs On Factory Machinery And Construction Equipment	presses	C	tonermachining.com	Q1	product_type	Medium	tonermachining.com			The image shows a precision mechanical setup consistent with fixtures, making the question reasonable, the ground truth correct, and the distractors unrelated to the product shown.	
706	Based on this product image, what type of product is shown?	/mnt/nfs/zyxing/VLMEvalKit/Q1/q1_images/tonermachining.com/IMG_E2587-838x1024_e421c6af0f79.jpg	Cable Entry Seals And Shrinkable Products	Fuel Injectors	Fire Suppression Parts	Gages	Complete Machines And Replacement Parts	Fixtures	F;D	tonermachining.com	Q1	product_type	Medium	tonermachining.com			The image shows a large metal fixture or gage used in machining, making the question reasonable and the accepted answers correct, while the distractors do not match the product type.	
707	Based on this product image, what type of product is shown?	/mnt/nfs/zyxing/VLMEvalKit/Q1/q1_images/tonermachining.com/IMG_E2488-972x1024_ad532a76c77e.jpg	Small Automotive Parts	Transmition Parts	Fire Suppression Parts	Fixtures	Fuel Injectors	Custom Machined Or Fabricated Components	D	tonermachining.com	Q1	product_type	Medium	tonermachining.com			The image shows a specialized metal component likely used as a fixture, making the question reasonable and the correct answer D, while other options do not match the product's appearance or function.	
708	Based on this product image, what type of product is shown?	/mnt/nfs/zyxing/VLMEvalKit/Q1/q1_images/tonermachining.com/IMG_E2570-1024x742_2b49437466ec.jpg	Complete Machines And Replacement Parts	Parts And Components	Apparel	Fixtures	Spiral Bevel Gears	Finish Parts	D	tonermachining.com	Q1	product_type	Medium	tonermachining.com			The image shows a specialized tool or jig used in manufacturing, which fits the category of fixtures, while other options like apparel or spiral bevel gears are clearly unrelated.	
709	Based on this product image, what type of product is shown?	/mnt/nfs/zyxing/VLMEvalKit/Q1/q1_images/tonermachining.com/IMG_E2579_54f8b31fb90c.jpg	Fixtures	Gages	Firearm Components	Ladders	Platforms,	Handrails	A;B	tonermachining.com	Q1	product_type	Medium	tonermachining.com			The image shows a precision metal part that fits the categories of fixtures or gages, while firearm components, ladders, platforms, and handrails are clearly unrelated.	
710	Based on this product image, what type of product is shown?	/mnt/nfs/zyxing/VLMEvalKit/Q1/q1_images/tonermachining.com/IMG_2412-801x1024_18f9c6dcc371.jpg	Fixtures	Specialty Parts	Bottling Parts	Fasteners	Precision, High Performance Marine Boat Shaft Systems	Complex, Close Toleranced Machined Parts	A	tonermachining.com	Q1	product_type	Medium	tonermachining.com			The image shows a specialized mechanical setup consistent with a fixture, making the question reasonable, the ground truth correct, and the other options unrelated to the product shown.	
711	Based on this product image, what type of product is shown?	/mnt/nfs/zyxing/VLMEvalKit/Q1/q1_images/tonermachining.com/IMG_E2514_07899a9ead2c.jpg	Custom Machine Guards	Insulation	Firearm Components	Fuel Injectors	Fixtures	Repairs On Factory Machinery And Construction Equipment	E	tonermachining.com	Q1	product_type	Medium	tonermachining.com			The image shows a mechanical fixture with clamps and gauges, which aligns with 'Fixtures' and clearly does not match the other unrelated options.	
712	Based on this product image, what type of product is shown?	/mnt/nfs/zyxing/VLMEvalKit/Q1/q1_images/tonermachining.com/BHOOE9437-1024x783_fea9323187a2.jpg	Stairs	Flow Measurement Devices	Fixtures	Fuel Injectors	Fire Suppression Parts	Turbine Components	C	tonermachining.com	Q1	product_type	Medium	tonermachining.com			The image shows a metal frame structure consistent with fixtures, and the other options do not match the product's appearance or typical form.	
713	Based on this product image, what type of product is shown?	/mnt/nfs/zyxing/VLMEvalKit/Q1/q1_images/tonermachining.com/IMG_E2517-1024x835_99d783dcab40.jpg	Flow Measurement Devices	Fixtures	Turbine Components	Stairs	Fuel Injectors	Small Automotive Parts	B	tonermachining.com	Q1	product_type	Medium	tonermachining.com			The image shows a precision metal fixture used for holding or positioning parts, making the question reasonable, the ground truth correct, and all other options unrelated to the product shown.	
714	Based on this product image, what type of product is shown?	/mnt/nfs/zyxing/VLMEvalKit/Q1/q1_images/tonermachining.com/IMG_E2590-1024x876_8743538ed59b.jpg	Stairs	Small Automotive Parts	Turbine Components	Spiral Bevel Gears	Cable Entry Seals And Shrinkable Products	Fixtures	F	tonermachining.com	Q1	product_type	Medium	tonermachining.com			The image shows a large, industrial metal part with mounting holes consistent with a fixture, and none of the distractors like stairs or small automotive parts match this type of product.	
715	Based on this product image, what type of product is shown?	/mnt/nfs/zyxing/VLMEvalKit/Q1/q1_images/tonermachining.com/IMG_E2436-1010x1024_b696843d2ba2.jpg	Gages	Precise Weldments	Fixtures	Cable Entry Seals And Shrinkable Products	Spiral Bevel Gears	Fuel Injectors	C	tonermachining.com	Q1	product_type	Medium	tonermachining.com			The image shows a machined metal part that fits the description of a fixture, and the other options do not match the product's appearance or function.	
716	Based on this product image, what type of product is shown?	/mnt/nfs/zyxing/VLMEvalKit/Q1/q1_images/tonermachining.com/IMG_E2561-1024x992_d807bf8724d2.jpg	presses	Gages	Spiral Bevel Gears	Fixtures	Cable Entry Seals And Shrinkable Products	Precise Weldments	D;B	tonermachining.com	Q1	product_type	Medium	tonermachining.com			The image shows a precision metal part likely used as a fixture or gage, making the question reasonable and the accepted answers correct, while the distractors do not match the product type.	
717	Based on this product image, what type of product is shown?	/mnt/nfs/zyxing/VLMEvalKit/Q1/q1_images/tonermachining.com/IMG_E2382-680x1024_39e8d58a8bcc.jpg	presses	Spiral Bevel Gears	Cable Entry Seals And Shrinkable Products	Dumpsters, Trailers, Repairs	Fixtures	Gages	E;F	tonermachining.com	Q1	product_type	Medium	tonermachining.com			The image shows a precision tool setup consistent with fixtures and gages, making the question reasonable and the accepted answers correct, while the distractors do not match the product type.	
718	Based on this product image, what type of product is shown?	/mnt/nfs/zyxing/VLMEvalKit/Q1/q1_images/tonermachining.com/IMG_E2565-1024x925_1cf09894f1b8.jpg	Decals	Cable Entry Seals And Shrinkable Products	Fixtures	presses	Custom Tooling Components	Spiral Bevel Gears	C	tonermachining.com	Q1	product_type	Medium	tonermachining.com			The image shows a metal component that fits the description of a fixture, making the question reasonable, the ground truth correct, and the other options unrelated to the product shown.	
719	Based on this product image, what type of product is shown?	/mnt/nfs/zyxing/VLMEvalKit/Q1/q1_images/truatlantic.com/summitaviationmfg_image3_be1a2dfd2f29.jpg	Flyers	Tooling and Fixture	Spiral Bevel Gears	Cable Entry Seals And Shrinkable Products	Handrails	Complex, Close Toleranced Machined Parts	F	truatlantic.com	Q1	product_type	Medium	truatlantic.com			The image shows precision-machined metal parts consistent with complex, close-toleranced machined parts, making the question reasonable, the ground truth correct, and the other options unrelated to the product shown.	
720	Based on this product image, what type of product is shown?	/mnt/nfs/zyxing/VLMEvalKit/Q1/q1_images/truatlantic.com/summitaviationmfg_image8_b5b9510cfe2f.jpg	presses	Handrails	Doors	Spiral Bevel Gears	Complex, Close Toleranced Machined Parts	Platforms,	E	truatlantic.com	Q1	product_type	Medium	truatlantic.com			The image shows precision-machined metal parts, making the question reasonable, the ground truth answer correct, and all other options unrelated to the product shown.	
721	Based on this product image, what type of product is shown?	/mnt/nfs/zyxing/VLMEvalKit/Q1/q1_images/truatlantic.com/Main-Landing-Gear-Machined-Axles_9a8a65ced5c6.jpg	Turbine Components	Custom Machined Or Fabricated Components	Stairs	Spiral Bevel Gears	Flow Measurement Devices	Complex, Close Toleranced Machined Parts	F	truatlantic.com	Q1	product_type	Medium	truatlantic.com			The image shows precision-machined metal parts consistent with complex, close-toleranced machined parts, making the question reasonable, the ground truth correct, and the other options unrelated or incorrect.	
722	Based on this product image, what type of product is shown?	/mnt/nfs/zyxing/VLMEvalKit/Q1/q1_images/truemachinenc.com/custom-machined-components-7Fj07zvLElF5MPti_69ca76f7065d.jpg	Carts	Cabinets	Storage Equipment	Backhoe Loader	Awnings	Machined Components	F	truemachinenc.com	Q1	product_type	Medium	truemachinenc.com			The image shows precise metal parts consistent with machined components, making the question reasonable, the ground truth correct, and all other options unrelated to the product shown.	
723	Based on this product image, what type of product is shown?	/mnt/nfs/zyxing/VLMEvalKit/Q1/q1_images/truemachinenc.com/6991262873_1bd1d0ecd9_b-MKv9tkvBohKhzI7M_caf4ca6c938c.jpg	Screen Printing Mesh	ring gears	Machined Components	Custom Safety Guards	Cabinets	Backhoe Loader	C	truemachinenc.com	Q1	product_type	Medium	truemachinenc.com			The image clearly shows machined metal components, making the question reasonable, the ground truth correct, and all other options unrelated to the product shown.	
724	Based on this product image, what type of product is shown?	/mnt/nfs/zyxing/VLMEvalKit/Q1/q1_images/truemachinenc.com/laser-cut-acetal-g2Af1IY1N0dyHbHD_4ba9d78ba91e.jpg	Aircraft Seating	Manifolds	Machined Components	Hammers	Backhoe Loader	impellers	C	truemachinenc.com	Q1	product_type	Medium	truemachinenc.com			The image shows a precisely machined metal component, making the question reasonable and the correct answer 'Machined Components,' while other options like aircraft seating or hammers do not match the product shown.	
725	Based on this product image, what type of product is shown?	/mnt/nfs/zyxing/VLMEvalKit/Q1/q1_images/truemachinenc.com/machined-aluminum-part-71Q8OpcBFfVtv6uf_eb5097933e81.png	Machined Components	Cabinets	Custom Safety Guards	ring gears	Screen Printing Mesh	Fittings	A	truemachinenc.com	Q1	product_type	Medium	truemachinenc.com			The image clearly shows a precision-machined metal component, making the question reasonable, the ground truth answer correct, and all other options unrelated to the product shown.	
726	Based on this product image, what type of product is shown?	/mnt/nfs/zyxing/VLMEvalKit/Q1/q1_images/truemachinenc.com/06f8bd7_image-nMqSVZcE0AFVYULF_58b0e79f92a5.jpg	Cones,	Hammers	angle	Machined Components	Manifolds	impellers	D	truemachinenc.com	Q1	product_type	Medium	truemachinenc.com			The image shows metal parts with precise holes and cutouts typical of machined components, making the question reasonable, the ground truth correct, and the other options unrelated to the product shown.	
727	Based on this product image, what type of product is shown?	/mnt/nfs/zyxing/VLMEvalKit/Q1/q1_images/truemachinenc.com/cnc-machined-parts-f27U8YsPfjNOzlzi_7b56ae2b4785.jpg	Awnings	Custom Safety Guards	Backhoe Loader	Railroad Signaling Components	Machined Components	Screen Printing Mesh	E	truemachinenc.com	Q1	product_type	Medium	truemachinenc.com			The image shows precisely machined metal parts, which clearly align with machined components and do not correspond to awnings, safety guards, backhoe loaders, railroad signaling components, or screen printing mesh.	
728	Based on this product image, what type of product is shown?	/mnt/nfs/zyxing/VLMEvalKit/Q1/q1_images/truemachinenc.com/069ea9e_image-VHeCKDitAoOs88X2_79e4cd90390a.jpg	Machined Components	Containers	Carts	Tubing	Welding Equipment	Taper Roller	A	truemachinenc.com	Q1	product_type	Medium	truemachinenc.com			The image shows precisely machined metal parts, making 'Machined Components' the correct classification, while the other options do not match the product type shown.	
729	Based on this product image, what type of product is shown?	/mnt/nfs/zyxing/VLMEvalKit/Q1/q1_images/truemachinenc.com/084c000_image-UfOG8rILvKXaZ03m_58e04f4a4b64.jpg	Aircraft Seating	Machined Components	angle	Hand Tool Components	Custom Safety Guards	Hardware	B	truemachinenc.com	Q1	product_type	Medium	truemachinenc.com			The image shows precision-cut parts likely produced by machining, making 'Machined Components' the correct classification, while other options do not fit the product type shown.	
730	Based on this product image, what type of product is shown?	/mnt/nfs/zyxing/VLMEvalKit/Q1/q1_images/truemachinenc.com/08c636f_image-WaEDD4Yfp6CyGTOs_b7aac10eaeed.jpg	Cones,	Nuclear Valve Stems	Hammers	Machined Components	Awnings	Aircraft Seating	D	truemachinenc.com	Q1	product_type	Medium	truemachinenc.com			The image shows precisely machined parts, making the question reasonable and the correct answer 'Machined Components,' while all other options are unrelated to the product shown.	
731	Based on this product image, what type of product is shown?	/mnt/nfs/zyxing/VLMEvalKit/Q1/q1_images/truemachinenc.com/06d0e01_image-JsaJfrE70ep9Q2DB_6606bae956a0.jpg	Hardware	Backhoe Loader	Aircraft Seating	Awnings	Machined Components	angle	E	truemachinenc.com	Q1	product_type	Medium	truemachinenc.com			The image shows a precisely cut metal component, which fits the category of machined components, and the other options do not match the product type shown.	
732	Based on this product image, what type of product is shown?	/mnt/nfs/zyxing/VLMEvalKit/Q1/q1_images/truemachinenc.com/0360e8a_image-JizjWk4yGgEWACjX_0e7221792ebb.jpg	Backhoe Loader	Screen Printing Mesh	Awnings	Extruder Packs	Machined Components	Aircraft Seating	E	truemachinenc.com	Q1	product_type	Medium	truemachinenc.com			The image shows precisely machined metal parts, making the question reasonable and the correct answer 'Machined Components' while all other options are unrelated to the product shown.	
733	Based on this product image, what type of product is shown?	/mnt/nfs/zyxing/VLMEvalKit/Q1/q1_images/truemachinenc.com/080e361_image-LeqiUi9fLzeYK2Xc_a4418277c0ef.jpg	Backhoe Loader	Cabinets	Postcards	Storage Equipment	Machined Components	Detention Furniture	E	truemachinenc.com	Q1	product_type	Medium	truemachinenc.com			The image shows metal parts with precise machining, making the question reasonable and the correct answer 'Machined Components' while all other options are unrelated to the product shown.	
734	Based on this product image, what type of product is shown?	/mnt/nfs/zyxing/VLMEvalKit/Q1/q1_images/ubw.com/Model-68TXG-UBW_a92032c4bef5.png	Ductwork	Turnstiles	Bronze Valves	Custom Safety Guards	Boat Tops And Towers	Titanium	C	ubw.com	Q1	product_type	Medium	ubw.com			The image clearly shows a bronze valve, making the question reasonable, the ground truth correct, and all other options unrelated to the product shown.	
735	Based on this product image, what type of product is shown?	/mnt/nfs/zyxing/VLMEvalKit/Q1/q1_images/ubw.com/image-model-v160_0d3e6ea50779.jpeg	Ground Rods	Awnings	Aluminum Docks	Bronze Valves	Turnstiles	Backhoe Loader	D	ubw.com	Q1	product_type	Medium	ubw.com			The image clearly shows a valve, making the question reasonable, the correct answer bronze valves, and all other options unrelated to the product shown.	
736	Based on this product image, what type of product is shown?	/mnt/nfs/zyxing/VLMEvalKit/Q1/q1_images/ubw.com/Model-7000L_64ce9f5a045e.jpg	Hitches	Heavy Duty Doors And Frames	Bronze Valves	axels	Miscellaneous Steel	angle	C	ubw.com	Q1	product_type	Medium	ubw.com			The image shows a bronze valve, making the question reasonable, the ground truth correct, and all other options unrelated to the product shown.	
737	Based on this product image, what type of product is shown?	/mnt/nfs/zyxing/VLMEvalKit/Q1/q1_images/ubw.com/model-131-site-glass_924fc37250ef.jpg	Heat Treat Ductile Iron Castings	Welded Assemblies	Bronze Valves	Power Protection Devices	Screen Packs	Envelopes	C	ubw.com	Q1	product_type	Medium	ubw.com			The image shows a valve component consistent with bronze valves, making the question reasonable, the ground truth correct, and the other options unrelated to the product shown.	
738	Based on this product image, what type of product is shown?	/mnt/nfs/zyxing/VLMEvalKit/Q1/q1_images/ubw.com/model-725-blow-off-valve_8972798ce260.jpg	Cabinets	Custom Safety Guards	Hitches	Postcards	Caps	Bronze Valves	F	ubw.com	Q1	product_type	Medium	ubw.com			The image clearly shows a valve, making the question reasonable, the ground truth answer correct, and all other options unrelated to the product shown.	
739	Based on this product image, what type of product is shown?	/mnt/nfs/zyxing/VLMEvalKit/Q1/q1_images/ubw.com/image-model-vm200-2_9be8a102e642.jpeg	Inserts	Decals	Hydraulic Tanks	Bronze Valves	Turnstiles	Steel Concrete Block Pallets	D	ubw.com	Q1	product_type	Medium	ubw.com			The image clearly shows a bronze valve, making the question reasonable, the ground truth correct, and all other options unrelated to the product shown.	
740	Based on this product image, what type of product is shown?	/mnt/nfs/zyxing/VLMEvalKit/Q1/q1_images/ubw.com/image-model-175tssb-1_e238b19e4fba.jpeg	Bronze Valves	Rivet	Ductwork	Turnstiles	Composites	Electronic Components	A	ubw.com	Q1	product_type	Medium	ubw.com			The image clearly shows a bronze valve, making the question reasonable, the ground truth answer correct, and all other options unrelated to the product shown.	
741	Based on this product image, what type of product is shown?	/mnt/nfs/zyxing/VLMEvalKit/Q1/q1_images/ubw.com/flat-panel-gauge-glass-valve-set-900q_c09b5f01ad31.jpg	Cladding	Bronze Valves	Wire And Steel Parts	Gearboxes	Extruder Packs	Carts	B	ubw.com	Q1	product_type	Medium	ubw.com			The image clearly shows bronze valves, making the question reasonable, the ground truth correct, and all other options unrelated to the product shown.	
742	Based on this product image, what type of product is shown?	/mnt/nfs/zyxing/VLMEvalKit/Q1/q1_images/ubw.com/image-model-97s-1_48fcfcc1c22a.jpeg	Metal Stampings	Backhoe Loader	Awnings	Ground Rods	Aluminum Docks	Bronze Valves	F	ubw.com	Q1	product_type	Medium	ubw.com			The image clearly shows a bronze valve, making the question reasonable, the ground truth answer correct, and all other options unrelated to the product shown.	
743	Based on this product image, what type of product is shown?	/mnt/nfs/zyxing/VLMEvalKit/Q1/q1_images/ubw.com/image-model-897-bronze-size-5-site-glass_2a556a230c4e.png	Bronze Valves	Turnstiles	Steel Doors And Frames	Custom Frames	Lifting Tackles	Awnings	A	ubw.com	Q1	product_type	Medium	ubw.com			The image shows a bronze valve component, making the question reasonable, the ground truth answer correct, and all other options unrelated to the product shown.	
744	Based on this product image, what type of product is shown?	/mnt/nfs/zyxing/VLMEvalKit/Q1/q1_images/ubw.com/ubw-903-high-pressure-lower-gauge-fixture-set_ef76711077a5.jpg	Aluminum Docks	Backhoe Loader	Awnings	Turnstiles	Bronze Valves	Ground Rods	E	ubw.com	Q1	product_type	Medium	ubw.com			The image clearly shows a bronze valve, making the question reasonable, the ground truth answer correct, and all other options unrelated to the product shown.	
745	Based on this product image, what type of product is shown?	/mnt/nfs/zyxing/VLMEvalKit/Q1/q1_images/ubw.com/Fire-Protection-Strainer-Model-200W-SC-Strainer_0c313d60eb11.jpg	Bronze Valves	Awnings	Medical Equipment	Turnstiles	Carts	Brochures	A	ubw.com	Q1	product_type	Medium	ubw.com			The image clearly shows a bronze valve, making the question reasonable, the ground truth answer correct, and all other options unrelated to the product shown.	
746	Based on this product image, what type of product is shown?	/mnt/nfs/zyxing/VLMEvalKit/Q1/q1_images/ubw.com/Tricock-Model-966PPW-Short-Shank_5f55cb79589c.jpg	Bronze Valves	Motors	Turnstiles	Awnings	Countertops	Backhoe Loader	A	ubw.com	Q1	product_type	Medium	ubw.com			The image clearly shows a bronze valve, making the question reasonable, the ground truth answer correct, and all other options unrelated to the product shown.	
747	Based on this product image, what type of product is shown?	/mnt/nfs/zyxing/VLMEvalKit/Q1/q1_images/ubw.com/ubw-Whistle-Valve-Model-44NYLL_57ad14b30162.jpg	Awnings	Turnstiles	Backhoe Loader	Ground Rods	Bronze Valves	Hammers	E	ubw.com	Q1	product_type	Medium	ubw.com			The image clearly shows a bronze valve, making the question reasonable, the ground truth answer correct, and all other options unrelated to the product shown.	
748	Based on this product image, what type of product is shown?	/mnt/nfs/zyxing/VLMEvalKit/Q1/q1_images/ubw.com/UBW-Whistle-Valve-Model-44_86c4495cdefb.jpg	Bronze Valves	Turnstiles	Awnings	Backhoe Loader	Hvac Duct Work	Aluminum Docks	A	ubw.com	Q1	product_type	Medium	ubw.com			The image clearly shows a bronze valve, making the question reasonable, the ground truth answer correct, and all other options unrelated to the product shown.	
749	Based on this product image, what type of product is shown?	/mnt/nfs/zyxing/VLMEvalKit/Q1/q1_images/ubw.com/image-model-80tss-2_65105cb6c5ad.jpeg	Fabicated Steel	Bronze Valves	Aluminum Docks	Hvac Duct Work	Backhoe Loader	Ground Rods	B	ubw.com	Q1	product_type	Medium	ubw.com			The image clearly shows a bronze valve, making the question reasonable, the ground truth answer correct, and all other options unrelated to the product shown.	
750	Based on this product image, what type of product is shown?	/mnt/nfs/zyxing/VLMEvalKit/Q1/q1_images/ubw.com/902-high-prssure-fixture_5bb34d5e9b11.jpg	Turnstiles	Awnings	Bronze Valves	Steel Doors And Frames	Heavy Duty Doors And Frames	Backhoe Loader	C	ubw.com	Q1	product_type	Medium	ubw.com			The image clearly shows a bronze valve, making the question reasonable, the ground truth correct, and all other options unrelated to the product shown.	
751	Based on this product image, what type of product is shown?	/mnt/nfs/zyxing/VLMEvalKit/Q1/q1_images/ubw.com/UBW-Whistle-Valve-Model-44NY_cb3e09e2aa10.jpg	Trailer Components	Boat Tops And Towers	Steel Trusses	Custom Tanks And Hoppers	Bronze Valves	Commercial Security Equipment	E	ubw.com	Q1	product_type	Medium	ubw.com			The image clearly shows a bronze valve, making the question reasonable, the ground truth correct, and all other options unrelated to the product shown.	
752	Based on this product image, what type of product is shown?	/mnt/nfs/zyxing/VLMEvalKit/Q1/q1_images/ubw.com/vc25wt_b0d48c715165.jpg	Hitches	Bronze Valves	Ground Rods	Backhoe Loader	Awnings	Turnstiles	B	ubw.com	Q1	product_type	Medium	ubw.com			The image clearly shows a bronze valve, making the question reasonable, the ground truth answer correct, and all other options unrelated to the product shown.	
753	Based on this product image, what type of product is shown?	/mnt/nfs/zyxing/VLMEvalKit/Q1/q1_images/ubw.com/image-model-80mxf-1_492e5b6e84a6.jpeg	Custom Tanks And Hoppers	Cones,	Commercial Security Equipment	Boat Tops And Towers	Bronze Valves	Steel Trusses	E	ubw.com	Q1	product_type	Medium	ubw.com			The image clearly shows a bronze valve, making the question reasonable, the ground truth answer correct, and all other options unrelated to the product shown.	
754	Based on this product image, what type of product is shown?	/mnt/nfs/zyxing/VLMEvalKit/Q1/q1_images/ubw.com/image-model-x141ab_84b851c2ccef.jpeg	Plastic Covers	Ornamental Iron Railings	Griddle Plates	Bronze Valves	Wall Panels	Hollow Metal Frames And Doors	D	ubw.com	Q1	product_type	Medium	ubw.com			The image clearly shows a bronze valve, making the question reasonable, the ground truth answer correct, and all other options unrelated to the product shown.	
755	Based on this product image, what type of product is shown?	/mnt/nfs/zyxing/VLMEvalKit/Q1/q1_images/ubw.com/image-model-226ut-2_2846f182d78f.jpeg	Commercial Security Equipment	Custom Tanks And Hoppers	Bronze Valves	Trailer Components	Fabricated Parts	Backhoe Loader	C	ubw.com	Q1	product_type	Medium	ubw.com			The image clearly shows a bronze valve, making the question reasonable, the ground truth answer correct, and all other options unrelated to the product shown.	
756	Based on this product image, what type of product is shown?	/mnt/nfs/zyxing/VLMEvalKit/Q1/q1_images/ubw.com/image-model-127tng-2_8b3f993c1043.jpeg	Bumpers	Ground Rods	Awnings	Turnstiles	Backhoe Loader	Bronze Valves	F	ubw.com	Q1	product_type	Medium	ubw.com			The image clearly shows a bronze valve, making the question reasonable, the ground truth answer correct, and all other options unrelated to the product shown.	
757	Based on this product image, what type of product is shown?	/mnt/nfs/zyxing/VLMEvalKit/Q1/q1_images/ubw.com/image-model-ra111k_f72215a33ac8.jpeg	Bronze Valves	Awnings	Roofing	Backhoe Loader	Residential Hardware	Business Cards	A	ubw.com	Q1	product_type	Medium	ubw.com			The image clearly shows a bronze valve, making the question reasonable, the ground truth answer correct, and all other options unrelated to the product shown.	
758	Based on this product image, what type of product is shown?	/mnt/nfs/zyxing/VLMEvalKit/Q1/q1_images/ubw.com/Whistle-Valve-Model-25WT-jpg_e41ab498b1d7.jpg	Bronze Valves	Hollow Metal Frames And Doors	Specialty Metal parts	Wall Panels	Plastic Covers	Griddle Plates	A	ubw.com	Q1	product_type	Medium	ubw.com			The image clearly shows a bronze valve, making the question reasonable, the ground truth answer correct, and all other options unrelated to the product shown.	
759	Based on this product image, what type of product is shown?	/mnt/nfs/zyxing/VLMEvalKit/Q1/q1_images/ubw.com/55Valve_a82ffed82f77.jpg	Wall Panels	shaft	Griddle Plates	Bronze Valves	Hollow Metal Frames And Doors	Plastic Covers	D	ubw.com	Q1	product_type	Medium	ubw.com			The image clearly shows a bronze valve, making the question reasonable, the ground truth correct, and all other options unrelated to the product shown.	
760	Based on this product image, what type of product is shown?	/mnt/nfs/zyxing/VLMEvalKit/Q1/q1_images/ubw.com/image-model-99s-2_dfad89c6983f.jpeg	Custom Tanks And Hoppers	Ornamental Iron Railings	Steel Trusses	Boat Tops And Towers	Trailer Components	Bronze Valves	F	ubw.com	Q1	product_type	Medium	ubw.com			The image clearly shows a bronze valve, making the question reasonable, the ground truth correct, and all other options unrelated to the product shown.	
761	Based on this product image, what type of product is shown?	/mnt/nfs/zyxing/VLMEvalKit/Q1/q1_images/ubw.com/image-model-62-1_8dd83a1dbd09.jpeg	Custom Tanks And Hoppers	Boat Tops And Towers	Backhoe Loader	Steel Trusses	Trailer Components	Bronze Valves	F	ubw.com	Q1	product_type	Medium	ubw.com			The image clearly shows a bronze valve, making the question reasonable, the ground truth correct, and all other options unrelated to the product shown.	
762	Based on this product image, what type of product is shown?	/mnt/nfs/zyxing/VLMEvalKit/Q1/q1_images/ubw.com/34014_2_8e3c28525d0d.jpg	Laser Cut Parts	Bronze Valves	Specialty Metal parts	Light Steel Framing Products	shaft	bearing	B	ubw.com	Q1	product_type	Medium	ubw.com			The image clearly shows bronze valves, making the question reasonable, the ground truth correct, and all other options unrelated to the product shown.	
763	Based on this product image, what type of product is shown?	/mnt/nfs/zyxing/VLMEvalKit/Q1/q1_images/ubw.com/UBW-Whistle-Valve-Model-25WACT_d21a02121c05.jpg	Plastic Covers	Light Steel Framing Products	Hollow Metal Frames And Doors	Bronze Valves	Wall Panels	Laser Cut Parts	D	ubw.com	Q1	product_type	Medium	ubw.com			The image clearly shows a bronze valve, making the question reasonable, the ground truth answer correct, and all other options unrelated to the product shown.	
764	Based on this product image, what type of product is shown?	/mnt/nfs/zyxing/VLMEvalKit/Q1/q1_images/ubw.com/image-model-34041-high-pressure-boiler-gauge-fixture-set-wit_9cd78a6a47dc.jpeg	Light Steel Framing Products	bearing	Bronze Valves	Lifting Tackles	Laser Cut Parts	Steel Tanks	C	ubw.com	Q1	product_type	Medium	ubw.com			The image clearly shows bronze valves, making the question reasonable, the ground truth correct, and all other options unrelated to the product shown.	
765	Based on this product image, what type of product is shown?	/mnt/nfs/zyxing/VLMEvalKit/Q1/q1_images/ubw.com/image-model-70h-2_2364dbeb00b5.jpeg	Wall Panels	Hollow Metal Frames And Doors	Bronze Valves	Griddle Plates	Plastic Covers	Ornamental Iron Railings	C	ubw.com	Q1	product_type	Medium	ubw.com			The image clearly shows a bronze valve, making the question reasonable, the ground truth correct, and all other options unrelated to the product shown.	
766	Based on this product image, what type of product is shown?	/mnt/nfs/zyxing/VLMEvalKit/Q1/q1_images/ubw.com/image-model-vc200-2_01904c5c0ede.jpeg	Griddle Plates	Robots	Ornamental Iron Railings	Wall Panels	Hollow Metal Frames And Doors	Bronze Valves	F	ubw.com	Q1	product_type	Medium	ubw.com			The image clearly shows a bronze valve, making the question reasonable, the ground truth answer correct, and all other options unrelated to the product shown.	
767	Based on this product image, what type of product is shown?	/mnt/nfs/zyxing/VLMEvalKit/Q1/q1_images/ubw.com/image-model-90wbd-4_2d611e9099ce.jpeg	Cones,	Custom Tanks And Hoppers	Steel Trusses	Bronze Valves	Boat Tops And Towers	Commercial Security Equipment	D	ubw.com	Q1	product_type	Medium	ubw.com			The image shows a valve component consistent with bronze valves, making the question reasonable, the ground truth correct, and all other options unrelated to the product shown.	
768	Based on this product image, what type of product is shown?	/mnt/nfs/zyxing/VLMEvalKit/Q1/q1_images/ubw.com/4050_53f00719d2f5.jpg	Plastic Covers	Hollow Metal Frames And Doors	Bronze Valves	Specialty Metal parts	Wall Panels	Griddle Plates	C	ubw.com	Q1	product_type	Medium	ubw.com			The image clearly shows a bronze valve, making the question reasonable, the ground truth answer correct, and all other options unrelated to the product shown.	
769	Based on this product image, what type of product is shown?	/mnt/nfs/zyxing/VLMEvalKit/Q1/q1_images/ubw.com/Model-900S-Slow-Opening-Valve-Set-with-Ball-Checks-_5d164f3dd593.jpg	Robots	Hvac Duct Work	Bronze Valves	Commercial Security Equipment	Cones,	Roofing	C	ubw.com	Q1	product_type	Medium	ubw.com			The image clearly shows bronze valves, making the question reasonable, the ground truth answer correct, and all other options unrelated to the product shown.	
770	Based on this product image, what type of product is shown?	/mnt/nfs/zyxing/VLMEvalKit/Q1/q1_images/ubw.com/image-model-898-bronze-size-7-site-glass_e103d1abc853.png	Commercial Security Equipment	Bronze Valves	Custom Tanks And Hoppers	Boat Tops And Towers	Steel Trusses	Cones,	B	ubw.com	Q1	product_type	Medium	ubw.com			The image shows a bronze valve, making the question reasonable, the ground truth correct, and all other options unrelated to the product shown.	
771	Based on this product image, what type of product is shown?	/mnt/nfs/zyxing/VLMEvalKit/Q1/q1_images/ubw.com/image-model-150no-scaled_7d46c523a9f5.jpeg	Bronze Valves	Commercial Security Equipment	Awnings	Custom Safety Guards	Turnstiles	Inspection Equipment	A	ubw.com	Q1	product_type	Medium	ubw.com			The image clearly shows a bronze valve, making the question reasonable, the ground truth answer correct, and all other options unrelated to the product shown.	
772	Based on this product image, what type of product is shown?	/mnt/nfs/zyxing/VLMEvalKit/Q1/q1_images/ubw.com/model-946_39bbe5bb4511.jpg	Lifting Tackles	Light Steel Framing Products	Aluminum Elbows	Steel Tanks	Bronze Valves	Heavy Duty Doors And Frames	E	ubw.com	Q1	product_type	Medium	ubw.com			The image clearly shows a bronze valve, making the question reasonable, the ground truth correct, and all distractors unrelated to valves.	
773	Based on this product image, what type of product is shown?	/mnt/nfs/zyxing/VLMEvalKit/Q1/q1_images/ubw.com/image-model-123tssb-2-scaled_2b96b7703163.jpeg	Hvac Duct Work	Commercial Security Equipment	Cones,	Bronze Valves	Robots	Roofing	D	ubw.com	Q1	product_type	Medium	ubw.com			The image clearly shows a bronze valve, making the question reasonable, the ground truth correct, and all other options unrelated to the product shown.	
774	Based on this product image, what type of product is shown?	/mnt/nfs/zyxing/VLMEvalKit/Q1/q1_images/ubw.com/image-model-525-1-slow-opening-blow-off-valve-scaled_7bff9d2dc712.jpeg	Business Cards	Backhoe Loader	Roofing	Bronze Valves	Robots	Aluminum Docks	D	ubw.com	Q1	product_type	Medium	ubw.com			The image clearly shows a valve, making the question reasonable, the ground truth answer correct, and all other options unrelated to the product shown.	
775	Based on this product image, what type of product is shown?	/mnt/nfs/zyxing/VLMEvalKit/Q1/q1_images/ubw.com/image-model-127tss-1-scaled_d07491ea0245.jpeg	Plastic Covers	bearing	shaft	Specialty Metal parts	Backhoe Loader	Bronze Valves	F	ubw.com	Q1	product_type	Medium	ubw.com			The image clearly shows a bronze valve, making the question reasonable, the ground truth correct, and all distractors unrelated to the product shown.	
776	Based on this product image, what type of product is shown?	/mnt/nfs/zyxing/VLMEvalKit/Q1/q1_images/us-metalcrafters.com/693adc1f9b0b7b70acc0c184_8dd83c4f77bd3f9d5278b0e05a05c14b_0M_23e349432cd4.jpg	Metal Finished Goods	Bushings	Aluminum Motorcycle Parts	Nuts	Hand Tool Components	Gear Box Components	A	us-metalcrafters.com	Q1	product_type	Medium	us-metalcrafters.com			The image shows stacked metal parts that fit the broad category of metal finished goods, while the other options are more specific and do not match the visible product type.	
777	Based on this product image, what type of product is shown?	/mnt/nfs/zyxing/VLMEvalKit/Q1/q1_images/us-metalcrafters.com/698df5880cb9dd7866bf9bd7_0M6A2861_531fcda2c300.jpg	Brass And Nickel Plating	Electoless Nickel Plating	Custom Stamped Parts,	Recliner Mechanism	Turbocharger Components	Metal Finished Goods	F	us-metalcrafters.com	Q1	product_type	Medium	us-metalcrafters.com			The image shows finished metal products that fit the category 'Metal Finished Goods,' while the other options refer to specific processes or unrelated products.	
778	Based on this product image, what type of product is shown?	/mnt/nfs/zyxing/VLMEvalKit/Q1/q1_images/us-metalcrafters.com/693732012f5bf5bb3124fd88_296c21d39ae06d964627084d75224602_0M_f264e99fbf01.jpg	Hand Tool Components	Metal Finished Goods	Gear Box Components	Custom Air Handlers	Bushings	Turbine Components	B	us-metalcrafters.com	Q1	product_type	Medium	us-metalcrafters.com			The image shows stacked metal parts that fit the category of metal finished goods, while the other options do not clearly match the visible product type.	
779	Based on this product image, what type of product is shown?	/mnt/nfs/zyxing/VLMEvalKit/Q1/q1_images/us-metalcrafters.com/69556a3468fa7d3e261324c5_hopper_dumpster__1__457dd122c792.jpg	Gear Box Components	Mounts	Turbine Components	Carbon Fiber Layup Molds And Patterns	Metal Finished Goods	Custom Air Handlers	E	us-metalcrafters.com	Q1	product_type	Medium	us-metalcrafters.com			The image shows a fabricated metal product, fitting the category of Metal Finished Goods, while the other options do not match the visible characteristics.	
780	Based on this product image, what type of product is shown?	/mnt/nfs/zyxing/VLMEvalKit/Q1/q1_images/us-metalcrafters.com/6942e8a43cb7ea0722289f82_0M6A2889_a6ade7a395a5.jpg	Bushings	Gear Box Components	Hand Tool Components	Postcards	Aluminum Motorcycle Parts	Metal Finished Goods	F	us-metalcrafters.com	Q1	product_type	Medium	us-metalcrafters.com			The image shows large metal components that fit the category of metal finished goods, while the other options do not match the product type shown.	
781	Based on this product image, what type of product is shown?	/mnt/nfs/zyxing/VLMEvalKit/Q1/q1_images/us-metalcrafters.com/6942ed4e9afcd65f1a0195f2_0M6A2769_216051f1a106.jpg	Mounts	Carbon Fiber Layup Molds And Patterns	Heavy Weldments	Metal Finished Goods	Turbine Components	Custom Air Handlers	D	us-metalcrafters.com	Q1	product_type	Medium	us-metalcrafters.com			The image shows finished metal parts that fit the category of Metal Finished Goods, making the question reasonable and the distractors unrelated to the visible product type.	
782	Based on this product image, what type of product is shown?	/mnt/nfs/zyxing/VLMEvalKit/Q1/q1_images/usfoamandetch.com/CMS_Test_Cell_Tool_Box_0c4464bd8e12.png	Custom Tool Inventory Control Foam Inserts	Anti-Ram Vehicle Barriers	Brackets	Appliance Finishes	Certified Cases For Battery Storage	Hand Tools	A;F	usfoamandetch.com	Q1	product_type	Medium	usfoamandetch.com			The image shows a tool drawer with foam inserts and hand tools, making the question reasonable and the accepted answers correct, while the distractors do not match the product shown.	
783	Based on this product image, what type of product is shown?	/mnt/nfs/zyxing/VLMEvalKit/Q1/q1_images/usfoamandetch.com/VS_2_9c562e6ff88f.png	Stairs And Railings	Custom Tool Inventory Control Foam Inserts	Retro-Fit Vehicle Kits	Aluminum Motorcycle Parts	Diesel Fuel System Aftermarket Parts	Dividers	B	usfoamandetch.com	Q1	product_type	Medium	usfoamandetch.com			The image shows a foam insert with cutouts typical for tool organization, making the question reasonable, the ground truth answer correct, and all other options unrelated to foam inserts.	
784	Based on this product image, what type of product is shown?	/mnt/nfs/zyxing/VLMEvalKit/Q1/q1_images/usfoamandetch.com/3fc371_5dacacf5b662490fa87cc536e8c55f71_mv2_d8c7206e10f5.png	Aluminum Products	Hand Tools	Chassis	Custom Tool Inventory Control Foam Inserts	Retro-Fit Vehicle Kits	Aluminum Cases	D;B	usfoamandetch.com	Q1	product_type	Medium	usfoamandetch.com			The image shows hand tools organized in custom foam inserts, making the question reasonable and the accepted answers correct, while the distractors do not match the product shown.	
785	Based on this product image, what type of product is shown?	/mnt/nfs/zyxing/VLMEvalKit/Q1/q1_images/usfoamandetch.com/3fc371_a8044c51ca9a43f493902e057063f2c7_mv2_85ad062b2209.jpg	Custom Packaging Using Transport Style Cases	Custom Tool Inventory Control Foam Inserts	Cabinets	Hand Tools	Gasoline Direct Injection High Pressure Fuel Pumps	Compactors	A;B;D	usfoamandetch.com	Q1	product_type	Medium	usfoamandetch.com			The image shows a tool set with foam inserts and hand tools, fitting accepted answers A, B, and D, while options C, E, and F are unrelated to the product shown.	
786	Based on this product image, what type of product is shown?	/mnt/nfs/zyxing/VLMEvalKit/Q1/q1_images/usfoamandetch.com/IMG_4653_edited_edited_e7a88c4720b4.jpg	Flow Measurement Devices	Large Racks	Custom Tool Inventory Control Foam Inserts	Hammers	Sheet Metal Per Print	Dividers	C	usfoamandetch.com	Q1	product_type	Medium	usfoamandetch.com			The image shows foam inserts designed to hold tools, making the question reasonable and the correct answer C, while all other options do not match the product shown.	
787	Based on this product image, what type of product is shown?	/mnt/nfs/zyxing/VLMEvalKit/Q1/q1_images/usfoamandetch.com/IMG_3883_480e29b66e83.jpg	Hand Tools	Custom Industrial Sewn Products	Gasoline Direct Injection High Pressure Fuel Pumps	Chassis	Custom Cases For All Branches	Traffic Control Products	A	usfoamandetch.com	Q1	product_type	Medium	usfoamandetch.com			The image shows a large tool storage cabinet, which is consistent with hand tools, and none of the other options relate to this type of product.	
788	Based on this product image, what type of product is shown?	/mnt/nfs/zyxing/VLMEvalKit/Q1/q1_images/usfoamandetch.com/DSC00033_copy_bcfc88b6750e.png	Custom Tool Inventory Control Foam Inserts	Misc. Components	Custom Packaging Using Transport Style Cases	Hand Tools	Armor Cabs	Fuel Handling Equipment	A;C;D	usfoamandetch.com	Q1	product_type	Medium	usfoamandetch.com			The image shows hand tools organized in custom foam inserts within a transport case, making the question reasonable and the accepted answers correct, while the distractors do not fit the product shown.	
789	Based on this product image, what type of product is shown?	/mnt/nfs/zyxing/VLMEvalKit/Q1/q1_images/vankwheels.com/PRO-SERIES-KART-WHEEL-SILVER-1_1c836c862479.jpg	And Friction Plates	Precision, High Performance Marine Boat Shaft Systems	Aluminum Wheels	Vinyl Graphics	Machined Components	Machined Parts	C	vankwheels.com	Q1	product_type	Medium	vankwheels.com			The image clearly shows an aluminum wheel, making the question reasonable, the ground truth answer correct, and all other options unrelated to the product shown.	
790	Based on this product image, what type of product is shown?	/mnt/nfs/zyxing/VLMEvalKit/Q1/q1_images/vankwheels.com/PRO-SERIES-KART-WHEEL-BLACK_82ab4c279963.jpg	Vinyl Graphics	Gaskets	Aerospace Components	Custom Cases For All Branches	Stainless Steel	Aluminum Wheels	F	vankwheels.com	Q1	product_type	Medium	vankwheels.com			The image shows a wheel rim, making the question reasonable and the correct answer aluminum wheels, while all other options are unrelated to the product shown.	
791	Based on this product image, what type of product is shown?	/mnt/nfs/zyxing/VLMEvalKit/Q1/q1_images/vikingbarns.com/44x40x14-step-down-metal-barn_ad7d336f9ace.jpg	Hardware	Shafts	Replacement Parts	Pins	Enclosures	Metal Buildings	F	vikingbarns.com	Q1	product_type	Medium	vikingbarns.com			The image clearly shows a metal building structure, making the question reasonable, the ground truth correct, and all other options unrelated to the product shown.	
792	Based on this product image, what type of product is shown?	/mnt/nfs/zyxing/VLMEvalKit/Q1/q1_images/vikingbarns.com/36x36x14-wide-span-steel-building-front-view_ab74065c4d67.jpg	Tubular Assemblies	Valves	Laser Cut And Bent Tubes	Strainers	Metal Buildings	Heat Sinks	E	vikingbarns.com	Q1	product_type	Medium	vikingbarns.com			The image clearly shows a metal building structure, making the question reasonable, the ground truth answer correct, and all other options unrelated to the product shown.	
793	Based on this product image, what type of product is shown?	/mnt/nfs/zyxing/VLMEvalKit/Q1/q1_images/vikingbarns.com/30x65x12-metal-utility-carport-building_b8b9b90c648e.jpg	Washers	Shafts	Hardware	Gaskets	Pumps	Metal Buildings	F	vikingbarns.com	Q1	product_type	Medium	vikingbarns.com			The image clearly shows a metal building structure, making the question reasonable, the ground truth answer correct, and all other options unrelated to the product shown.	
794	Based on this product image, what type of product is shown?	/mnt/nfs/zyxing/VLMEvalKit/Q1/q1_images/vikingbarns.com/48x36x12-ridgeline-vertical-barn_3f518248f9cd.jpg	Fixtures	Structural Steel	Gaskets	Metal Buildings	Pumps	Strainers	D	vikingbarns.com	Q1	product_type	Medium	vikingbarns.com			The image clearly shows a metal building, making the question reasonable, the ground truth answer correct, and all other options unrelated to the product shown.	
795	Based on this product image, what type of product is shown?	/mnt/nfs/zyxing/VLMEvalKit/Q1/q1_images/vikingbarns.com/36x30x12-all-vertical-carolina-barn-front-view_f9bb09813f54.jpg	Automotive Parts	Banners	Gears	Metal Buildings	Medical Devices	Tanks	D	vikingbarns.com	Q1	product_type	Medium	vikingbarns.com			The image clearly shows a metal building structure, making the question reasonable, the ground truth answer correct, and all other options unrelated to the product shown.	
796	Based on this product image, what type of product is shown?	/mnt/nfs/zyxing/VLMEvalKit/Q1/q1_images/vikingbarns.com/48x40x14-step-down-barn_8dec2f58c06f.jpg	Connectors	Tanks	Metal Buildings	Shafts	Adhesives	Medical Devices	C	vikingbarns.com	Q1	product_type	Medium	vikingbarns.com			The image clearly shows a metal building structure, making the question reasonable, the ground truth answer correct, and all other options unrelated to the product shown.	
797	Based on this product image, what type of product is shown?	/mnt/nfs/zyxing/VLMEvalKit/Q1/q1_images/vikingbarns.com/64x40x16-all-vertical-metal-barn_6bce68a4b901.jpg	Brackets	Metal Buildings	Washers	Gaskets	Fasteners	Pumps	B	vikingbarns.com	Q1	product_type	Medium	vikingbarns.com			The image clearly shows a metal building structure, making the question reasonable, the ground truth answer correct, and all other options unrelated to the product shown.	
798	Based on this product image, what type of product is shown?	/mnt/nfs/zyxing/VLMEvalKit/Q1/q1_images/vikingbarns.com/30x41x12-three-car-steel-garage_6bb49179d1d6.jpg	Strainers	Washers	Shafts	Metal Buildings	Gaskets	Pumps	D	vikingbarns.com	Q1	product_type	Medium	vikingbarns.com			The image clearly shows a metal building, making the question reasonable, the ground truth answer correct, and all other options unrelated to the product shown.	
799	Based on this product image, what type of product is shown?	/mnt/nfs/zyxing/VLMEvalKit/Q1/q1_images/vikingbarns.com/46x72x14-all-vertical-enclosed-commercial-building_ed63a061725b.jpg	Gaskets	Fixtures	Metal Buildings	Pumps	Brackets	Structural Steel	C	vikingbarns.com	Q1	product_type	Medium	vikingbarns.com			The image clearly shows a large metal building, making the question reasonable and the correct answer 'Metal Buildings' while all other options are unrelated to the product shown.	
800	Based on this product image, what type of product is shown?	/mnt/nfs/zyxing/VLMEvalKit/Q1/q1_images/vikingbarns.com/54x45x12-raised-center-aisle-barn_18473e0e01d8.jpg	Replacement Parts	Metal Buildings	Washers	Enclosures	Hardware	Shafts	B	vikingbarns.com	Q1	product_type	Medium	vikingbarns.com			The image clearly shows a large metal building structure, making the question reasonable and the correct answer 'Metal Buildings,' while all other options do not fit the product shown.	
801	Based on this product image, what type of product is shown?	/mnt/nfs/zyxing/VLMEvalKit/Q1/q1_images/vikingbarns.com/42x26x11-red-metal-barn_c807689db1ed.jpg	Gaskets	Pumps	Washers	Enclosures	Shafts	Metal Buildings	F	vikingbarns.com	Q1	product_type	Medium	vikingbarns.com			The image clearly shows a metal building structure, making the question reasonable, the ground truth answer correct, and all other options unrelated to the product shown.	
802	Based on this product image, what type of product is shown?	/mnt/nfs/zyxing/VLMEvalKit/Q1/q1_images/vikingbarns.com/40x80x14-steel-garage-with-wraparound-lean-to_02906be499f3.jpg	Shafts	Connectors	Hardware	Pumps	Metal Buildings	Washers	E	vikingbarns.com	Q1	product_type	Medium	vikingbarns.com			The image clearly shows a metal building structure, making the question reasonable, the ground truth answer correct, and all other options unrelated to the product shown.	
803	Based on this product image, what type of product is shown?	/mnt/nfs/zyxing/VLMEvalKit/Q1/q1_images/vikingbarns.com/30x40x12-vertical-steel-workshop-building-front_db757b6c12b9.jpg	Medical Devices	Enclosures	Connectors	Replacement Parts	Metal Buildings	Hardware	E	vikingbarns.com	Q1	product_type	Medium	vikingbarns.com			The image clearly shows a metal building structure, making the question reasonable and the correct answer 'Metal Buildings,' while all other options are unrelated to the product shown.	
804	Based on this product image, what type of product is shown?	/mnt/nfs/zyxing/VLMEvalKit/Q1/q1_images/vikingbarns.com/30x61x12-steel-garage-with-lean-to_4ca517cffa9d.jpg	Plastics	Automotive Components	Brass	Pins	Windows	Metal Buildings	F	vikingbarns.com	Q1	product_type	Medium	vikingbarns.com			The image clearly shows a metal building structure, making the question reasonable and the correct answer 'Metal Buildings,' while all other options are unrelated to the product shown.	
805	Based on this product image, what type of product is shown?	/mnt/nfs/zyxing/VLMEvalKit/Q1/q1_images/vikingbarns.com/50x100-metal-building-front-view_196795e5a743.jpg	Fasteners	Metal Buildings	Fixtures	Strainers	Gaskets	Valves	B	vikingbarns.com	Q1	product_type	Medium	vikingbarns.com			The image clearly shows a large metal building, making the question reasonable and the correct answer 'Metal Buildings,' while all other options are unrelated to the product shown.	
806	Based on this product image, what type of product is shown?	/mnt/nfs/zyxing/VLMEvalKit/Q1/q1_images/vikingbarns.com/50x52x14-metal-garage-workshop-front-view_07c84c385217.jpg	Metal Buildings	Enclosures	Replacement Parts	Medical Devices	Connectors	Hardware	A	vikingbarns.com	Q1	product_type	Medium	vikingbarns.com			The image clearly shows a large metal building, making the question reasonable and the correct answer 'Metal Buildings,' while all other options do not fit the product shown.	
807	Based on this product image, what type of product is shown?	/mnt/nfs/zyxing/VLMEvalKit/Q1/q1_images/vikingbarns.com/40x55x10-carolina-barn_388930570dbe.jpg	Metal Buildings	Gaskets	Fixtures	Structural Steel	Aerospace Components	Pumps	A	vikingbarns.com	Q1	product_type	Medium	vikingbarns.com			The image clearly shows a metal building structure, making the question reasonable, the ground truth answer correct, and all other options unrelated to the product shown.	
808	Based on this product image, what type of product is shown?	/mnt/nfs/zyxing/VLMEvalKit/Q1/q1_images/vikingbarns.com/30x24x14-all-vertical-metal-building_59504e80180b.jpg	Metal Buildings	Automotive Parts	Banners	Medical Devices	Gears	Tanks	A	vikingbarns.com	Q1	product_type	Medium	vikingbarns.com			The image clearly shows a metal building structure, making the question reasonable, the ground truth answer correct, and all other options unrelated to the product shown.	
809	Based on this product image, what type of product is shown?	/mnt/nfs/zyxing/VLMEvalKit/Q1/q1_images/vikingbarns.com/30x25x14-two-two-metal-building-front-view_6351c8911cea.jpg	Washers	Metal Buildings	Pumps	Shafts	Gaskets	Nuts	B	vikingbarns.com	Q1	product_type	Medium	vikingbarns.com			The image clearly shows a metal building structure, making the question reasonable, the ground truth correct, and all other options unrelated to the product shown.	
810	Based on this product image, what type of product is shown?	/mnt/nfs/zyxing/VLMEvalKit/Q1/q1_images/voxelinnovations.com/3e9e7c_f80b205893194bbdad18a88a7b8d7090_mv2_b52340d813ea.jpg	Thermoformed Components	Heavy Duty Doors And Frames	Electrical Boxes	Turbocharger Components	Custom Frames	Fuel Injectors	F;D	voxelinnovations.com	Q1	product_type	Medium	voxelinnovations.com			The image shows a small precision metal component resembling a fuel injector or turbocharger part, making the accepted answers correct and the distractors unrelated to this type of product.	
811	Based on this product image, what type of product is shown?	/mnt/nfs/zyxing/VLMEvalKit/Q1/q1_images/voxelinnovations.com/3e9e7c_8bdae72fef9c4331b481873fe52e7572_mv2_1bf6416df236.jpg	Awnings	Signs	Signage	Turbine Components	Fuel Injectors	Turbocharger Components	D	voxelinnovations.com	Q1	product_type	Medium	voxelinnovations.com			The image clearly shows precision-machined metal parts consistent with turbine components, making the question reasonable, the ground truth correct, and the distractors unrelated to the product shown.	
812	Based on this product image, what type of product is shown?	/mnt/nfs/zyxing/VLMEvalKit/Q1/q1_images/voxelinnovations.com/3e9e7c_513cab10f2404944af91ac8310a123b7_mv2_539f6d5c6ea4.jpg	Machined Components	Turbocharger Components	Lead Lined Doors And Frames	Proprietary Components	Turbine Components	Surgical Mops	B;E	voxelinnovations.com	Q1	product_type	Medium	voxelinnovations.com			The image shows a honeycomb structure typical of turbocharger or turbine components, making the question reasonable and the accepted answers correct, while the distractors do not match this product type.	
813	Based on this product image, what type of product is shown?	/mnt/nfs/zyxing/VLMEvalKit/Q1/q1_images/williamsplating.com/Copper-square_4979676e0d9d.jpg	Stairs	Turbine Components	Flow Measurement Devices	Custom Machined Or Fabricated Components	Small Parts	Fire Suppression Parts	E	williamsplating.com	Q1	product_type	Medium	williamsplating.com			The image shows small, thin, circular metal parts which align with 'Small Parts' and do not fit the descriptions of stairs, turbine components, flow measurement devices, custom machined components, or fire suppression parts.	
814	Based on this product image, what type of product is shown?	/mnt/nfs/zyxing/VLMEvalKit/Q1/q1_images/williamsplating.com/Copper-4x2.5_6618ce610724.jpg	Precise Weldments	Spiral Bevel Gears	Small Parts	presses	Jigs And Fixtures	Fixtures And Kits	C	williamsplating.com	Q1	product_type	Medium	williamsplating.com			The image shows small metal washers which fit the category 'Small Parts,' making the question reasonable and the ground truth correct, while other options like gears or weldments do not match the product shown.	
815	Based on this product image, what type of product is shown?	/mnt/nfs/zyxing/VLMEvalKit/Q1/q1_images/williamsplating.com/TinLead-square_d9f489699c29.jpg	presses	Spiral Bevel Gears	Precise Weldments	Cable Entry Seals And Shrinkable Products	Small Parts	Gages	E	williamsplating.com	Q1	product_type	Medium	williamsplating.com			The image shows small metal components consistent with 'Small Parts,' and the other options do not match the product type shown.	
816	Based on this product image, what type of product is shown?	/mnt/nfs/zyxing/VLMEvalKit/Q1/q1_images/williamsplating.com/Gold_d363df8e9e8e.jpg	Fasteners	Specialty Parts	Stairs	Small Parts	Precision, High Performance Marine Boat Shaft Systems	Pressure Vessels	D	williamsplating.com	Q1	product_type	Medium	williamsplating.com			The image shows small metallic components consistent with 'Small Parts,' and the other options like stairs or pressure vessels are clearly unrelated.	
817	Based on this product image, what type of product is shown?	/mnt/nfs/zyxing/VLMEvalKit/Q1/q1_images/williamsplating.com/TinLead-1_62a0f0140c9d.jpg	Bottling Parts	Pressure Vessels	Precision, High Performance Marine Boat Shaft Systems	Flow Measurement Devices	Small Parts	Carbon Fiber Layup Molds And Patterns	E	williamsplating.com	Q1	product_type	Medium	williamsplating.com			The image shows small metallic components consistent with 'Small Parts,' and the other options do not match the product type shown.	
818	Based on this product image, what type of product is shown?	/mnt/nfs/zyxing/VLMEvalKit/Q1/q1_images/wirebond.com/bond-beam-positioner_29890ac22c46.png	Commercial Security Equipment	Cones,	Awnings	Boat Tops And Towers	Wire And Steel Parts	Custom Tanks And Hoppers	E	wirebond.com	Q1	product_type	Medium	wirebond.com			The question is appropriate for identifying the product type, the image clearly shows a wire or steel part, and the other options do not match the product shown.	
819	Based on this product image, what type of product is shown?	/mnt/nfs/zyxing/VLMEvalKit/Q1/q1_images/wirebond.com/corelock-12-double_542357c7207b.png	Plastic Covers	Wire And Steel Parts	Griddle Plates	shaft	Wall Panels	bearing	B	wirebond.com	Q1	product_type	Medium	wirebond.com			The image clearly shows a shaped metal wire part, making the question reasonable, the ground truth answer correct, and all other options unrelated to the product shown.	
820	Based on this product image, what type of product is shown?	/mnt/nfs/zyxing/VLMEvalKit/Q1/q1_images/wirebond.com/corelock_189b7076a42c.png	Wire And Steel Parts	shaft	Plastic Covers	Hollow Metal Frames And Doors	Wall Panels	Griddle Plates	A	wirebond.com	Q1	product_type	Medium	wirebond.com			The image shows a shaped metal wire part, making the question reasonable, the ground truth answer correct, and all other options unrelated to the product shown.	
821	Based on this product image, what type of product is shown?	/mnt/nfs/zyxing/VLMEvalKit/Q1/q1_images/wirebond.com/pro-block-8-rebar-positioner_0b9318187492.png	shaft	Wire And Steel Parts	Specialty Metal parts	Plastic Covers	Hollow Metal Frames And Doors	bearing	B	wirebond.com	Q1	product_type	Medium	wirebond.com			The question is reasonable for identifying the product type, the product is clearly a wire or steel part, and the other options do not accurately describe this metal wire component.	
822	Based on this product image, what type of product is shown?	/mnt/nfs/zyxing/VLMEvalKit/Q1/q1_images/wrico-net.com/Wrico-8545-front_fcaac5f4a89d.jpg	Shipping And Storage Containers	Banners	Stamping	Farm Storage Sheds	Heating And Ac Units	Boat Railings	C	wrico-net.com	Q1	product_type	Medium	wrico-net.com			The image shows a metal stamped part, making the stamping industry the correct classification, while other options do not relate to metal parts or manufacturing.	
823	Based on this product image, what type of product is shown?	/mnt/nfs/zyxing/VLMEvalKit/Q1/q1_images/wrico-net.com/metal-stamping-deep-drawn-aluminum-heat-shield_bd69ef3213cc.jpg	Displays	Shipping And Storage Containers	Heating And Ac Units	Stamping	Valve Parts	Farm Storage Sheds	D	wrico-net.com	Q1	product_type	Medium	wrico-net.com			The image shows a metal stamped part, making the question reasonable, the stamping industry correct, and the other options unrelated to this product type.	
824	Based on this product image, what type of product is shown?	/mnt/nfs/zyxing/VLMEvalKit/Q1/q1_images/wrico-net.com/back-panel-with-louvers-produced-with-cnc-turret-punch-press_8443f4b20bb5.jpg	Stamping	Farm Storage Sheds	Shipping And Storage Containers	Fabrication	Wire Products	Banners	A;D	wrico-net.com	Q1	product_type	Medium	wrico-net.com			The image shows a metal part likely produced by stamping or fabrication, making those answers correct, while the other options do not relate to this type of product.	
825	Based on this product image, what type of product is shown?	/mnt/nfs/zyxing/VLMEvalKit/Q1/q1_images/wrico-net.com/metal-stamping-aluminum-bracket-with-anodizing-finish_bb47a00b0522.jpg	Prototypes	Custom Machine Guards	Stamping	Fabrication	Banners	Firearms	C;D	wrico-net.com	Q1	product_type	Medium	wrico-net.com			The image shows a metal part likely produced by stamping or fabrication, making those accepted answers correct, while the other options do not fit the product type.	
826	Based on this product image, what type of product is shown?	/mnt/nfs/zyxing/VLMEvalKit/Q1/q1_images/wrico-net.com/deep-drawn-metal-stamping-engine-heat-shield-with-laser-cut-_962926ff5900.jpg	Metal Parts	Heating And Ac Units	Machined Components	Couplers	Displays	Stamping	F	wrico-net.com	Q1	product_type	Medium	wrico-net.com			The image shows a metal stamped part, making the question reasonable, the ground truth 'Stamping' correct, and the other options unrelated to this specific product type.	
827	Based on this product image, what type of product is shown?	/mnt/nfs/zyxing/VLMEvalKit/Q1/q1_images/wrico-net.com/multiple-metal-stampings-welded-assembly_3ec3fcc47713.jpg	Stamping	Garages	Fabrication	Banners	Laser Cut Parts	Farm Storage Sheds	A;C	wrico-net.com	Q1	product_type	Medium	wrico-net.com			The image shows a metal product likely made by stamping and fabrication processes, while garages, banners, laser cut parts, and farm storage sheds do not accurately describe this specific item.	
828	Based on this product image, what type of product is shown?	/mnt/nfs/zyxing/VLMEvalKit/Q1/q1_images/wrico-net.com/zinc-finish-added-to-formed-metal-stamped-steel-bracket_fbb42c9441c0.jpg	Farm Storage Sheds	Fabrication	Banners	Laser Cut Parts	Prototypes	Stamping	F	wrico-net.com	Q1	product_type	Medium	wrico-net.com			The image shows a metal stamped part, making the question reasonable, the stamping industry correct, and the other options unrelated to this product type.	
829	Based on this product image, what type of product is shown?	/mnt/nfs/zyxing/VLMEvalKit/Q1/q1_images/wrico-net.com/welded-assembly-from-laser-cut-parts-with-rubber-dipped-coat_ae7c764c2812.jpg	Laser Cut Parts	Fabrication	Shipping And Storage Containers	Farm Storage Sheds	Stamping	Banners	B	wrico-net.com	Q1	product_type	Medium	wrico-net.com			The image shows a fabricated metal part, making the question reasonable and 'Fabrication' the correct classification, while other options do not match the product type.	
830	Based on this product image, what type of product is shown?	/mnt/nfs/zyxing/VLMEvalKit/Q1/q1_images/wrico-net.com/precision-metal-stampings-welded-bracket-assembly_47eca3a18c02.jpg	Shipping And Storage Containers	Banners	Stamping	Wire Products	Fabrication	Farm Storage Sheds	C;E	wrico-net.com	Q1	product_type	Medium	wrico-net.com			The question is reasonable for identifying the product type, the product is consistent with stamping and fabrication processes, and the other options do not fit the product shown.	
831	Based on this product image, what type of product is shown?	/mnt/nfs/zyxing/VLMEvalKit/Q1/q1_images/wrico-net.com/press-brake-formed-cover-with-laser-cutting-slots-and-holes_9ab1d886aca2.jpg	Decon Equipment	Garages	Custom Fabricated Parts	Stamping	Boat Railings	Fabrication	D;F	wrico-net.com	Q1	product_type	Medium	wrico-net.com			The image shows a fabricated metal part likely produced by stamping and fabrication processes, making the accepted answers correct and the distractors unrelated to the product shown.	
832	Based on this product image, what type of product is shown?	/mnt/nfs/zyxing/VLMEvalKit/Q1/q1_images/wrico-net.com/small-metal-stamping-forming-a-cup-part_7dab8e979dbd.jpg	Farm Storage Sheds	Boat Railings	Shipping And Storage Containers	Laser Cut Parts	Wire Products	Stamping	F	wrico-net.com	Q1	product_type	Medium	wrico-net.com			The image shows a metal stamped part, making the question reasonable and the stamping industry the correct classification, while other options like sheds or containers are unrelated to the product shown.	
833	Based on this product image, what type of product is shown?	/mnt/nfs/zyxing/VLMEvalKit/Q1/q1_images/wrico-net.com/metal-stamping-agriculture-planting-wheel-with-powder-coat-f_0d218f6d4206.jpg	Fixtures	Banners	Stamping	Heating And Ac Units	Farm Storage Sheds	Shipping And Storage Containers	C	wrico-net.com	Q1	product_type	Medium	wrico-net.com			The image shows a metal stamped part, making the question reasonable and stamping the correct classification, while other options do not relate to this product type.	
834	Based on this product image, what type of product is shown?	/mnt/nfs/zyxing/VLMEvalKit/Q1/q1_images/wrico-net.com/laser-machined-metal-formed-part-with-stiffening-ribs-and-ha_3f57e517789c.jpg	Custom Machine Guards	Stamping	Fabrication	Banners	Prototypes	Farm Storage Sheds	B;C	wrico-net.com	Q1	product_type	Medium	wrico-net.com			The image shows a metal part likely made by stamping or fabrication, making those accepted answers correct, while the distractors do not fit the product type.	
835	Based on this product image, what type of product is shown?	/mnt/nfs/zyxing/VLMEvalKit/Q1/q1_images/wrico-net.com/precision-metal-stamping-and-formed-part-with-clear-zinc-pla_31d9057dffc8.jpg	Stamping	Fixtures	Couplers	Shipping And Storage Containers	Farm Storage Sheds	Heating And Ac Units	A	wrico-net.com	Q1	product_type	Medium	wrico-net.com			The image shows a metal stamped part, making the question reasonable, the ground truth answer correct, and all distractors unrelated to stamped metal products.	
836	Based on this product image, what type of product is shown?	/mnt/nfs/zyxing/VLMEvalKit/Q1/q1_images/zargesusa.com/small-5-layer-kor-kit-4010022_d9525aa40f9a.png	Power Tool Parts	Metal Componets	Gasoline Direct Injection High Pressure Fuel Pumps	Hand Tools	Certified Cases For Battery Storage	Awnings	E	zargesusa.com	Q1	product_type	Medium	zargesusa.com			The image shows a certified case with stacked cushions likely for battery storage, making the question reasonable, the ground truth correct, and all other options unrelated to the product shown.	
837	Based on this product image, what type of product is shown?	/mnt/nfs/zyxing/VLMEvalKit/Q1/q1_images/zargesusa.com/k424-xc-41811-8508405_b1e4e302b142.jpg	Stairs And Railings	Traffic Control Products	Dividers	Certified Cases For Battery Storage	Large Racks	Diesel Fuel System Aftermarket Parts	D	zargesusa.com	Q1	product_type	Medium	zargesusa.com			The image shows a sturdy, lockable case with wheels and a handle, fitting the description of certified cases for battery storage, while the other options do not match the product type shown.	
838	Based on this product image, what type of product is shown?	/mnt/nfs/zyxing/VLMEvalKit/Q1/q1_images/zargesusa.com/H3A2721_5b87e77e472a.jpg	Traffic Control Products	Gasoline Direct Injection High Pressure Fuel Pumps	Hand Tools	Certified Cases For Battery Storage	Compactors	Chassis	D	zargesusa.com	Q1	product_type	Medium	zargesusa.com			The image shows metal cases that are consistent with certified battery storage cases, making the question reasonable and the ground truth correct, while the other options do not match the product shown.	
