index	question	image_path	A	B	C	D	E	F	answer
0	Based on this product image, what manufacturing process was used to make it?	images/0000.jpg	Design Validation	Silk Screening	Forming	Woodworking, Nailing	Fabrication	Kitting	C;E
1	Based on this product image, what manufacturing process was used to make it?	images/0001.jpg	Forming	Plating	Stamping, Water Jet Cutting	Dyeing	Welding	Fabrication	A;E;F
2	Based on this product image, what manufacturing process was used to make it?	images/0002.jpg	Silk Screening	Galvanizing	Forming	Fabrication	Design Validation	Kitting	D;C
3	Based on this product image, what manufacturing process was used to make it?	images/0003.jpg	Engineering Design, Circuitry Design	Plasma Cutting	Mig Welding,	Machining	Ultrasonic Welding	Carburizing	D
4	Based on this product image, what manufacturing process was used to make it?	images/0004.jpg	Product Design	Assembly, Wiring, Soldering	Carburizing	Pcb Manufacturing	Machining	Thermoforming	E
5	Based on this product image, what manufacturing process was used to make it?	images/0005.jpg	Product Design	Machining	Pcb Manufacturing	Flip Chip	Thermoforming	Assembly, Wiring, Soldering	B
6	Based on this product image, what manufacturing process was used to make it?	images/0006.jpg	Ultrasonic Welding	PCB Manufacturing	Fabrication	Machining	Kitting	Bottling	C
7	Based on this product image, what manufacturing process was used to make it?	images/0007.jpg	Cut to length	Sewing	Anodize	Aluminum extrusion	Digital Printing	Textile Construction	C;D
8	Based on this product image, what manufacturing process was used to make it?	images/0008.jpg	Shearing	Fabric Manufacturing	Pressing	Fabrication	Lamination	Installation	D
9	Based on this product image, what manufacturing process was used to make it?	images/0009.jpg	Cut to length	Digital Printing	Textile Construction	Dyeing	Sewing	Aluminum extrusion	A;F
10	Based on this product image, what manufacturing process was used to make it?	images/0010.jpg	Cnc Cylindrical Grinding	Cut to length	Aluminum extrusion	Circular Knitting, Warp Knitting	Bottling	Distillation	C
11	Based on this product image, what manufacturing process was used to make it?	images/0011.jpg	Distillation	Aluminum extrusion	Bottling	Plating, Coating	Anodize	Cut to length	B;F;E
12	Based on this product image, what manufacturing process was used to make it?	images/0012.jpg	Drawing	Aluminum extrusion	Filling, Labeling	Injection Molding	Engineering Design, Solidworks Design	Cnc Foam Cutting, Fabric Cutting, Sewing	B
13	Based on this product image, what manufacturing process was used to make it?	images/0013.jpg	Cut to length	Kitting	Digital Printing	Anodize	Sewing	Aluminum extrusion	F
14	Based on this product image, what manufacturing process was used to make it?	images/0014.jpg	Fabric Manufacturing	Cut to length	Lamination	Distillation	Aluminum extrusion	Drawing	E
15	Based on this product image, what manufacturing process was used to make it?	images/0015.jpg	Aluminum extrusion	Fabrication	Cut to length	Assembly	Cnc Cylindrical Grinding	Circular Knitting, Warp Knitting	A;D;B
16	Based on this product image, what manufacturing process was used to make it?	images/0016.jpg	Casting	Sewing	Cut to length	Aluminum extrusion	Anodize	Digital Printing	D;C;E
17	Based on this product image, what manufacturing process was used to make it?	images/0017.jpg	Bottling	Aluminum extrusion	Cut to length	Circular Knitting, Warp Knitting	Sewing	Stamping	B;C
18	Based on this product image, what manufacturing process was used to make it?	images/0018.jpg	Anodize	Cut to length	Shearing	Aluminum extrusion	Distillation	Stamping	D;A;B
19	Based on this product image, what manufacturing process was used to make it?	images/0019.png	Assembly	Computer Aided Design (Cad)	Aluminum extrusion	Machining	Sewing	Anodize	A;C;D;F
20	Based on this product image, what manufacturing process was used to make it?	images/0020.png	Machining	Assembly	Dyeing	Aluminum extrusion	Cut to length	Textile Construction	B;A;D
21	Based on this product image, what manufacturing process was used to make it?	images/0021.jpg	Carbonitriding	Digital Printing	Textile Construction	Anodize	Cut to length	Aluminum extrusion	D;F
22	Based on this product image, what manufacturing process was used to make it?	images/0022.jpg	Distillation	Package Design, Package Engineering	Metal Finishing	Bottling	Ultrasonic Welding	Aluminum extrusion	F
23	Based on this product image, what manufacturing process was used to make it?	images/0023.jpg	Distillation	Bottling	Cnc Routing	Cut to length	Circular Knitting, Warp Knitting	Aluminum extrusion	F
24	Based on this product image, what manufacturing process was used to make it?	images/0024.jpg	Anodize	Aluminum extrusion	Wiring, Needling	Engineering Design, Biologics Development	Testing	Metal Finishing	A;B
25	Based on this product image, what manufacturing process was used to make it?	images/0025.jpg	Drawing	Bottling	Fabric Manufacturing	Fabrication	Distillation	Cut to length	D
26	Based on this product image, what manufacturing process was used to make it?	images/0026.png	Bottling	Assembly	Circular Knitting, Warp Knitting	Distillation	Machining	Aluminum extrusion	B;E;F
27	Based on this product image, what manufacturing process was used to make it?	images/0027.jpg	Cut to length	Machining	Circular Knitting, Warp Knitting	Aluminum extrusion	Bottling	Fabrication	D
28	Based on this product image, what manufacturing process was used to make it?	images/0028.jpg	Distillation	Shearing	Cut to length	Assembly	Aluminum extrusion	Stamping	D;E
29	Based on this product image, what manufacturing process was used to make it?	images/0029.png	Assembly	Machining	Sewing	Anodize	Woodworking	Aluminum extrusion	A;B;D;F
30	Based on this product image, what manufacturing process was used to make it?	images/0030.jpg	Distillation	Engineering Design, Biologics Development	Injection Molding	Aluminum extrusion	Testing	Ultrasonic Welding	D
31	Based on this product image, what manufacturing process was used to make it?	images/0031.jpg	Bottling	Distillation	Cnc Routing	Aluminum extrusion	Circular Knitting, Warp Knitting	Cut to length	D
32	Based on this product image, what manufacturing process was used to make it?	images/0032.jpg	Drawing	Aluminum extrusion	Cut to length	Distillation	Fabric Manufacturing	Lamination	B;C
33	Based on this product image, what manufacturing process was used to make it?	images/0033.jpg	Aluminum extrusion	Kitting	Sewing	Computer Aided Design (Cad)	Cad Rendering	Cut to length	A;F
34	Based on this product image, what manufacturing process was used to make it?	images/0034.jpg	Package Design, Package Engineering	Sewing	Ultrasonic Welding	Distillation	Bottling	Fabrication	F
35	Based on this product image, what manufacturing process was used to make it?	images/0035.jpg	Fabrication	Metal Finishing	Ultrasonic Welding	Circular Knitting, Warp Knitting	Bottling	Distillation	A
36	Based on this product image, what manufacturing process was used to make it?	images/0036.jpg	Aluminum extrusion	Bottling	Circular Knitting, Warp Knitting	Fabrication	Assembly	Machining	A;D;E
37	Based on this product image, what manufacturing process was used to make it?	images/0037.jpg	Metal Finishing	Aluminum extrusion	Lamination	Package Design, Package Engineering	Ultrasonic Welding	Fabric Manufacturing	B
38	Based on this product image, what manufacturing process was used to make it?	images/0038.jpg	Pressing	Passivation	Blanking bending drawing	Stamping	Casting	Shearing	C;D
39	Based on this product image, what manufacturing process was used to make it?	images/0039.png	Nitriding	Fabrication	Cut And Sew	Water Jet Cutting, Flash Cutting	Machining	Electroplating	E;B
40	Based on this product image, what manufacturing process was used to make it?	images/0040.png	Machining	Ultrasonic Welding	Laser Cutting	Flexographic Printing, Pressure Sensitive Labels	Packaging Manufacturing	Plasma Cutting	A
41	Based on this product image, what manufacturing process was used to make it?	images/0041.png	Shearing	Corrugated Packaging	Textile Construction	Fabrication	Machining	Cut And Sew	D;E
42	Based on this product image, what manufacturing process was used to make it?	images/0042.png	Ultrasonic Welding	Machining	Wire Harness Assembly	Laser Cutting	Shearing	Large Format Printing	B
43	Based on this product image, what manufacturing process was used to make it?	images/0043.jpg	Punching	Wire Drawing, Extrusion, Braiding, Twisting, Soldering, Coating	CAD	Planning	Cabinetry	Assembly	F
44	Based on this product image, what manufacturing process was used to make it?	images/0044.jpg	Shearing	Embroidery	Welding	Assembly	Engineering Design	Drawing, Water Treatment	C;D
45	Based on this product image, what manufacturing process was used to make it?	images/0045.jpg	Assembly	Shearing	Welding	Embroidery	Engineering Design	Drawing, Water Treatment	A;C
46	Based on this product image, what manufacturing process was used to make it?	images/0046.jpg	Carbonitriding	CAD	Assembly	Pressing	Casting	Kiln Drying, Planing, Moulding	C
47	Based on this product image, what manufacturing process was used to make it?	images/0047.jpg	Cabinetry	Assembly	Planning	Punching	Wire Drawing, Extrusion, Braiding, Twisting, Soldering, Coating	Designing, Refrigeration, Poultry Chilling	B
48	Based on this product image, what manufacturing process was used to make it?	images/0048.jpg	Circular Knitting, Warp Knitting	Metalworking	Bottling	Cad Rendering	Distillation	Printing	B;F
49	Based on this product image, what manufacturing process was used to make it?	images/0049.jpg	Assembly, Furnace Construction	Fabrication	Printed Circuit Assembly, Top Level Assembly	Large Format Printing	Cnc Bending	Pcb Layout	B
50	Based on this product image, what manufacturing process was used to make it?	images/0050.jpg	Powder Coating	Sewing	Pressing	Labeling, Packaging	Casting	Welding	A;F
51	Based on this product image, what manufacturing process was used to make it?	images/0051.jpg	Printed Circuit Assembly, Top Level Assembly	Large Format Printing	Cnc Bending	Fill-Finish	Phosphate Coating	Powder Coating	F
52	Based on this product image, what manufacturing process was used to make it?	images/0052.jpg	Cnc Bending	Pcb Layout	Powder Coating	Large Format Printing	3D Printing, 3D Modeling	Printed Circuit Assembly, Top Level Assembly	C
53	Based on this product image, what manufacturing process was used to make it?	images/0053.jpg	Powder Coating	Woodworking	Engineering Design, Oem/Odm Manufacturing	Sewing	Welding	Cnc Cylindrical Grinding	A;E
54	Based on this product image, what manufacturing process was used to make it?	images/0054.jpg	Drawing	Powder Coating	Swiss Turning	Sewing	Assembly, Soldering, Testing	Extruding	B
55	Based on this product image, what manufacturing process was used to make it?	images/0055.png	Woodworking	Swiss Turning	Cnc Lathe	Stamping	Powder Coating	Assembly, Soldering, Testing	E
56	Based on this product image, what manufacturing process was used to make it?	images/0056.jpg	Sewing	Cnc Lathe	Electroplating	Assembly, Soldering, Testing	Stamping	Powder Coating	A;F
57	Based on this product image, what manufacturing process was used to make it?	images/0057.jpg	Powder Coating	Assembly, Soldering, Testing	Cnc Lathe	Extruding	Cnc Cutting	Drawing	A
58	Based on this product image, what manufacturing process was used to make it?	images/0058.jpg	Packaging, Bulk Packing	Shearing	Digital Textile Printing	Pcb Assembly, Testing, Quality Control	Finishing	Turning	E;F
59	Based on this product image, what manufacturing process was used to make it?	images/0059.jpg	Pcb Manufacturing	Wire Edm	Carburizing	Product Design	Machining	Fabrication	E
60	Based on this product image, what manufacturing process was used to make it?	images/0060.jpg	Shearing	Bottling	Cnc Cylindrical Grinding	Laser Cutting, Punching	Forming	Assembly, Gelato, Bakery, Creative Kitchen	D;E
61	Based on this product image, what manufacturing process was used to make it?	images/0061.jpg	Aluminum extrusion	Distillation	Forming	Swiss Turning	Large Format Printing	Blown Film Extrusion	A
62	Based on this product image, what manufacturing process was used to make it?	images/0062.jpg	Forming	Swiss Turning	Bottling	Cnc Cylindrical Grinding	Engineering Design, Assembly	Laser Cutting, Punching	A;F
63	Based on this product image, what manufacturing process was used to make it?	images/0063.jpg	Ultrasonic Bonding	Injection Molding	Repair	Forming	Packaging, Corrugating, Conditioning	Paper Bag Manufacturing	D
64	Based on this product image, what manufacturing process was used to make it?	images/0064.jpg	Blown Film Extrusion	Engineering Design, Assembly	Extruding	Forming	Distillation	Large Format Printing	D
65	Based on this product image, what manufacturing process was used to make it?	images/0065.jpg	Forming	Packaging, Corrugating, Conditioning	Distillation	Repair	Injection Molding	Plasma Cutting	A
66	Based on this product image, what manufacturing process was used to make it?	images/0066.jpg	Tool Making, Die Making, Mold Making	Fabrication	Repair	Packaging	Deburring, Polishing, Surface Improvement	Finishing	B;F
67	Based on this product image, what manufacturing process was used to make it?	images/0067.jpg	Fabrication	Cnc Milling	Cnc Press Brake	Plating	Forging	Finishing	A;F
68	Based on this product image, what manufacturing process was used to make it?	images/0068.jpg	Tool Making, Die Making, Mold Making	Cnc Press Brake	Plating	Finishing	Packaging	Fabrication	F;D
69	Based on this product image, what manufacturing process was used to make it?	images/0069.jpg	Deburring, Polishing, Surface Improvement	Packaging	Repair	Fabrication	Finishing	Tool Making, Die Making, Mold Making	D;E
70	Based on this product image, what manufacturing process was used to make it?	images/0070.jpg	Grinding	Engineering Design	Offset Printing	Folding Cartons	Assembly	Fabrication	F;E
71	Based on this product image, what manufacturing process was used to make it?	images/0071.jpg	Woodworking	Drawing	Cut And Sew	Blown Film Extrusion	Machining	Powder Coating	E;F
72	Based on this product image, what manufacturing process was used to make it?	images/0072.jpg	Powder Coating	Knitting	Foring	Molding	Machining	Weaving	A;E
73	Based on this product image, what manufacturing process was used to make it?	images/0073.jpg	Metal Fabrication	Large Format Printing	Machining	Blown Film Extrusion	Cnc Turning	Printing, Branding	C;E
74	Based on this product image, what manufacturing process was used to make it?	images/0074.png	Shearing	Blown Film Extrusion	Cut And Sew	Machining	Large Format Printing	Cnc Turning	D;F
75	Based on this product image, what manufacturing process was used to make it?	images/0075.png	Brass Blackening	Screen Printing, Embroidery	Woodworking	Weaving	Machining	Knitting	A;E
76	Based on this product image, what manufacturing process was used to make it?	images/0076.png	Cnc Milling	Cabinetry	Braiding	Powder Coating	Machining	Cnc Turning	E;F;D
77	Based on this product image, what manufacturing process was used to make it?	images/0077.png	Drawing	Blown Film Extrusion	Packaging, Kitting	Cnc Turning	Machining	Brass Blackening	E;D;F
78	Based on this product image, what manufacturing process was used to make it?	images/0078.jpg	Machining	Zund Routing, Cutting	Powder Coating	Knitting	Cnc Turning	Packaging, Kitting	C;E
79	Based on this product image, what manufacturing process was used to make it?	images/0079.jpg	Metal Finishing	Machining	Large Format Printing	Blown Film Extrusion	Metal Spinning	Cut And Sew	E;B
80	Based on this product image, what manufacturing process was used to make it?	images/0080.png	Printing, Branding	Metal Spinning	Large Format Printing	Powder Coating	Twisting, Assembly	Blown Film Extrusion	B;D
81	Based on this product image, what manufacturing process was used to make it?	images/0081.png	Machining	Tempering	Metal Spinning	Cut And Sew	Cnc Turning	Assembly, Gelato, Bakery, Creative Kitchen	C;A;E
82	Based on this product image, what manufacturing process was used to make it?	images/0082.jpg	Machining	Blown Film Extrusion	Cut And Sew	Brass Blackening	Large Format Printing	Woodworking	A;D
83	Based on this product image, what manufacturing process was used to make it?	images/0083.jpg	Brass Blackening	Cut And Sew	Packaging, Kitting	Drawing	Metal Spinning	Cnc Routing	A;E
84	Based on this product image, what manufacturing process was used to make it?	images/0084.png	Powder Coating	Cnc Turning	Woodworking	Tempering	Machining	Cnc Milling	A;E;F
85	Based on this product image, what manufacturing process was used to make it?	images/0085.jpg	Cut And Sew	Large Format Printing	Machining	Powder Coating	Designing, Fabrication	Blown Film Extrusion	C;D
86	Based on this product image, what manufacturing process was used to make it?	images/0086.jpg	Blown Film Extrusion	Machining	Cut And Sew	Large Format Printing	Woodworking	Powder Coating	B;F
87	Based on this product image, what manufacturing process was used to make it?	images/0087.png	Offset Printing	Extruding, Blown Film	Packaging, Drop Shipping	Machining	Large Format Printing	Twisting, Assembly	D
88	Based on this product image, what manufacturing process was used to make it?	images/0088.png	Blown Film Extrusion	Large Format Printing	Twisting, Assembly	Metal Fabrication	Machining	Cnc Turning	E;F
89	Based on this product image, what manufacturing process was used to make it?	images/0089.jpg	Large Format Printing	Blown Film Extrusion	Cnc Turning	Machining	Powder Coating	Drawing	D;E;C
90	Based on this product image, what manufacturing process was used to make it?	images/0090.jpg	Drawing	Cnc Milling	Shearing	Packaging, Kitting	Machining	Stamping	B;E
91	Based on this product image, what manufacturing process was used to make it?	images/0091.jpg	Sewing	Engineering Design, Oem/Odm Manufacturing	Woodworking	Assembly, Smt (Surface Mount Technology), Through-Hole	Spot Welding	Cnc Machining	F
92	Based on this product image, what manufacturing process was used to make it?	images/0092.jpg	Plating, Coating	Swiss Turning	Cnc Machining	Stamping	Shearing	Anodize	C;F
93	Based on this product image, what manufacturing process was used to make it?	images/0093.jpg	Woodworking	Cnc Machining	Sewing	Assembly, Smt (Surface Mount Technology), Through-Hole	Labeling, Packaging	Engineering Design, Oem/Odm Manufacturing	B
94	Based on this product image, what manufacturing process was used to make it?	images/0094.jpg	Spot Welding	Woodworking	Cnc Cylindrical Grinding	Labeling, Packaging	Engineering Design, Oem/Odm Manufacturing	Cnc Machining	F
95	Based on this product image, what manufacturing process was used to make it?	images/0095.jpg	Swiss Turning	Stamping	Cnc Machining	Electroplating	Assembly, Soldering, Testing	Plating, Coating	C
96	Based on this product image, what manufacturing process was used to make it?	images/0096.jpg	Spot Welding	Sewing	Cnc Machining	Screen Printing	Labeling, Packaging	Digital Printing	C
97	Based on this product image, what manufacturing process was used to make it?	images/0097.jpg	Sewing	Plating, Coating	Electroplating	Cnc Machining	Stamping	Assembly, Soldering, Testing	D
98	Based on this product image, what manufacturing process was used to make it?	images/0098.jpg	Stamping	Electroplating	Labeling, Packaging	Plating, Coating	Assembly, Soldering, Testing	Cnc Machining	F
99	Based on this product image, what manufacturing process was used to make it?	images/0099.jpg	Lathe Work	Injection Molding	Fabrication	Mechanical Assembly	Machining	Composite Manufacturing	C;D;E
100	Based on this product image, what manufacturing process was used to make it?	images/0100.jpg	Machining	Knitting	Weaving	Retreading	Soldering	Carburizing	A
101	Based on this product image, what manufacturing process was used to make it?	images/0101.jpg	Assembly, Wiring, Soldering	Anodizing	Plastic Fabrication	Machining	Thermoforming	Fabrication, Steel Manufacturing	D
102	Based on this product image, what manufacturing process was used to make it?	images/0102.jpeg	Electroplating	Calibration	Boxing	Offset Printing	Joining	Fabrication	F;E
103	Based on this product image, what manufacturing process was used to make it?	images/0103.jpeg	Apply organic coating	Joining	Electroplating	Fabrication	Cabinet Making	Stamping	D;B;A
104	Based on this product image, what manufacturing process was used to make it?	images/0104.jpeg	Calibration	Offset Printing	Electroplating	Injection Molding	Fabrication	Joining	E;F
105	Based on this product image, what manufacturing process was used to make it?	images/0105.jpg	Forming	Shearing	Fabrication	Woodworking, Assembly, Finishing	Cutting	Pressing	A;B;C
106	Based on this product image, what manufacturing process was used to make it?	images/0106.jpg	Packaging	Cnc Milling	Cutting	Tool Making, Die Making, Mold Making	Weaving	Appliance Manufacturing	C
107	Based on this product image, what manufacturing process was used to make it?	images/0107.jpg	Fabrication	Folding	CAD	Forming	Cutting	Dyeing	A;E;D
108	Based on this product image, what manufacturing process was used to make it?	images/0108.jpg	Cutting	Fabrication	Injection Molding	Cnc Milling	Tool Making, Die Making, Mold Making	Packaging	B;A
109	Based on this product image, what manufacturing process was used to make it?	images/0109.jpg	Fabrication	Extruding	Tempering	Electroplating	Boxing	Forming	A;F
110	Based on this product image, what manufacturing process was used to make it?	images/0110.png	Dyeing	Fabrication	Forming	CAD	Folding	Cutting	B;C;F
111	Based on this product image, what manufacturing process was used to make it?	images/0111.jpg	Tempering	Forming	Fabrication	Cutting	Electroplating	Stamping	B;C;D
112	Based on this product image, what manufacturing process was used to make it?	images/0112.jpg	Tool Making, Die Making, Mold Making	Grinding	Forming	Injection Molding	Fabrication	Offset Printing	E;C
113	Based on this product image, what manufacturing process was used to make it?	images/0113.jpg	Calibration	Electroplating	Fabrication	Boxing	Grinding	Cutting	C;F
114	Based on this product image, what manufacturing process was used to make it?	images/0114.jpg	Forming	Fabrication	Packaging	Offset Printing	Injection Molding	Tool Making, Die Making, Mold Making	A;B
115	Based on this product image, what manufacturing process was used to make it?	images/0115.jpg	Punching	Knitting	Cutting	Weaving	Dyeing	Fabrication	F;C
116	Based on this product image, what manufacturing process was used to make it?	images/0116.jpg	Cutting	Forming	Tempering	Electroplating	Fabrication	Stamping	A;B;E
117	Based on this product image, what manufacturing process was used to make it?	images/0117.jpg	Wire Harness Assembly	Product Design	Thermoforming	Plastic Fabrication	Pcb Manufacturing	Fabrication, Steel Manufacturing	A
118	Based on this product image, what manufacturing process was used to make it?	images/0118.jpg	Machining	Wire Harness Assembly	Woodworking, Dimensioning, Finishing	Mold Making	EDM	Flip Chip	B
119	Based on this product image, what manufacturing process was used to make it?	images/0119.jpg	Pcb Manufacturing	Wire Harness Assembly	Lathe Work	Thermoforming	Composite Manufacturing	Cnc Milling	B
120	Based on this product image, what manufacturing process was used to make it?	images/0120.png	Mig Welding,	Machining	Thermoforming	Product Design	Pcb Manufacturing	Plastic Fabrication	B
121	Based on this product image, what manufacturing process was used to make it?	images/0121.jpg	Thermoforming	Plastic Fabrication	Fabrication, Steel Manufacturing	Anodizing	Pcb Manufacturing	Wire Harness Assembly	F
122	Based on this product image, what manufacturing process was used to make it?	images/0122.png	Assembly, Wiring, Soldering	Pcb Manufacturing	Machining	Thermoforming	Plastic Fabrication	Fabrication, Steel Manufacturing	C
123	Based on this product image, what manufacturing process was used to make it?	images/0123.jpg	Sewing	Boxing	Cabinet Making	Fabrication	Machining	Extruding	D;E
124	Based on this product image, what manufacturing process was used to make it?	images/0124.jpg	Offset Printing	Sewing	Injection Molding	Calibration	Boxing	Machining	F
125	Based on this product image, what manufacturing process was used to make it?	images/0125.jpg	CNC Machining	Sewing	Assembly, Box Build	Extruding	Cnc Lathe	3D Printing, 3D Modeling	A
126	Based on this product image, what manufacturing process was used to make it?	images/0126.jpg	Sewing	Woodworking	Spot Welding	Cnc Cylindrical Grinding	Screen Printing	CNC Machining	F
127	Based on this product image, what manufacturing process was used to make it?	images/0127.jpg	Assembly, Soldering, Testing	Sewing	Extruding	Drawing	CNC Machining	Cnc Lathe	E
128	Based on this product image, what manufacturing process was used to make it?	images/0128.jpg	Shipping	Paper Bag Manufacturing	Thermoforming	Distillation	Metalworking	Injection Molding	C
129	Based on this product image, what manufacturing process was used to make it?	images/0129.jpg	Thermoforming	End Forming	Bare Board Fabrication	Injection Molding	Paper Bag Manufacturing	Knitting, Compression Knitting	A
130	Based on this product image, what manufacturing process was used to make it?	images/0130.jpg	Bare Board Fabrication	Injection Molding	Thermoforming	Knitting, Compression Knitting	Wiring, Needling	End Forming	C
131	Based on this product image, what manufacturing process was used to make it?	images/0131.jpg	Injection Molding	Paper Bag Manufacturing	Metalworking	Distillation	Knitting, Compression Knitting	Thermoforming	F
132	Based on this product image, what manufacturing process was used to make it?	images/0132.jpg	Shearing	Bottling	Woodworking	Machining	Sewing	Stamping	D
133	Based on this product image, what manufacturing process was used to make it?	images/0133.jpg	Bottling	Sewing	Machining	Distillation	Extruding	Fabric Manufacturing	C
134	Based on this product image, what manufacturing process was used to make it?	images/0134.jpg	Machining	Package Design, Package Engineering	Fabric Manufacturing	Wiring, Needling	Distillation	Robotic Assembly	A
135	Based on this product image, what manufacturing process was used to make it?	images/0135.jpg	Bottling	Package Design, Package Engineering	Distillation	Drawing	Machining	Circular Knitting, Warp Knitting	E
136	Based on this product image, what manufacturing process was used to make it?	images/0136.jpg	Assembly, Testing	Woodworking	Anodize	Machining	Sewing	Aluminum extrusion	D;C
137	Based on this product image, what manufacturing process was used to make it?	images/0137.jpg	Bottling	Machining	Distillation	Fabric Manufacturing	Drawing	Anodize	B;F
138	Based on this product image, what manufacturing process was used to make it?	images/0138.jpg	Distillation	Circular Knitting, Warp Knitting	End Forming	Thermoforming	Bare Board Fabrication	Injection Molding	D
139	Based on this product image, what manufacturing process was used to make it?	images/0139.jpg	Fabric Manufacturing	Ultrasonic Welding	Metal Finishing	Blanking bending drawing	Package Design, Package Engineering	Extruding	D
140	Based on this product image, what manufacturing process was used to make it?	images/0140.jpg	Installation	Distillation	Metal Finishing	Fabrication	Wiring, Needling	Engineering Design, Biologics Development	D;A
141	Based on this product image, what manufacturing process was used to make it?	images/0141.jpg	Wiring, Needling	Robotic Assembly	Installation	Injection Molding	Fabrication	Tool Making, Die Making, Mold Making	E;C
142	Based on this product image, what manufacturing process was used to make it?	images/0142.jpg	Fabrication	Distillation	Engineering Design, Biologics Development	Wiring, Needling	Robotic Assembly	Bottling	A
143	Based on this product image, what manufacturing process was used to make it?	images/0143.jpg	Offset Printing	Knitting	Weaving	Punching	Sewing	Machining	F
144	Based on this product image, what manufacturing process was used to make it?	images/0144.jpg	Sewing	Dyeing	Boxing	Machining	Molding, Profile Wrapping	Grinding	D;F
145	Based on this product image, what manufacturing process was used to make it?	images/0145.jpg	Folding	Sewing	Dyeing	Machining	Grinding	Boxing	D;E
146	Based on this product image, what manufacturing process was used to make it?	images/0146.jpg	Grinding	Electroplating	Cabinet Making	Extruding	Stamping	Machining	A;F
147	Based on this product image, what manufacturing process was used to make it?	images/0147.jpg	Bare Board Fabrication	Finishing, Converting	Cnc Horizontal Turning	Engineering Design	Powder Coating	Nailing	E
148	Based on this product image, what manufacturing process was used to make it?	images/0148.jpg	Powder Coating	Bare Board Fabrication	Rolling	Finishing, Converting	Wood Cutting, Engraving	Waterjet Cuttimg	A
149	Based on this product image, what manufacturing process was used to make it?	images/0149.jpg	Carburizing	Machining	Packaging	Forging	Plating	Wire Edm	B
150	Based on this product image, what manufacturing process was used to make it?	images/0150.png	Extruding, Die Cutting	Surface Mount Technology	Assembly	Cut And Sew	Embroidery	Stamping	C;F
151	Based on this product image, what manufacturing process was used to make it?	images/0151.png	Stamping	Ultrasonic Welding	Laser Cutting	Flexographic Printing, Pressure Sensitive Labels	Large Format Printing	Assembly	A;F
152	Based on this product image, what manufacturing process was used to make it?	images/0152.png	Water Jet Cutting, Flash Cutting	Electroplating	Stamping	Assembly	Cnc Routing	Surface Mount Technology	C;D
153	Based on this product image, what manufacturing process was used to make it?	images/0153.png	Woodworking	Assembly	Embroidery	Pressing	Corrugated Packaging	Stamping	B;F
154	Based on this product image, what manufacturing process was used to make it?	images/0154.png	Mig Welding,	Packaging Manufacturing	Cold Forging	Engineering Design, Circuitry Design	Carburizing	Assembly	F
155	Based on this product image, what manufacturing process was used to make it?	images/0155.png	Ultrasonic Welding	Large Format Printing	Assembly	Flexographic Printing, Pressure Sensitive Labels	Fabrication, Customizing	Stamping	C;F
156	Based on this product image, what manufacturing process was used to make it?	images/0156.jpg	Galvanizing	Dyeing	Painting Black Oxidation	Plasma Cutting	Fabrication	Heat Treating	A;E
157	Based on this product image, what manufacturing process was used to make it?	images/0157.jpg	Knitting	Rolling	Galvanizing	Engineering Design, Autocad, Prototyping	Weaving	Shearing	C
158	Based on this product image, what manufacturing process was used to make it?	images/0158.jpg	Galvanizing	Die Making	Mold Making	Knitting	Fabrication	Anodizing	A;E
159	Based on this product image, what manufacturing process was used to make it?	images/0159.jpg	Mold Making	Galvanizing	Die Making	Anodizing	Pcb Design	Fabrication	B;F
160	Based on this product image, what manufacturing process was used to make it?	images/0160.png	Casting	Galvanizing	Knitting	Testing	Pcb Design	Fixturing	B
161	Based on this product image, what manufacturing process was used to make it?	images/0161.jpg	Fixturing	Assembly, Box Build	Extruding	Galvanizing	Shearing	Forging	D
162	Based on this product image, what manufacturing process was used to make it?	images/0162.jpg	Plasma Cutting	Dyeing	Pcb Design	Fabrication	Anodizing	Galvanizing	F;D
163	Based on this product image, what manufacturing process was used to make it?	images/0163.png	Wire Harness Assembly	Flexographic Printing, Pressure Sensitive Labels	Cut And Sew	Fabrication, Customizing	Large Format Printing	Forming	F
164	Based on this product image, what manufacturing process was used to make it?	images/0164.png	Warp Knitting	Carburizing	Cnc Milling	Forming	Wire Edm	Control System Integration	D
165	Based on this product image, what manufacturing process was used to make it?	images/0165.png	Fabrication, Customizing	Packaging Manufacturing	Forming	Machining	Plasma Cutting	Flexographic Printing, Pressure Sensitive Labels	D
166	Based on this product image, what manufacturing process was used to make it?	images/0166.png	Molding	Carburizing	Mig Welding,	Warp Knitting	Plasma Cutting	Cold Forging	A
167	Based on this product image, what manufacturing process was used to make it?	images/0167.png	Cnc Press Brake	Warp Knitting	Cold Forging	Molding	Mig Welding,	Carburizing	D
168	Based on this product image, what manufacturing process was used to make it?	images/0168.png	Molding	Forming	Flexographic Printing, Pressure Sensitive Labels	Fabrication, Customizing	Plasma Cutting	Ultrasonic Welding	A
169	Based on this product image, what manufacturing process was used to make it?	images/0169.jpeg	Fabrication	Woodworking	Cabinet Making	Extruding	Coating	Drawing	A;E
170	Based on this product image, what manufacturing process was used to make it?	images/0170.jpg	Grinding	Testing	Fabrication	Calibration	Coating	Assembly	C;E;F
171	Based on this product image, what manufacturing process was used to make it?	images/0171.jpeg	Sewing	Coating	Shearing	Fabrication	Stamping	Assembly	D;F;B
172	Based on this product image, what manufacturing process was used to make it?	images/0172.jpg	Tool Making, Die Making, Mold Making	Engineering Design	Fabrication	Injection Molding	Calibration	Coating	C;F
173	Based on this product image, what manufacturing process was used to make it?	images/0173.jpg	Coating	Assembly	Engineering Design	Fabrication	Offset Printing	Injection Molding	A;B;D
174	Based on this product image, what manufacturing process was used to make it?	images/0174.jpg	Fabrication	Testing	Grinding	Assembly	Coating	Calibration	A;D;E
175	Based on this product image, what manufacturing process was used to make it?	images/0175.jpg	Fabrication	Boxing	Calibration	Grinding	Coating	Assembly	A;E;F
176	Based on this product image, what manufacturing process was used to make it?	images/0176.jpg	Boxing	Assembly	Drawing	Fabrication	Coating	Calibration	B;D;E
177	Based on this product image, what manufacturing process was used to make it?	images/0177.jpg	Woodworking	Electroplating	Assembly	Cabinet Making	Fabrication	Extruding	E
178	Based on this product image, what manufacturing process was used to make it?	images/0178.jpeg	Fabrication	Assembly	Coating	Drawing	Calibration	Boxing	A;B;C
179	Based on this product image, what manufacturing process was used to make it?	images/0179.jpg	Fabrication	Cabinet Making	Assembly	Coating	Extruding	Electroplating	A;C;D
180	Based on this product image, what manufacturing process was used to make it?	images/0180.jpg	Coating	Assembly	Extruding	Drawing	Fabrication	Boxing	B;E;A
181	Based on this product image, what manufacturing process was used to make it?	images/0181.jpg	Electroplating	Fabrication	Coating	Drawing	Assembly	Extruding	B;C;E
182	Based on this product image, what manufacturing process was used to make it?	images/0182.jpeg	Fabrication	Electroplating	Coating	Shearing	Stamping	Assembly	A;C;F
183	Based on this product image, what manufacturing process was used to make it?	images/0183.jpeg	Assembly	Calibration	Boxing	Drawing	Coating	Fabrication	A;E;F
184	Based on this product image, what manufacturing process was used to make it?	images/0184.jpeg	Grinding	Offset Printing	Fabrication	Coating	Assembly	Testing	C;D;E
185	Based on this product image, what manufacturing process was used to make it?	images/0185.jpg	Calibration	Boxing	Drawing	Coating	Fabrication	Assembly	E;D;F
186	Based on this product image, what manufacturing process was used to make it?	images/0186.jpg	Boxing	Coating	Drawing	Calibration	Fabrication	Assembly	B;E;F
187	Based on this product image, what manufacturing process was used to make it?	images/0187.jpg	Cabinet Making	Assembly	Coating	Fabrication	Electroplating	Stamping	B;C;D
188	Based on this product image, what manufacturing process was used to make it?	images/0188.jpg	Fabrication	Coating	Testing	Calibration	Assembly	Grinding	A;B;E
189	Based on this product image, what manufacturing process was used to make it?	images/0189.jpg	Assembly	Boxing	Drawing	Coating	Fabrication	Extruding	A;D;E
190	Based on this product image, what manufacturing process was used to make it?	images/0190.jpg	Injection Molding	Cnc Milling	Tool Making, Die Making, Mold Making	Coating	Fabrication	Packaging	E;D
191	Based on this product image, what manufacturing process was used to make it?	images/0191.jpg	Calibration	Fabrication	Coating	Grinding	Assembly	Boxing	B;C;E
192	Based on this product image, what manufacturing process was used to make it?	images/0192.jpg	Assembly	Coating	Drawing	Fabrication	Boxing	Calibration	A;B;D
193	Based on this product image, what manufacturing process was used to make it?	images/0193.jpg	Fabrication	Tool Making, Die Making, Mold Making	Packaging	Embroidery	Powder Coating	Assembly	F;E
194	Based on this product image, what manufacturing process was used to make it?	images/0194.jpg	Fabrication	Wiring	Cad Modeling	Assembly	Lamination, Molding	Embroidery	A;D;B
195	Based on this product image, what manufacturing process was used to make it?	images/0195.jpg	Wiring	Cut-N-Sew	Assembly	Silk Screening	Fabrication	Molding, Resin Infusion Techniques	C;E
196	Based on this product image, what manufacturing process was used to make it?	images/0196.jpg	Assembly	Wiring	Embroidery	Painting	Fabrication	Zund Routing, Cutting	A;B;E
197	Based on this product image, what manufacturing process was used to make it?	images/0197.jpg	Fabrication	Embroidery	Painting	Assembly	Zund Routing, Cutting	Wiring	A;D;F
198	Based on this product image, what manufacturing process was used to make it?	images/0198.jpg	Engineering Design	Powder Coating	Assembly	Zund Routing, Cutting	Wiring	Fabrication	C;B;F
199	Based on this product image, what manufacturing process was used to make it?	images/0199.jpg	Powder Coating	Embroidery	EDM	Silk Screening	Fabrication	Knitting	A;E
200	Based on this product image, what manufacturing process was used to make it?	images/0200.jpg	Molding, Resin Infusion Techniques	Cut-N-Sew	Silk Screening	Fabrication	Painting	Assembly	D;E;F
201	Based on this product image, what manufacturing process was used to make it?	images/0201.jpg	Cut-N-Sew	Lamination, Molding	Powder Coating	Fabrication	Embroidery	Assembly	D;C;F
202	Based on this product image, what manufacturing process was used to make it?	images/0202.jpg	Cut-N-Sew	Anodizing	Fabrication	Packaging	Assembly	Silk Screening	C;E
203	Based on this product image, what manufacturing process was used to make it?	images/0203.jpg	Cut-N-Sew	Powder Coating	Molding, Resin Infusion Techniques	Silk Screening	Fabrication	Assembly	E;F;B
204	Based on this product image, what manufacturing process was used to make it?	images/0204.jpg	Grinding	Extruding	Forming	Cabinet Making	Boxing	Fabrication	C;F
205	Based on this product image, what manufacturing process was used to make it?	images/0205.jpg	Offset Printing	Fabrication	Forming	Tool Making, Die Making, Mold Making	Boxing	Injection Molding	B;C
206	Based on this product image, what manufacturing process was used to make it?	images/0206.jpg	Forming	Sheet rolling	Assembly, Welding, Painting, Testing	Kiln Drying, Planing, Moulding	Pcb Assembly, Testing, Quality Control	Fabrication	A;F
207	Based on this product image, what manufacturing process was used to make it?	images/0207.jpg	Tempering	Forming	Boxing	Calibration	Electroplating	Fabrication	B;F
208	Based on this product image, what manufacturing process was used to make it?	images/0208.jpg	Dyeing	Forming	Fabrication	CAD	Digital Printing	Screen Printing	B;C
209	Based on this product image, what manufacturing process was used to make it?	images/0209.jpg	Fabrication	Extruding	Grinding	Forming	Boxing	Calibration	A;D
210	Based on this product image, what manufacturing process was used to make it?	images/0210.jpg	Cabinet Making	Fabrication	Forming	Shearing	Extruding	Electroplating	B;C;D
211	Based on this product image, what manufacturing process was used to make it?	images/0211.jpg	Punching	Knitting	Forming	Engineering Design, Manufacturing	Weaving	Fabrication	C;F
212	Based on this product image, what manufacturing process was used to make it?	images/0212.jpg	Tempering	Forming	Electroplating	Fabrication	Stamping	Kiln Drying, Planing, Moulding	B;D
213	Based on this product image, what manufacturing process was used to make it?	images/0213.jpg	Pressing	CAD	Forming	Tempering	Woodworking, Assembly, Finishing	Fabrication	C;F
214	Based on this product image, what manufacturing process was used to make it?	images/0214.jpg	Offset Printing	Grinding	Fabrication	Injection Molding	Forming	Tool Making, Die Making, Mold Making	C;E
215	Based on this product image, what manufacturing process was used to make it?	images/0215.jpg	Cabinet Making	Electroplating	Forming	Fabrication	Extruding	Stamping	D;C
216	Based on this product image, what manufacturing process was used to make it?	images/0216.jpg	Machining	Grinding	Bare Board Fabrication	Nailing	Assembly	Cnc Horizontal Turning	A;E
217	Based on this product image, what manufacturing process was used to make it?	images/0217.jpg	Cnc Bending	Laser Cutting	Assembly	Fabrication, Assembling	Packaging Manufacturing	Machining	F
218	Based on this product image, what manufacturing process was used to make it?	images/0218.png	Extruding	Drawing	Assembly	Wet Paint	Machining	Nailing	E;C
219	Based on this product image, what manufacturing process was used to make it?	images/0219.jpg	Soldering	Assembly	Through-Hole Technology	Machining	Extruding	Circular Knitting, Warp Knitting	D;B
220	Based on this product image, what manufacturing process was used to make it?	images/0220.jpg	Circular Knitting, Warp Knitting	Assembly	Laser Cutting	Nailing	Wet Paint	Machining	F;B
221	Based on this product image, what manufacturing process was used to make it?	images/0221.jpg	Extruding	Distillation	Blown Film Extrusion	Bottling	Cnc Machining	Sewing	E
222	Based on this product image, what manufacturing process was used to make it?	images/0222.jpg	Assembly, Wiring, Soldering	Anodizing	Cnc Machining	Wire Harness Assembly	Pcb Manufacturing	Fabrication, Steel Manufacturing	C
223	Based on this product image, what manufacturing process was used to make it?	images/0223.jpg	Sheet Metal Fabrication	Pcb Manufacturing	Fabrication, Steel Manufacturing	Assembly, Wiring, Soldering	Wire Edm	Plastic Fabrication	A
224	Based on this product image, what manufacturing process was used to make it?	images/0224.jpg	Thermoforming	Pcb Fabrication	Wire Edm	Sheet Metal Fabrication	Pcb Manufacturing	Product Design	D
225	Based on this product image, what manufacturing process was used to make it?	images/0225.jpg	Knitting	Weaving	Sheet Metal Fabrication	Composite Manufacturing	Vacuum Forming	PCBA	C
226	Based on this product image, what manufacturing process was used to make it?	images/0226.png	Shearing	Machining	Nitriding	Water Jet Cutting, Flash Cutting	Assembly	Electroplating	B;E
227	Based on this product image, what manufacturing process was used to make it?	images/0227.jpg	Mig Welding,	Cold Forging	Injection Molding	Tool Making, Die Making, Mold Making	Large Format Printing	Machining	F
228	Based on this product image, what manufacturing process was used to make it?	images/0228.jpg	Machining	Flexographic Printing, Pressure Sensitive Labels	Large Format Printing	Laser Cutting	Ultrasonic Welding	Weaving	A
229	Based on this product image, what manufacturing process was used to make it?	images/0229.jpg	Machining	Assembly	Flexographic Printing, Pressure Sensitive Labels	Plasma Cutting	Ultrasonic Welding	Laser Cutting	A;B
230	Based on this product image, what manufacturing process was used to make it?	images/0230.jpg	Stamping	Assembly	Corrugated Packaging	Machining	Nitriding	Cut And Sew	B;D
231	Based on this product image, what manufacturing process was used to make it?	images/0231.jpg	Assembly	Ultrasonic Welding	Large Format Printing	Machining	Laser Cutting	Flexographic Printing, Pressure Sensitive Labels	A;D
232	Based on this product image, what manufacturing process was used to make it?	images/0232.jpg	Assembly	Machining	Engineering Design, Circuitry Design	Packaging Manufacturing	Plasma Cutting	Carburizing	A;B
233	Based on this product image, what manufacturing process was used to make it?	images/0233.jpg	Engineering Design, Circuitry Design	Packaging Manufacturing	Assembly	Plasma Cutting	Machining	Carburizing	E;C
234	Based on this product image, what manufacturing process was used to make it?	images/0234.jpg	Cutting, Molding	Nitriding	Assembly	Large Format Printing	Machining	Cnc Routing	E;C
235	Based on this product image, what manufacturing process was used to make it?	images/0235.jpg	Cutting, Molding	Laser Cutting	Machining	Cnc Routing	Large Format Printing	Assembly	C;F
236	Based on this product image, what manufacturing process was used to make it?	images/0236.jpg	Carburizing	Plasma Cutting	Packaging Manufacturing	Machining	Assembly	Engineering Design, Circuitry Design	D;E
237	Based on this product image, what manufacturing process was used to make it?	images/0237.jpg	Assembly	Machining	Engineering Design, Circuitry Design	Plasma Cutting	Packaging Manufacturing	Carburizing	A;B
238	Based on this product image, what manufacturing process was used to make it?	images/0238.jpg	Plasma Cutting	Machining	Assembly	Ultrasonic Welding	Large Format Printing	Flexographic Printing, Pressure Sensitive Labels	B;C
239	Based on this product image, what manufacturing process was used to make it?	images/0239.jpg	Machining	Flexographic Printing, Pressure Sensitive Labels	Assembly	Ultrasonic Welding	Plasma Cutting	Large Format Printing	A;C
240	Based on this product image, what manufacturing process was used to make it?	images/0240.jpg	Cnc Routing	Large Format Printing	Cutting, Molding	Machining	Assembly	Water Jet Cutting, Flash Cutting	D;E
241	Based on this product image, what manufacturing process was used to make it?	images/0241.jpg	Machining	Large Format Printing	Assembly	Ultrasonic Welding	Cut And Sew	Laser Cutting	A;C
242	Based on this product image, what manufacturing process was used to make it?	images/0242.jpg	Packaging	Tool Making, Die Making, Mold Making	Injection Molding	Electrostatic spray charged powder	Sewing	Offset Printing	D
243	Based on this product image, what manufacturing process was used to make it?	images/0243.jpg	Weaving	Finishing Customization	Finishing, Converting	Assembly	Knitting	Fabrication	F;D
244	Based on this product image, what manufacturing process was used to make it?	images/0244.jpg	Shearing	Forging	Fastening	Assembly	Screen Printing	Fixturing	D
245	Based on this product image, what manufacturing process was used to make it?	images/0245.jpg	Injection Molding	Fabrication	Plating	Blown Glass	Packaging, Corrugating, Conditioning	Assembly	B;F
246	Based on this product image, what manufacturing process was used to make it?	images/0246.jpg	Finishing, Converting	Fixturing	Blown Glass	Injection Molding	Fabrication	Assembly	E;F
247	Based on this product image, what manufacturing process was used to make it?	images/0247.jpg	Blown Glass	Fabrication	Assembly	Finishing, Converting	Cut And Sew	Injection Molding	B;C
248	Based on this product image, what manufacturing process was used to make it?	images/0248.jpg	Packaging, Corrugating, Conditioning	Assembly	Extruding	Drawing	Grinding	Fabrication	F;B
249	Based on this product image, what manufacturing process was used to make it?	images/0249.jpg	Finishing Customization	Weaving	Assembly	Finishing, Converting	Fabrication	Knitting	C;E
250	Based on this product image, what manufacturing process was used to make it?	images/0250.jpg	Knitting	Finishing, Converting	Assembly	Fabrication	Finishing Customization	Weaving	C;D
251	Based on this product image, what manufacturing process was used to make it?	images/0251.jpg	Grinding	Assembly	Digital Textile Printing	Packaging, Corrugating, Conditioning	Fabrication	Fixturing	B;E
252	Based on this product image, what manufacturing process was used to make it?	images/0252.jpg	Knitting	Assembly	Turning	Spinning	Sheetfed Printing,	Weaving	B
253	Based on this product image, what manufacturing process was used to make it?	images/0253.jpg	Plating	Assembly	Blown Glass	Fabrication	Forging	Injection Molding	B;D
254	Based on this product image, what manufacturing process was used to make it?	images/0254.jpg	Injection Molding	Plating	Assembly	Finishing, Converting	Blown Glass	Fabrication	C;F
255	Based on this product image, what manufacturing process was used to make it?	images/0255.jpg	Fabrication	Chemical Processing,	Cnc Routing	Cut And Sew	Assembly	Extruding	A;E
256	Based on this product image, what manufacturing process was used to make it?	images/0256.png	Heat Treating	Fabrication	Digital Printing, Offset Printing, Wide Format Printing	Screen Printing	Assembly	Painting Black Oxidation	B;E
257	Based on this product image, what manufacturing process was used to make it?	images/0257.jpg	Fixturing	Fabrication	Blown Glass	Finishing, Converting	Grinding	Assembly	B;F
258	Based on this product image, what manufacturing process was used to make it?	images/0258.jpg	Injection Molding	Fabrication	Blown Glass	Packaging, Corrugating, Conditioning	Plating	Assembly	B;F
259	Based on this product image, what manufacturing process was used to make it?	images/0259.jpg	Sheetfed Printing,	Spinning	Bending	Turning	Assembly	Woodworking, Cnc Machining	E
260	Based on this product image, what manufacturing process was used to make it?	images/0260.jpg	Fabrication	Assembly	Grinding	Fixturing	Blown Glass	Finishing, Converting	B;A
261	Based on this product image, what manufacturing process was used to make it?	images/0261.jpg	Blown Glass	Tempering	Plating	Assembly	Injection Molding	Fabrication	D;F
262	Based on this product image, what manufacturing process was used to make it?	images/0262.jpg	Shearing	Cnc Routing	Pem Insertion	Assembly	Stamping	Fabrication	D;F
263	Based on this product image, what manufacturing process was used to make it?	images/0263.jpg	Ultrasonic Bonding	Mold Making	Assembly	Forging	Anodizing	Fabrication	C;F
264	Based on this product image, what manufacturing process was used to make it?	images/0264.png	Plating	Assembly	Fabrication	Blown Glass	Forging	Injection Molding	B;C
265	Based on this product image, what manufacturing process was used to make it?	images/0265.jpg	Injection Molding	Assembly	Fabrication	Plating	Blown Glass	Grinding	B;C
266	Based on this product image, what manufacturing process was used to make it?	images/0266.jpg	Pem Insertion	Cnc Routing	Fabrication	Assembly	Digital Textile Printing	Tempering	D;C
267	Based on this product image, what manufacturing process was used to make it?	images/0267.jpg	Forging	Fabrication	Ultrasonic Bonding	Assembly	Plating	Blown Glass	B;D
268	Based on this product image, what manufacturing process was used to make it?	images/0268.jpg	Assembly	Finishing, Converting	Plating	Injection Molding	Blown Glass	Fabrication	A;F
269	Based on this product image, what manufacturing process was used to make it?	images/0269.jpg	Assembly	Injection Molding	Plating	Blown Glass	Fabrication	Grinding	A;E
270	Based on this product image, what manufacturing process was used to make it?	images/0270.jpg	Assembly	Grinding	Finishing, Converting	Fixturing	Packaging, Corrugating, Conditioning	Fabrication	A
271	Based on this product image, what manufacturing process was used to make it?	images/0271.jpg	Assembly	Fabrication	Ultrasonic Bonding	Mold Making	Anodizing	Forging	A;B
272	Based on this product image, what manufacturing process was used to make it?	images/0272.jpg	Assembly	Shearing	Stamping	Tempering	Dyeing	Fabrication	A;F
273	Based on this product image, what manufacturing process was used to make it?	images/0273.jpg	Sheetfed Printing,	Weaving	Spinning	Assembly	Knitting	Milling	D
274	Based on this product image, what manufacturing process was used to make it?	images/0274.jpg	Plating	Fabrication	Ultrasonic Bonding	Assembly	Injection Molding	Forging	B;D
275	Based on this product image, what manufacturing process was used to make it?	images/0275.jpg	Shearing	Cut And Sew	Packaging, Bulk Packing	Fabrication	Taping	Assembly	D;F
276	Based on this product image, what manufacturing process was used to make it?	images/0276.png	Extruding	Cnc Routing	Assembly	Fabrication	Drawing	Digital Textile Printing	C;D
277	Based on this product image, what manufacturing process was used to make it?	images/0277.jpg	Pem Insertion	Shearing	Packaging, Bulk Packing	Fabrication	Assembly	Stamping	E;D
278	Based on this product image, what manufacturing process was used to make it?	images/0278.jpg	Fabrication	Pem Insertion	Assembly	Chemical Processing,	Extruding	Cnc Routing	A;C
279	Based on this product image, what manufacturing process was used to make it?	images/0279.jpg	Fabrication	Grinding	Packaging, Corrugating, Conditioning	Cut And Sew	Fixturing	Assembly	A;F
280	Based on this product image, what manufacturing process was used to make it?	images/0280.jpg	Assembly	Grinding	Blown Glass	Finishing, Converting	Digital Textile Printing	Fabrication	A;F
281	Based on this product image, what manufacturing process was used to make it?	images/0281.jpg	Weaving	Knitting	Finishing Customization	Fabrication	Assembly	Finishing, Converting	D;E
282	Based on this product image, what manufacturing process was used to make it?	images/0282.png	Blown Glass	Fabrication	Plating	Forging	Assembly	Injection Molding	B;E
283	Based on this product image, what manufacturing process was used to make it?	images/0283.jpg	Digital Textile Printing	Assembly	Fabrication	Fixturing	Packaging, Corrugating, Conditioning	Grinding	B;C
284	Based on this product image, what manufacturing process was used to make it?	images/0284.jpg	Assembly	Blown Glass	Fabrication	Injection Molding	Grinding	Plating	A;C
285	Based on this product image, what manufacturing process was used to make it?	images/0285.jpg	Digital Textile Printing	Chemical Processing,	Extruding	Fabrication	Cnc Routing	Assembly	D;F
286	Based on this product image, what manufacturing process was used to make it?	images/0286.jpg	Assembly	Injection Molding	Blown Glass	Plating	Fabrication	Forging	A;E
287	Based on this product image, what manufacturing process was used to make it?	images/0287.jpg	Fabrication	Drawing	Chemical Processing,	Extruding	Cnc Routing	Assembly	A;F
288	Based on this product image, what manufacturing process was used to make it?	images/0288.jpg	Assembly	Fabrication	Blown Glass	Injection Molding	Finishing, Converting	Plating	A;B
289	Based on this product image, what manufacturing process was used to make it?	images/0289.jpg	Plating	Assembly	Injection Molding	Blown Glass	Finishing, Converting	Fabrication	B;F
290	Based on this product image, what manufacturing process was used to make it?	images/0290.jpg	Fixturing	Assembly	Fabrication	Drawing	Grinding	Packaging, Corrugating, Conditioning	B;C
291	Based on this product image, what manufacturing process was used to make it?	images/0291.png	Assembly	Anodizing	Ultrasonic Bonding	Forging	Fabrication	Blown Glass	A;E
292	Based on this product image, what manufacturing process was used to make it?	images/0292.jpg	Anodizing	Knitting	Mold Making	Assembly	Forging	Ultrasonic Bonding	D
293	Based on this product image, what manufacturing process was used to make it?	images/0293.jpg	Assembly	Fabrication	Grinding	Drawing	Extruding	Packaging, Corrugating, Conditioning	A;B
294	Based on this product image, what manufacturing process was used to make it?	images/0294.jpg	Anodizing	Assembly	Ultrasonic Bonding	Injection Molding	Forging	Plating	B
295	Based on this product image, what manufacturing process was used to make it?	images/0295.png	Spinning	Assembly	Knitting	Turning	Weaving	Mold Making	B
296	Based on this product image, what manufacturing process was used to make it?	images/0296.jpg	Forging	Anodizing	Plating	Fabrication	Mold Making	Assembly	D;F
297	Based on this product image, what manufacturing process was used to make it?	images/0297.jpg	Assembly	Wood Cutting, Engraving	Weaving	Fabrication	Anodizing	Cnc Routing	A
298	Based on this product image, what manufacturing process was used to make it?	images/0298.jpg	Fabrication	Fixturing	Assembly	Drawing	Packaging, Corrugating, Conditioning	Grinding	A;C
299	Based on this product image, what manufacturing process was used to make it?	images/0299.jpg	Packaging, Corrugating, Conditioning	Assembly	Drawing	Extruding	Fabrication	Grinding	B;E
300	Based on this product image, what manufacturing process was used to make it?	images/0300.jpg	Drawing	Assembly	Fabrication	Tempering	Extruding	Chemical Processing,	B;C
301	Based on this product image, what manufacturing process was used to make it?	images/0301.jpg	Weaving	Assembly	Mold Making	Blown Glass	Anodizing	Knitting	B
302	Based on this product image, what manufacturing process was used to make it?	images/0302.jpg	Chemical Processing,	Extruding	Fabrication	Assembly	Cnc Routing	Digital Textile Printing	C;D
303	Based on this product image, what manufacturing process was used to make it?	images/0303.jpg	Finishing, Converting	Fixturing	Blown Glass	Fabrication	Assembly	Injection Molding	D;E
304	Based on this product image, what manufacturing process was used to make it?	images/0304.jpg	Grinding	Drawing	Fabrication	Packaging, Corrugating, Conditioning	Assembly	Fixturing	C;E
305	Based on this product image, what manufacturing process was used to make it?	images/0305.jpg	Assembly	Blown Glass	Drawing	Injection Molding	Plating	Grinding	A
306	Based on this product image, what manufacturing process was used to make it?	images/0306.jpg	Painting Black Oxidation	Assembly	Anodizing	Wood Cutting, Engraving	Cnc Routing	Fabrication	B;F
307	Based on this product image, what manufacturing process was used to make it?	images/0307.jpg	Chemical Processing,	Digital Textile Printing	Fabrication	Tempering	Assembly	Extruding	C;E
308	Based on this product image, what manufacturing process was used to make it?	images/0308.jpg	Assembly	Injection Molding	Plating	Grinding	Blown Glass	Chemical Processing,	A
309	Based on this product image, what manufacturing process was used to make it?	images/0309.png	Blown Glass	Assembly	Knitting	Ultrasonic Bonding	Mold Making	Forging	B
310	Based on this product image, what manufacturing process was used to make it?	images/0310.jpg	Stamping	Cnc Routing	Pem Insertion	Fabrication	Chemical Processing,	Assembly	D;F
311	Based on this product image, what manufacturing process was used to make it?	images/0311.jpg	Digital Textile Printing	Fabrication	Fixturing	Grinding	Assembly	Packaging, Corrugating, Conditioning	B;E
312	Based on this product image, what manufacturing process was used to make it?	images/0312.jpg	Forging	Fabrication	Blown Glass	Assembly	Plating	Ultrasonic Bonding	B;D
313	Based on this product image, what manufacturing process was used to make it?	images/0313.png	Assembly	Fabrication	Extruding	Drawing	Grinding	Packaging, Corrugating, Conditioning	A;B
314	Based on this product image, what manufacturing process was used to make it?	images/0314.jpg	Weaving	Mold Making	Blown Glass	Knitting	Assembly	Anodizing	E
315	Based on this product image, what manufacturing process was used to make it?	images/0315.jpg	Blown Glass	Grinding	Injection Molding	Assembly	Fixturing	Finishing, Converting	D
316	Based on this product image, what manufacturing process was used to make it?	images/0316.jpg	Blown Glass	Assembly	Fabrication	Extruding	Grinding	Drawing	B;C
317	Based on this product image, what manufacturing process was used to make it?	images/0317.jpg	Mold Making	Assembly	Ultrasonic Bonding	Forging	Weaving	Knitting	B
318	Based on this product image, what manufacturing process was used to make it?	images/0318.jpg	Fabrication	Ultrasonic Bonding	Plating	Assembly	Blown Glass	Forging	A;D
319	Based on this product image, what manufacturing process was used to make it?	images/0319.jpg	Mold Making	Fabrication	Ultrasonic Bonding	Anodizing	Blown Glass	Assembly	B;F
320	Based on this product image, what manufacturing process was used to make it?	images/0320.jpg	Grinding	Assembly	Drawing	Fabrication	Packaging, Corrugating, Conditioning	Extruding	B;D
321	Based on this product image, what manufacturing process was used to make it?	images/0321.jpg	Spinning	Weaving	Assembly	Turning	Sheetfed Printing,	Milling	C
322	Based on this product image, what manufacturing process was used to make it?	images/0322.png	Forging	Fabrication	Ultrasonic Bonding	Anodizing	Assembly	Blown Glass	B;E
323	Based on this product image, what manufacturing process was used to make it?	images/0323.jpg	Injection Molding	Fixturing	Finishing, Converting	Fabrication	Blown Glass	Assembly	F;D
324	Based on this product image, what manufacturing process was used to make it?	images/0324.png	Assembly	Fabrication	Injection Molding	Blown Glass	Fixturing	Finishing, Converting	A;B
325	Based on this product image, what manufacturing process was used to make it?	images/0325.jpg	Plasma Cutting	Water Jet Cutting	Packaging	Mig Welding,	Cnc Press Brake	Machining	F
326	Based on this product image, what manufacturing process was used to make it?	images/0326.jpg	Engraving	Repair	Machining	Heat Treating, Induction Heating	Fabrication	Anodizing	C;E
327	Based on this product image, what manufacturing process was used to make it?	images/0327.jpg	Swiss Turning	Surface Grinding	Plating, Coating	Electroplating	Passivation	Laser Cutting	F
328	Based on this product image, what manufacturing process was used to make it?	images/0328.jpg	Bending	Product Development	Laser Cutting	Gear Cutting	Broaching	Assembly, Furnace Construction	A;C
329	Based on this product image, what manufacturing process was used to make it?	images/0329.jpg	Sewing	Cnc Cylindrical Grinding	Passivation	Swiss Turning	Plating, Coating	Laser Cutting	F
330	Based on this product image, what manufacturing process was used to make it?	images/0330.jpg	Passivation	Laser Cutting	Cnc Cylindrical Grinding	Shearing	Bending	Assembly, Welding, Painting, Testing	B;E
331	Based on this product image, what manufacturing process was used to make it?	images/0331.jpg	Swiss Turning	Passivation	Laser Cutting	Shearing	Cnc Cylindrical Grinding	Assembly, Welding, Painting, Testing	C
332	Based on this product image, what manufacturing process was used to make it?	images/0332.jpg	Passivation	Woodworking	Assembly, Welding, Painting, Testing	Laser Cutting	Bending	Cnc Cylindrical Grinding	D;E
333	Based on this product image, what manufacturing process was used to make it?	images/0333.jpg	Passivation	Assembly, Welding, Painting, Testing	Laser Cutting	Spot Welding	Cnc Cylindrical Grinding	Engineering Design, Oem/Odm Manufacturing	C
334	Based on this product image, what manufacturing process was used to make it?	images/0334.jpg	Swiss Turning	Shearing	Cnc Cylindrical Grinding	Sewing	Stamping	Laser Cutting	F
335	Based on this product image, what manufacturing process was used to make it?	images/0335.jpg	Laser Cutting	Swiss Turning	Passivation	Assembly, Welding, Painting, Testing	Shearing	Heat Treating	A
336	Based on this product image, what manufacturing process was used to make it?	images/0336.jpg	Electroplating	Swiss Turning	Plating, Coating	Assembly, Soldering, Testing	Laser Cutting	Stamping	E
337	Based on this product image, what manufacturing process was used to make it?	images/0337.jpg	Assembly, Welding, Painting, Testing	Passivation	Cnc Cylindrical Grinding	Woodworking	Bending	Laser Cutting	E;F
338	Based on this product image, what manufacturing process was used to make it?	images/0338.jpg	Laser Cutting	Cnc Lathe	Sewing	Drawing	3D Printing, 3D Modeling	Assembly, Box Build	A
339	Based on this product image, what manufacturing process was used to make it?	images/0339.jpg	Extruding	Cnc Lathe	Swiss Turning	Drawing	Assembly, Box Build	Laser Cutting	F
340	Based on this product image, what manufacturing process was used to make it?	images/0340.jpg	Parts Cleaning	Rotary Manufacturing	Laser Cutting	Casting	Engineering Design Automation Control Assembly	Label Printing	C
341	Based on this product image, what manufacturing process was used to make it?	images/0341.jpg	Kitting	Drawing	Cnc Lathe	Assembly, Soldering, Testing	Laser Cutting	Extruding	E
342	Based on this product image, what manufacturing process was used to make it?	images/0342.jpg	Laser Cutting	Assembly, Soldering, Testing	Cnc Lathe	Electroplating	Passivation	Extruding	A
343	Based on this product image, what manufacturing process was used to make it?	images/0343.jpg	Stamping	Assembly, Quality Control	Laser Cutting	Water Jet Cutting	Sewing	Ultrasonic Forming, Bonding	C;D
344	Based on this product image, what manufacturing process was used to make it?	images/0344.jpg	Cnc Lathe	Swiss Turning	Extruding	Drawing	Bending	Assembly, Soldering, Testing	E
345	Based on this product image, what manufacturing process was used to make it?	images/0345.jpg	Assembly, Soldering, Testing	Cnc Lathe	Swiss Turning	Laser Cutting	Extruding	Drawing	D
346	Based on this product image, what manufacturing process was used to make it?	images/0346.jpg	Laser Cutting	Large Format Printing	3D Printing, 3D Modeling	Printed Circuit Assembly, Top Level Assembly	Pcb Layout	Assembly, Furnace Construction	A
347	Based on this product image, what manufacturing process was used to make it?	images/0347.jpg	Bending	Parts Cleaning	Sewing	Laser Cutting	Casting	Rotary Manufacturing	A;D
348	Based on this product image, what manufacturing process was used to make it?	images/0348.jpg	Sewing	Swiss Turning	Stamping	Passivation	Plating, Coating	Laser Cutting	F
349	Based on this product image, what manufacturing process was used to make it?	images/0349.jpg	Assembly, Welding, Painting, Testing	Cnc Cylindrical Grinding	Laser Cutting	Bending	Shearing	Passivation	C;D
350	Based on this product image, what manufacturing process was used to make it?	images/0350.jpg	Surface Grinding	Laser Cutting	Casting	Injection Molding, Compression Molding	Labeling, Packaging	Bending	B;F
351	Based on this product image, what manufacturing process was used to make it?	images/0351.jpg	Sewing	Cnc Cylindrical Grinding	Assembly, Welding, Painting, Testing	Bending	Laser Cutting	Passivation	D;E
352	Based on this product image, what manufacturing process was used to make it?	images/0352.jpg	Passivation	Stamping	Cnc Cylindrical Grinding	Laser Cutting	Screen Printing	Swiss Turning	D
353	Based on this product image, what manufacturing process was used to make it?	images/0353.jpg	Cnc Cylindrical Grinding	Assembly, Soldering, Testing	Cnc Lathe	Laser Cutting	Drawing	Extruding	D
354	Based on this product image, what manufacturing process was used to make it?	images/0354.jpg	Cnc Cylindrical Grinding	Shearing	Assembly, Welding, Painting, Testing	Bending	Laser Cutting	Passivation	D;E
355	Based on this product image, what manufacturing process was used to make it?	images/0355.jpg	Passivation	Electroplating	Assembly, Soldering, Testing	Laser Cutting	Plating, Coating	Water Jet Cutting	D
356	Based on this product image, what manufacturing process was used to make it?	images/0356.jpg	Stamping	Swiss Turning	Cnc Cylindrical Grinding	Passivation	Laser Cutting	Sewing	E
357	Based on this product image, what manufacturing process was used to make it?	images/0357.jpg	Laser Cutting	Water Jet Cutting	Passivation	Shearing	Stamping	Swiss Turning	A
358	Based on this product image, what manufacturing process was used to make it?	images/0358.jpg	Extruding	Assembly, Box Build	Pcb Layout	Bending	3D Printing, 3D Modeling	Drawing	D
359	Based on this product image, what manufacturing process was used to make it?	images/0359.jpg	Laser Cutting	Electroplating	Kitting	Assembly, Soldering, Testing	Plating, Coating	Passivation	A
360	Based on this product image, what manufacturing process was used to make it?	images/0360.jpg	Cnc Cylindrical Grinding	Woodworking	Kitting	Engineering Design, Oem/Odm Manufacturing	Assembly, Welding, Painting, Testing	Laser Cutting	F
361	Based on this product image, what manufacturing process was used to make it?	images/0361.jpg	Laser Cutting	Cnc Cylindrical Grinding	Plating, Coating	Electroplating	Swiss Turning	Sewing	A
362	Based on this product image, what manufacturing process was used to make it?	images/0362.jpg	Cnc Machining	Phosphate Coating	Engineering Design, Circuitry Design	Printed Circuit Assembly, Top Level Assembly	Large Format Printing	Plasma Cutting	A
363	Based on this product image, what manufacturing process was used to make it?	images/0363.png	Forming	Fill-Finish	Casting	Fabrication	Engineering Design, Oem/Odm Manufacturing	Parts Cleaning	D;A
364	Based on this product image, what manufacturing process was used to make it?	images/0364.jpg	Cnc Lathe	Electroplating	Passivation	Fabrication	Extruding	Forming	D;F
365	Based on this product image, what manufacturing process was used to make it?	images/0365.jpg	Tempering	Fusing, Kiln-Firing	Painting Black Oxidation	Fabrication	Pcb Assembly, Testing, Quality Control	Finishing	D;F
366	Based on this product image, what manufacturing process was used to make it?	images/0366.jpg	Painting Black Oxidation	Fabrication	Heat Treating	Blanking bending drawing	Pcb Assembly, Testing, Quality Control	Fusing, Kiln-Firing	B
367	Based on this product image, what manufacturing process was used to make it?	images/0367.jpg	Fabrication	Tempering	Finishing	Fusing, Kiln-Firing	Pcb Assembly, Testing, Quality Control	Shipping	A;C
368	Based on this product image, what manufacturing process was used to make it?	images/0368.jpg	Blanking bending drawing	Tempering	Taping	Pcb Assembly, Testing, Quality Control	Kiln Drying, Planing, Moulding	Fabrication	A;F
369	Based on this product image, what manufacturing process was used to make it?	images/0369.jpg	Blanking bending drawing	Finishing	Dyeing	Fabrication	Filling, Sewing	Assembly, Integration, Testing	D
370	Based on this product image, what manufacturing process was used to make it?	images/0370.jpg	Assembly	Repair	Tool Making, Die Making, Mold Making	Packaging	Mig Welding,	Deburring, Polishing, Surface Improvement	A
371	Based on this product image, what manufacturing process was used to make it?	images/0371.jpg	PCBA	Weaving	Knitting	Rolling	Machining	Vacuum Forming	E
372	Based on this product image, what manufacturing process was used to make it?	images/0372.jpg	Machining	Pcb Manufacturing	Product Design	Thermoforming	Plastic Fabrication	Mig Welding,	A
373	Based on this product image, what manufacturing process was used to make it?	images/0373.jpg	Ultrasonic Welding	Large Format Printing	Engineering Design, Circuitry Design	Fabrication	Phosphate Coating	Printed Circuit Assembly, Top Level Assembly	D
374	Based on this product image, what manufacturing process was used to make it?	images/0374.jpg	Cnc Bending	Engineering Design Automation Control Assembly	Fabrication	Machining	Large Format Printing	Label Printing	C;D
375	Based on this product image, what manufacturing process was used to make it?	images/0375.jpg	Assembly, Soldering, Testing	Electroplating	Stamping	Swiss Turning	Machining	Plating, Coating	E
376	Based on this product image, what manufacturing process was used to make it?	images/0376.jpg	Plating, Coating	Electroplating	Swiss Turning	Fabrication	Forming	Stamping	D;E
377	Based on this product image, what manufacturing process was used to make it?	images/0377.jpg	Fabrication	Parts Cleaning	Vapor Honing	Rotary Manufacturing	Engineering Design Automation Control Assembly	Forming	A
378	Based on this product image, what manufacturing process was used to make it?	images/0378.jpg	Swiss Turning	Shearing	Stamping	Fabrication	Forming	Plating, Coating	D
379	Based on this product image, what manufacturing process was used to make it?	images/0379.jpg	Large Format Printing	Forming	Fabrication	Assembly, Furnace Construction	Printed Circuit Assembly, Top Level Assembly	Pcb Layout	C;B
380	Based on this product image, what manufacturing process was used to make it?	images/0380.jpg	Forming	Stamping	Plating, Coating	Swiss Turning	Fabrication	Painting	A;E;F
381	Based on this product image, what manufacturing process was used to make it?	images/0381.jpg	Forming	Electroplating	Plating, Coating	Stamping	Fabrication	Painting	A;E;F
382	Based on this product image, what manufacturing process was used to make it?	images/0382.jpg	Blanking bending drawing	Grinding	Assembly, Barcoding	Forming	Fabrication	Woodworking	A;D;E
383	Based on this product image, what manufacturing process was used to make it?	images/0383.jpg	Fabrication	Stamping	Machining	Swiss Turning	Painting	Plating, Coating	A;C;E
384	Based on this product image, what manufacturing process was used to make it?	images/0384.jpg	Shearing	Fabrication	Swiss Turning	Stamping	Machining	Painting	B;E;F
385	Based on this product image, what manufacturing process was used to make it?	images/0385.jpg	Forming	Electroplating	Assembly, Soldering, Testing	Fabrication	Swiss Turning	Cnc Lathe	A;D
386	Based on this product image, what manufacturing process was used to make it?	images/0386.jpg	Plating, Coating	Passivation	Assembly, Soldering, Testing	Electroplating	Forming	Fabrication	F
387	Based on this product image, what manufacturing process was used to make it?	images/0387.jpg	Fabrication	Painting	Machining	Forming	Labeling, Packaging	Pressing	A;B;C;D
388	Based on this product image, what manufacturing process was used to make it?	images/0388.jpg	Shearing	Machining	Swiss Turning	Painting	Fabrication	Woodworking	E;D
389	Based on this product image, what manufacturing process was used to make it?	images/0389.jpg	Fabrication	Swiss Turning	Forming	Plating, Coating	Electroplating	Stamping	A;C
390	Based on this product image, what manufacturing process was used to make it?	images/0390.jpg	Assembly, Soldering, Testing	Cnc Lathe	Fabrication	Extruding	Swiss Turning	Forming	C;F
391	Based on this product image, what manufacturing process was used to make it?	images/0391.jpg	Swiss Turning	Stamping	Forming	Fabrication	Shearing	Painting	D;C;F
392	Based on this product image, what manufacturing process was used to make it?	images/0392.jpg	Cnc Cylindrical Grinding	Shearing	Passivation	Machining	Painting	Fabrication	F;D;E
393	Based on this product image, what manufacturing process was used to make it?	images/0393.jpeg	Shearing	Apply organic coating	Stamping	Swiss Turning	Fabrication	Machining	B;E;F
394	Based on this product image, what manufacturing process was used to make it?	images/0394.jpg	Fabrication	Assembly, Box Build	3D Printing, 3D Modeling	Extruding	Machining	Pcb Layout	A
395	Based on this product image, what manufacturing process was used to make it?	images/0395.jpg	Metal Stamping	Woodworking	Custom Design Circuits Manufacturing	Blanking bending drawing	Sheet Metal Forming	Corrugated Packaging	A;E
396	Based on this product image, what manufacturing process was used to make it?	images/0396.jpg	CAD	Apply organic coating	Engineering Design Automation Control Assembly	Welding	Calibration	Sewing	D
397	Based on this product image, what manufacturing process was used to make it?	images/0397.jpg	Powder Coating	Flip Chip	Rolling	Engineering Design, Autocad, Prototyping	Wire Edm,	Through-Hole Technology	A
398	Based on this product image, what manufacturing process was used to make it?	images/0398.jpg	Anodizing	High Speed Machining	Metal Fabrication	Tig Welding	Rivetting	Reverse Engineering	C
399	Based on this product image, what manufacturing process was used to make it?	images/0399.jpg	Screen Printing	Prototype Manufacturing	Metal Fabrication	Hot Dip Galvanizing	Packaging	Mold Making, Mold Design	C
400	Based on this product image, what manufacturing process was used to make it?	images/0400.jpg	Reverse Engineering	Rolling	Engraving	Rivetting	Painting	Metal Fabrication	F
401	Based on this product image, what manufacturing process was used to make it?	images/0401.jpg	Cnc Press Brake	Tool Making, Die Making, Mold Making	Plating	Packaging	Metal Fabrication	Cnc Milling	E
402	Based on this product image, what manufacturing process was used to make it?	images/0402.jpeg	Repair	Grinding	Deburring, Polishing, Surface Improvement	Tool Making, Die Making, Mold Making	Forming	Fabrication	E;F
403	Based on this product image, what manufacturing process was used to make it?	images/0403.jpeg	Screen Printing	Mold Making, Mold Design	Packaging	Fabrication	Plasma Cutting	Hot Dip Galvanizing	D
404	Based on this product image, what manufacturing process was used to make it?	images/0404.jpeg	Nitriding	Water Jet Cutting	Fabrication	Forming	Sublimation Coating	Passivation	C
405	Based on this product image, what manufacturing process was used to make it?	images/0405.jpeg	Forming	Packaging	Cnc Press Brake	Plating	Cnc Milling	Fabrication	A;F
406	Based on this product image, what manufacturing process was used to make it?	images/0406.jpeg	Heat Treating, Induction Heating	Forming	Fabrication	Ram Edm	Repair	Pressing	C
407	Based on this product image, what manufacturing process was used to make it?	images/0407.jpeg	Fabrication	Forming	Water Jet Cutting	Plasma Cutting	Mig Welding,	Carburizing	A;B
408	Based on this product image, what manufacturing process was used to make it?	images/0408.jpeg	Carburizing	Sublimation Coating	Fabrication	Forming	Repair	Rolling	C
409	Based on this product image, what manufacturing process was used to make it?	images/0409.jpeg	Pressing	Shearing	Forging	Fabrication	Forming	Packaging	D;E
410	Based on this product image, what manufacturing process was used to make it?	images/0410.jpeg	Fabrication	Packaging	Pressing	Ram Edm	Forming	Sublimation Coating	A;E
411	Based on this product image, what manufacturing process was used to make it?	images/0411.jpeg	Forming	Nitriding	Plasma Cutting	Carburizing	Fabrication	Sublimation Coating	E;A
412	Based on this product image, what manufacturing process was used to make it?	images/0412.jpeg	Carburizing	Forming	Fabrication	Water Jet Cutting	Grinding	Plasma Cutting	B;C
413	Based on this product image, what manufacturing process was used to make it?	images/0413.jpeg	Repair	Heat Treating, Induction Heating	Forming	Anodizing	Fabrication	Sublimation Coating	E
414	Based on this product image, what manufacturing process was used to make it?	images/0414.jpeg	Forging	Ram Edm	Pressing	Fabrication	Packaging	Forming	D;F
415	Based on this product image, what manufacturing process was used to make it?	images/0415.jpeg	Forming	Repair	Tool Making, Die Making, Mold Making	Packaging	Fabrication	Deburring, Polishing, Surface Improvement	E
416	Based on this product image, what manufacturing process was used to make it?	images/0416.jpeg	Anodizing	Engraving	Heat Treating, Induction Heating	Forming	Repair	Fabrication	F
417	Based on this product image, what manufacturing process was used to make it?	images/0417.jpg	Shearing	Assembly	Kiln Drying, Planing, Moulding	Boring	Weaving	Cnc Milling	B;D;F
418	Based on this product image, what manufacturing process was used to make it?	images/0418.jpg	Cold Forging	Carburizing	Mig Welding,	Corrugated Packaging	Assembly	Plasma Cutting	E
419	Based on this product image, what manufacturing process was used to make it?	images/0419.jpg	Plasma Cutting	Mig Welding,	Fabrication, Customizing	Carburizing	Grinding	Packaging Manufacturing	E
420	Based on this product image, what manufacturing process was used to make it?	images/0420.png	Grinding	Fabrication, Customizing	Large Format Printing	Assembly	Flexographic Printing, Pressure Sensitive Labels	Ultrasonic Welding	D
421	Based on this product image, what manufacturing process was used to make it?	images/0421.jpg	Control System Integration	Tool Making, Die Making, Mold Making	Injection Molding	Assembly	Warp Knitting	Cnc Press Brake	D
422	Based on this product image, what manufacturing process was used to make it?	images/0422.jpg	Warp Knitting	Cold Forging	Assembly	Tool Making, Die Making, Mold Making	Injection Molding	Cnc Press Brake	C
423	Based on this product image, what manufacturing process was used to make it?	images/0423.jpg	Large Format Printing	Assembly	Flexographic Printing, Pressure Sensitive Labels	Carburizing	Plasma Cutting	Mig Welding,	B
424	Based on this product image, what manufacturing process was used to make it?	images/0424.png	Assembly	Packaging Manufacturing	Plasma Cutting	Carburizing	Laser Cutting	Ultrasonic Welding	A
425	Based on this product image, what manufacturing process was used to make it?	images/0425.jpg	Carburizing	Assembly	Injection Molding	Plasma Cutting	Mig Welding,	Cold Forging	B
426	Based on this product image, what manufacturing process was used to make it?	images/0426.png	Shearing	Grinding	Stamping	Assembly	Cut And Sew	Nitriding	B;D
427	Based on this product image, what manufacturing process was used to make it?	images/0427.jpg	Large Format Printing	Plasma Cutting	Carburizing	Assembly	Flexographic Printing, Pressure Sensitive Labels	Mig Welding,	D
428	Based on this product image, what manufacturing process was used to make it?	images/0428.png	Extruding	Stamping	Solid Surface Fabrication, Laminate Fabrication	Cabinet Making	Pressing	Shearing	E;F
429	Based on this product image, what manufacturing process was used to make it?	images/0429.jpg	Shearing	Pcb Assembly, Testing, Quality Control	Pressing	Electroplating	Stamping	Solid Surface Fabrication, Laminate Fabrication	C;A
430	Based on this product image, what manufacturing process was used to make it?	images/0430.jpg	Offset Printing	Forging	Appliance Manufacturing	Cnc Milling	Pressing	Grinding	E
431	Based on this product image, what manufacturing process was used to make it?	images/0431.jpg	Boxing	Pressing	Shearing	Cabinet Making	Kiln Drying, Planing, Moulding	Calibration	B;C
432	Based on this product image, what manufacturing process was used to make it?	images/0432.png	Shearing	Extruding	Electroplating	Pressing	Cabinet Making	Tempering	D;A
433	Based on this product image, what manufacturing process was used to make it?	images/0433.jpg	Extruding	Shearing	Boxing	Rolling	Cabinet Making	Electroplating	D;B
434	Based on this product image, what manufacturing process was used to make it?	images/0434.png	Extruding	Cabinet Making	Pressing	Stamping	Shearing	Pcb Assembly, Testing, Quality Control	C;E
435	Based on this product image, what manufacturing process was used to make it?	images/0435.png	Blanking bending drawing	Woodworking, Assembly, Finishing	Pressing	Tempering	Pcb Assembly, Testing, Quality Control	Shearing	A;C;F
436	Based on this product image, what manufacturing process was used to make it?	images/0436.png	Pressing	Solid Surface Fabrication, Laminate Fabrication	Shearing	Kiln Drying, Planing, Moulding	Cabinet Making	Electroplating	A;C
437	Based on this product image, what manufacturing process was used to make it?	images/0437.png	Assembly, Welding, Painting, Testing	Kiln Drying, Planing, Moulding	Woodworking, Assembly, Finishing	Pressing	Pcb Assembly, Testing, Quality Control	Shearing	D;F
438	Based on this product image, what manufacturing process was used to make it?	images/0438.png	Boxing	Extruding	Fabrication, Customizing	Shearing	Calibration	Pressing	D;F
439	Based on this product image, what manufacturing process was used to make it?	images/0439.png	Extruding	Rolling	Electroplating	Shearing	Cabinet Making	Kiln Drying, Planing, Moulding	B;D
440	Based on this product image, what manufacturing process was used to make it?	images/0440.png	Solid Surface Fabrication, Laminate Fabrication	Cabinet Making	Sewing	Pressing	Stamping	Shearing	D;F
441	Based on this product image, what manufacturing process was used to make it?	images/0441.png	Pressing	Shearing	Assembly, Welding, Painting, Testing	Solid Surface Fabrication, Laminate Fabrication	Stamping	Cabinet Making	A;B
442	Based on this product image, what manufacturing process was used to make it?	images/0442.jpg	Rolling	Pcb Assembly, Testing, Quality Control	Pressing	CAD	Casting	Shearing	A;C;F
443	Based on this product image, what manufacturing process was used to make it?	images/0443.jpg	Injection Molding	Tool Making, Die Making, Mold Making	Rolling	Offset Printing	Grinding	Calibration	C
444	Based on this product image, what manufacturing process was used to make it?	images/0444.jpg	Pressing	Casting	Shearing	Rolling	Sewing	Pcb Assembly, Testing, Quality Control	D;C
445	Based on this product image, what manufacturing process was used to make it?	images/0445.jpg	Lamination, Molding	Custom Foam Cutting	Forging	Carc Painting	Plastic Injection Molding	Fabrication	F
446	Based on this product image, what manufacturing process was used to make it?	images/0446.jpg	Nailing	Fabrication	Engineering Design	Packaging Manufacturing	Finishing, Converting	Cnc Horizontal Turning	B
447	Based on this product image, what manufacturing process was used to make it?	images/0447.jpg	Wet Paint	Fabrication	Laser Cutting	Packaging Manufacturing	Cnc Bending	Nailing	B
448	Based on this product image, what manufacturing process was used to make it?	images/0448.jpg	Cnc Bending	Fabrication	Packaging Manufacturing	Twisting, Assembly	Grinding	Cnc Horizontal Turning	B
449	Based on this product image, what manufacturing process was used to make it?	images/0449.jpg	Grinding	Twisting, Assembly	Wet Paint	Circular Knitting, Warp Knitting	Cnc Horizontal Turning	Fabrication	F
450	Based on this product image, what manufacturing process was used to make it?	images/0450.jpg	Wet Paint	Packaging Manufacturing	Cnc Horizontal Turning	Fabrication	Grinding	Engineering Design	D
451	Based on this product image, what manufacturing process was used to make it?	images/0451.jpg	Wet Paint	Fabrication	Packaging Manufacturing	Twisting, Assembly	Circular Knitting, Warp Knitting	Cnc Bending	B
452	Based on this product image, what manufacturing process was used to make it?	images/0452.jpg	Fabrication	Dyeing	Cnc Bending	Wet Paint	Nailing	Packaging Manufacturing	A
453	Based on this product image, what manufacturing process was used to make it?	images/0453.jpg	Fabrication	Carc Painting	Forging	Custom Foam Cutting	Grinding	Knitting, Compression Knitting	A
454	Based on this product image, what manufacturing process was used to make it?	images/0454.jpg	Fabrication	Grinding	Twisting, Assembly	Wet Paint	Packaging Manufacturing	Nailing	A
455	Based on this product image, what manufacturing process was used to make it?	images/0455.jpg	Fabrication	Through-Hole Technology	Cnc Horizontal Turning	Engineering Design	Twisting, Assembly	Grinding	A
456	Based on this product image, what manufacturing process was used to make it?	images/0456.jpg	Nailing	Wet Paint	Fabrication	Grinding	Packaging Manufacturing	Twisting, Assembly	C
457	Based on this product image, what manufacturing process was used to make it?	images/0457.jpg	Packaging Manufacturing	Grinding	Fabrication	Circular Knitting, Warp Knitting	Twisting, Assembly	Cnc Horizontal Turning	C
458	Based on this product image, what manufacturing process was used to make it?	images/0458.png	Lamination, Molding	Mold Making	Fabrication	Carc Painting	Plastic Injection Molding	Anodizing	C
459	Based on this product image, what manufacturing process was used to make it?	images/0459.png	Composite Manufacturing	Product Design	Fabrication	Printing, Corrugating	Knitting, Compression Knitting	Cnc Milling	C
460	Based on this product image, what manufacturing process was used to make it?	images/0460.jpg	Water Jet Cutting	Finishing	Plasma Cutting	Welding	Tube Bending	Carburizing	E;D;B
461	Based on this product image, what manufacturing process was used to make it?	images/0461.jpg	Product Design	Machining	Thermoforming	Engineering Design	Pcb Manufacturing	Assembly, Wiring, Soldering	B
462	Based on this product image, what manufacturing process was used to make it?	images/0462.jpg	Rolling	Knitting	Machining	Weaving	Spinning	Tig Welding	C
463	Based on this product image, what manufacturing process was used to make it?	images/0463.jpg	Machining	Product Design	Wire Edm	Pcb Manufacturing	Fabrication	Thermoforming	A;E
464	Based on this product image, what manufacturing process was used to make it?	images/0464.jpg	Integration Assembly	Thermoforming	Knitting	Furnace Manufacturing	Tig Welding	Machining	F
465	Based on this product image, what manufacturing process was used to make it?	images/0465.jpg	Knitting	Integration Assembly	Wire Harness Assembly	Tig Welding	Machining	Furnace Manufacturing	E
466	Based on this product image, what manufacturing process was used to make it?	images/0466.jpg	Fabrication	Anodizing	Wire Edm	Integration Assembly	Cnc Forming	Knitting	A
467	Based on this product image, what manufacturing process was used to make it?	images/0467.jpg	Cnc Forming	Machining	Anodizing	Integration Assembly	Knitting	Wire Harness Assembly	B
468	Based on this product image, what manufacturing process was used to make it?	images/0468.jpg	Wire Edm	Pcb Manufacturing	Thermoforming	Product Design	Machining	Fabrication	F;E
469	Based on this product image, what manufacturing process was used to make it?	images/0469.jpg	Anodizing	Thermoforming	Assembly, Wiring, Soldering	Pcb Manufacturing	Fabrication	Machining	E;F
470	Based on this product image, what manufacturing process was used to make it?	images/0470.jpg	Thermoforming	Assembly, Wiring, Soldering	Machining	Pcb Manufacturing	Engineering Design	Product Design	C
471	Based on this product image, what manufacturing process was used to make it?	images/0471.jpg	Knitting	Weaving	Machining	Rolling	Reverse Engineering	Spinning	C
472	Based on this product image, what manufacturing process was used to make it?	images/0472.jpg	Thermoforming	Machining	Anodizing	Composite Manufacturing	Assembly, Wiring, Soldering	Pcb Manufacturing	B
473	Based on this product image, what manufacturing process was used to make it?	images/0473.jpg	Machining	Wire Harness Assembly	Pcb Manufacturing	Thermoforming	Product Design	Offset Printing	A
474	Based on this product image, what manufacturing process was used to make it?	images/0474.jpg	Integration Assembly	Furnace Manufacturing	Machining	Tig Welding	Pcb Manufacturing	Knitting	C
475	Based on this product image, what manufacturing process was used to make it?	images/0475.jpg	Fabrication	Wire Edm	Machining	Thermoforming	Product Design	Pcb Manufacturing	A;C
476	Based on this product image, what manufacturing process was used to make it?	images/0476.jpg	Tig Welding	Weaving	Knitting	Machining	Integration Assembly	Furnace Manufacturing	D
477	Based on this product image, what manufacturing process was used to make it?	images/0477.jpg	Machining	Pcb Manufacturing	Product Design	Fabrication	Injection Molding	Wire Edm	D;A
478	Based on this product image, what manufacturing process was used to make it?	images/0478.jpg	Pcb Manufacturing	Machining	Fabrication	Thermoforming	Product Design	Wire Edm	B;C
479	Based on this product image, what manufacturing process was used to make it?	images/0479.jpg	Fabrication	Furnace Manufacturing	Anodizing	Weaving	Knitting	Reverse Engineering	A
480	Based on this product image, what manufacturing process was used to make it?	images/0480.jpg	Anodizing	Assembly, Wiring, Soldering	Thermoforming	Pcb Manufacturing	Fabrication	Machining	E;F
481	Based on this product image, what manufacturing process was used to make it?	images/0481.jpg	Pcb Manufacturing	Fabrication	Wire Edm	Machining	Product Design	Thermoforming	B;D
482	Based on this product image, what manufacturing process was used to make it?	images/0482.jpg	Reverse Engineering	Furnace Manufacturing	Fabrication	Knitting	Spinning	Weaving	C
483	Based on this product image, what manufacturing process was used to make it?	images/0483.jpg	Composite Manufacturing	Software Development	Tool Making, Die Making, Mold Making	Fabrication	Injection Molding	Machining	D;F
484	Based on this product image, what manufacturing process was used to make it?	images/0484.jpg	Pcb Manufacturing	Product Design	Mig Welding,	Wire Edm	Thermoforming	Machining	F
485	Based on this product image, what manufacturing process was used to make it?	images/0485.jpg	Product Design	Fabrication	Machining	Pcb Manufacturing	Assembly, Wiring, Soldering	Thermoforming	B;C
486	Based on this product image, what manufacturing process was used to make it?	images/0486.jpg	Reverse Engineering	Borimng	Spinning	Weaving	Machining	Rolling	E
487	Based on this product image, what manufacturing process was used to make it?	images/0487.jpg	Product Design	Fabrication	Assembly, Wiring, Soldering	Machining	Thermoforming	Pcb Manufacturing	B;D
488	Based on this product image, what manufacturing process was used to make it?	images/0488.jpg	Thermoforming	Offset Printing	Assembly, Wiring, Soldering	Product Design	Pcb Manufacturing	Machining	F
489	Based on this product image, what manufacturing process was used to make it?	images/0489.jpg	Weaving	Furnace Manufacturing	Reverse Engineering	Knitting	Tig Welding	Machining	F
490	Based on this product image, what manufacturing process was used to make it?	images/0490.jpg	Weaving	Spinning	Fabrication	Borimng	Rolling	Reverse Engineering	C
491	Based on this product image, what manufacturing process was used to make it?	images/0491.jpg	Assembly, Wiring, Soldering	Wire Edm	Pcb Manufacturing	Product Design	Thermoforming	Fabrication	F
492	Based on this product image, what manufacturing process was used to make it?	images/0492.jpg	Machining	Weaving	Furnace Manufacturing	Knitting	Tig Welding	Integration Assembly	A
493	Based on this product image, what manufacturing process was used to make it?	images/0493.jpg	Machining	Engineering Design	Anodizing	Pcb Manufacturing	Product Design	Assembly, Wiring, Soldering	A
494	Based on this product image, what manufacturing process was used to make it?	images/0494.jpg	Thermoforming	Assembly, Wiring, Soldering	Machining	Product Design	Pcb Manufacturing	Mig Welding,	C
495	Based on this product image, what manufacturing process was used to make it?	images/0495.jpg	Spinning	Reverse Engineering	Rolling	Knitting	Machining	Weaving	E
496	Based on this product image, what manufacturing process was used to make it?	images/0496.jpg	Knitting	Weaving	Anodizing	Tig Welding	Furnace Manufacturing	Fabrication	F
497	Based on this product image, what manufacturing process was used to make it?	images/0497.jpg	Pcb Manufacturing	Anodizing	Machining	Thermoforming	Fabrication, Steel Manufacturing	Plastic Fabrication	C
498	Based on this product image, what manufacturing process was used to make it?	images/0498.jpg	Weaving	Machining	Spinning	Knitting	Reverse Engineering	Borimng	B
499	Based on this product image, what manufacturing process was used to make it?	images/0499.jpg	Wiring, Needling	Pcb Layout	Testing	Machining	Large Format Printing	Fill-Finish	D
500	Based on this product image, what manufacturing process was used to make it?	images/0500.jpg	Fill-Finish	Carburizing	Cnc Bending	Ultrasonic Welding	Phosphate Coating	Machining	F
501	Based on this product image, what manufacturing process was used to make it?	images/0501.png	Woodworking	Sewing	Cnc Bending	Phosphate Coating	Machining	Large Format Printing	E
502	Based on this product image, what manufacturing process was used to make it?	images/0502.jpg	Cnc Bending	Drawing	Large Format Printing	3D Printing, 3D Modeling	Pcb Layout	Machining	F
503	Based on this product image, what manufacturing process was used to make it?	images/0503.jpg	Machining	Labeling, Packaging	Extruding	Soldering	3D Printing, 3D Modeling	Drawing	A
504	Based on this product image, what manufacturing process was used to make it?	images/0504.jpg	Repair	Testing	Machining	Large Format Printing	Wiring, Needling	Fill-Finish	C
505	Based on this product image, what manufacturing process was used to make it?	images/0505.jpg	Offset Printing	Cnc Horizontal Turning	Label Printing	Repair	Machining	Wire Edm,	E
506	Based on this product image, what manufacturing process was used to make it?	images/0506.jpg	Testing	Fill-Finish	Carburizing	Repair	Wiring, Needling	Machining	F
507	Based on this product image, what manufacturing process was used to make it?	images/0507.jpg	Soldering	Drawing	3D Printing, 3D Modeling	Woodworking	Machining	Pcb Layout	E
508	Based on this product image, what manufacturing process was used to make it?	images/0508.jpg	Spot Welding	Extruding	Plating, Coating	Labeling, Packaging	Machining	Electroplating	E
509	Based on this product image, what manufacturing process was used to make it?	images/0509.jpg	Sewing	Shearing	Cabinet Making	Extruding	Machining	Electroplating	E
510	Based on this product image, what manufacturing process was used to make it?	images/0510.jpeg	Kiln Drying, Planing, Moulding	Screen Printing	Digital Printing	Sewing	Machining	Tempering	E
511	Based on this product image, what manufacturing process was used to make it?	images/0511.jpeg	Electroplating	Sewing	Dyeing	Cabinet Making	Stamping	Machining	F
512	Based on this product image, what manufacturing process was used to make it?	images/0512.jpeg	Boxing	Calibration	Electroplating	Extruding	Machining	Sewing	E
513	Based on this product image, what manufacturing process was used to make it?	images/0513.jpg	Casting	Cabinet Making	Machining	Designing, Fabrication	Calibration	Boxing	A;C
514	Based on this product image, what manufacturing process was used to make it?	images/0514.jpg	Machining	Calibration	Designing, Fabrication	Cabinet Making	Boxing	Casting	F;A
515	Based on this product image, what manufacturing process was used to make it?	images/0515.jpg	Calibration	Machining	Boxing	Casting	Designing, Fabrication	Fabrication, Customizing	D;B
516	Based on this product image, what manufacturing process was used to make it?	images/0516.jpg	Forging	Machining	Co-Extrusion	Appliance Manufacturing	Offset Printing	Packaging	B
517	Based on this product image, what manufacturing process was used to make it?	images/0517.jpg	Sewing	Machining	Casting	Electroplating	Cabinet Making	Stamping	B;C
518	Based on this product image, what manufacturing process was used to make it?	images/0518.jpeg	Calibration	Extruding	Cabinet Making	Casting	Machining	Boxing	D;E
519	Based on this product image, what manufacturing process was used to make it?	images/0519.jpeg	Boxing	Casting	Cabinet Making	Calibration	Machining	Fabrication, Customizing	B;E
520	Based on this product image, what manufacturing process was used to make it?	images/0520.jpg	Extruding	Casting	Calibration	Machining	Sewing	Boxing	B;D
521	Based on this product image, what manufacturing process was used to make it?	images/0521.jpeg	Casting	Cabinet Making	Calibration	Machining	Boxing	Designing, Fabrication	A;D
522	Based on this product image, what manufacturing process was used to make it?	images/0522.jpeg	Sewing	Casting	Solid Surface Fabrication, Laminate Fabrication	Machining	Kiln Drying, Planing, Moulding	Assembly, Welding, Painting, Testing	B;D
523	Based on this product image, what manufacturing process was used to make it?	images/0523.jpeg	Calibration	Cabinet Making	Machining	Boxing	Casting	Fabrication, Customizing	E;C
524	Based on this product image, what manufacturing process was used to make it?	images/0524.jpg	Shearing	Machining	Stamping	Sewing	Casting	Electroplating	E;B
525	Based on this product image, what manufacturing process was used to make it?	images/0525.jpeg	Casting	Sewing	Electroplating	Machining	Cabinet Making	Shearing	A;D
526	Based on this product image, what manufacturing process was used to make it?	images/0526.jpg	Machining	Boxing	Fabrication, Customizing	Cabinet Making	Calibration	Casting	F;A
527	Based on this product image, what manufacturing process was used to make it?	images/0527.jpeg	Calibration	Machining	Sewing	Casting	Boxing	Extruding	B
528	Based on this product image, what manufacturing process was used to make it?	images/0528.jpg	Machining	Casting	Electroplating	Cabinet Making	Extruding	Stamping	B;A
529	Based on this product image, what manufacturing process was used to make it?	images/0529.jpg	Electroplating	Extruding	Machining	Stamping	Casting	Cabinet Making	C;E
530	Based on this product image, what manufacturing process was used to make it?	images/0530.jpg	Machining	Casting	Shearing	Stamping	Electroplating	Sewing	B;A
531	Based on this product image, what manufacturing process was used to make it?	images/0531.jpeg	Casting	Machining	Extruding	Shearing	Sewing	Boxing	A;B
532	Based on this product image, what manufacturing process was used to make it?	images/0532.jpg	Sewing	Machining	Extruding	Cabinet Making	Electroplating	Casting	F;B
533	Based on this product image, what manufacturing process was used to make it?	images/0533.jpeg	Calibration	Cabinet Making	Boxing	Designing, Fabrication	Machining	Casting	F;E
534	Based on this product image, what manufacturing process was used to make it?	images/0534.jpg	Extruding	Electroplating	Cabinet Making	Casting	Machining	Stamping	D;E
535	Based on this product image, what manufacturing process was used to make it?	images/0535.jpeg	Metal Fabrication	Injection Molding	Grinding	Casting	Offset Printing	Machining	D;F
536	Based on this product image, what manufacturing process was used to make it?	images/0536.jpg	Calibration	Casting	Injection Molding	Grinding	Machining	Offset Printing	B;E
537	Based on this product image, what manufacturing process was used to make it?	images/0537.jpg	Extruding	Boxing	Shearing	Casting	Cabinet Making	Machining	D;F
538	Based on this product image, what manufacturing process was used to make it?	images/0538.jpeg	Boxing	Machining	Casting	Sewing	Extruding	Cabinet Making	C;B
539	Based on this product image, what manufacturing process was used to make it?	images/0539.jpeg	Machining	Stamping	Casting	Sewing	Shearing	Electroplating	A;C
540	Based on this product image, what manufacturing process was used to make it?	images/0540.jpeg	Machining	Boxing	Casting	Cabinet Making	Extruding	Calibration	C;A
541	Based on this product image, what manufacturing process was used to make it?	images/0541.jpeg	Cabinet Making	Boxing	Fabrication, Customizing	Machining	Calibration	Casting	F;D
542	Based on this product image, what manufacturing process was used to make it?	images/0542.jpeg	Boxing	Machining	Sewing	Fabrication, Customizing	Calibration	Designing, Fabrication	B
543	Based on this product image, what manufacturing process was used to make it?	images/0543.jpg	Machining	Calibration	Designing, Fabrication	Casting	Cabinet Making	Boxing	D;A
544	Based on this product image, what manufacturing process was used to make it?	images/0544.jpg	Casting	Designing, Fabrication	Machining	Fabrication, Insulated Glass Units, Monolithic Glass	Fabrication, Customizing	Calibration	A;C
545	Based on this product image, what manufacturing process was used to make it?	images/0545.jpeg	Calibration	Machining	Casting	Boxing	Cabinet Making	Fabrication, Customizing	C;B
546	Based on this product image, what manufacturing process was used to make it?	images/0546.jpeg	Grinding	Tool Making, Die Making, Mold Making	Machining	Casting	Offset Printing	Injection Molding	D;C
547	Based on this product image, what manufacturing process was used to make it?	images/0547.jpeg	Shearing	Machining	Sewing	Stamping	Electroplating	Casting	F;B
548	Based on this product image, what manufacturing process was used to make it?	images/0548.jpeg	Boxing	Casting	Extruding	Machining	Screen Printing	Cabinet Making	B;D
549	Based on this product image, what manufacturing process was used to make it?	images/0549.jpg	Fabrication, Customizing	Casting	Cabinet Making	Boxing	Machining	Calibration	B;E
550	Based on this product image, what manufacturing process was used to make it?	images/0550.jpg	Boxing	Extruding	Electroplating	Cabinet Making	Machining	Casting	F;E
551	Based on this product image, what manufacturing process was used to make it?	images/0551.png	Offset Printing	Grinding	Casting	Machining	Injection Molding	Tool Making, Die Making, Mold Making	C;D
552	Based on this product image, what manufacturing process was used to make it?	images/0552.jpeg	Boxing	Fabrication, Insulated Glass Units, Monolithic Glass	Calibration	Machining	Metal Fabrication	Casting	F;D
553	Based on this product image, what manufacturing process was used to make it?	images/0553.jpg	Boxing	Casting	Screen Printing	Machining	Extruding	Cabinet Making	B;D
554	Based on this product image, what manufacturing process was used to make it?	images/0554.jpeg	Boxing	Metal Fabrication	Calibration	Casting	Fabrication, Insulated Glass Units, Monolithic Glass	Machining	D;F
555	Based on this product image, what manufacturing process was used to make it?	images/0555.jpeg	Cabinet Making	Screen Printing	Machining	Boxing	Extruding	Casting	F;C
556	Based on this product image, what manufacturing process was used to make it?	images/0556.jpeg	Boxing	Cabinet Making	Calibration	Casting	Designing, Fabrication	Machining	D;F
557	Based on this product image, what manufacturing process was used to make it?	images/0557.jpg	Pcb Layout	Nailing	Blanking bending drawing	Extruding	Stamping	Rolling	C;E
558	Based on this product image, what manufacturing process was used to make it?	images/0558.jpg	Stamping	Extruding	Woodworking	Retreading	Nailing	Blanking bending drawing	A;F
559	Based on this product image, what manufacturing process was used to make it?	images/0559.jpg	Cnc Milling	Cable Assembly	Plating	Pmdc, Woundfield, Brushless Dc, Pmac Motors	Apply organic coating	Cnc Turning	E
560	Based on this product image, what manufacturing process was used to make it?	images/0560.jpg	Fabrication	Finishing, Converting	Grinding	Engineering Design	Cnc Horizontal Turning	Apply organic coating	A;F
561	Based on this product image, what manufacturing process was used to make it?	images/0561.png	Knitting, Compression Knitting	Fabrication	Cnc Horizontal Turning	Grinding	Printing, Corrugating	Cnc Milling	B
562	Based on this product image, what manufacturing process was used to make it?	images/0562.jpg	Pcb Manufacturing	Product Design	Thermoforming	Plastic Fabrication	Chemical Cleaning, Electroplating	Fabrication, Steel Manufacturing	E
563	Based on this product image, what manufacturing process was used to make it?	images/0563.jpg	Fabrication, Steel Manufacturing	Thermoforming	Plastic Fabrication	High Speed Machining	Assembly, Wiring, Soldering	Chemical Cleaning, Electroplating	F
564	Based on this product image, what manufacturing process was used to make it?	images/0564.png	Co-Extrusion	Offset Printing	Forging	Forming	Appliance Manufacturing	Engineering Design, Manufacturing	D
565	Based on this product image, what manufacturing process was used to make it?	images/0565.png	Packaging	Appliance Manufacturing	Forging	Engineering Design, Manufacturing	Forming	Cnc Milling	E
566	Based on this product image, what manufacturing process was used to make it?	images/0566.png	Forming	Further cold deformation	Solid Surface Fabrication, Laminate Fabrication	Assembly, Welding, Painting, Testing	Cold working	Kiln Drying, Planing, Moulding	A
567	Based on this product image, what manufacturing process was used to make it?	images/0567.jpg	Calibration	Co-Extrusion	Molding, Resin Infusion Techniques	Packaging	Pmdc, Woundfield, Brushless Dc, Pmac Motors	Fabrication	F
568	Based on this product image, what manufacturing process was used to make it?	images/0568.jpg	CNC Turning	Cnc Milling	Sewing	Heat Treating	CAD	Screen Printing	A;B
569	Based on this product image, what manufacturing process was used to make it?	images/0569.jpg	Packaging	Offset Printing	Appliance Manufacturing	Co-Extrusion	Pmdc, Woundfield, Brushless Dc, Pmac Motors	Fabrication	F
570	Based on this product image, what manufacturing process was used to make it?	images/0570.jpg	Boxing	Calibration	Cnc Milling	Extruding	Sewing	Grinding	C
571	Based on this product image, what manufacturing process was used to make it?	images/0571.jpg	Cnc Milling	Sewing	Boxing	Extruding	Grinding	Calibration	A
572	Based on this product image, what manufacturing process was used to make it?	images/0572.jpg	Stamping	Boxing	Fabrication	Cabinet Making	Cnc Milling	Extruding	C;E
573	Based on this product image, what manufacturing process was used to make it?	images/0573.jpg	Tempering	Cnc Milling	Pressing	Woodworking, Assembly, Finishing	Fabrication	Pcb Assembly, Testing, Quality Control	B;E
574	Based on this product image, what manufacturing process was used to make it?	images/0574.jpg	Fabrication	Casting	Pcb Assembly, Testing, Quality Control	Woodworking, Assembly, Finishing	CNC Turning	Cnc Milling	A;F
575	Based on this product image, what manufacturing process was used to make it?	images/0575.jpg	Calibration	Offset Printing	Boxing	Cnc Milling	Grinding	Cabinet Making	D
576	Based on this product image, what manufacturing process was used to make it?	images/0576.jpg	Offset Printing	Injection Molding	Sewing	Cnc Milling	Tool Making, Die Making, Mold Making	Grinding	D
577	Based on this product image, what manufacturing process was used to make it?	images/0577.jpg	Molding, Profile Wrapping	Electroplating	Knitting	Molding, Resin Infusion Techniques	Assembly, Barcoding	Pmdc, Woundfield, Brushless Dc, Pmac Motors	B
578	Based on this product image, what manufacturing process was used to make it?	images/0578.jpg	Boxing	CNC Turning	Fabrication	Cabinet Making	Extruding	Sheet Metal Forming	B;C
579	Based on this product image, what manufacturing process was used to make it?	images/0579.jpg	Fabrication	Kiln Drying, Planing, Moulding	CNC Turning	Tempering	Cnc Milling	Pressing	A;E
580	Based on this product image, what manufacturing process was used to make it?	images/0580.jpg	Offset Printing	Tool Making, Die Making, Mold Making	Cnc Milling	Grinding	Injection Molding	Fabrication	F;C
581	Based on this product image, what manufacturing process was used to make it?	images/0581.jpg	Sewing	CNC Turning	Grinding	Offset Printing	Boxing	Calibration	B
582	Based on this product image, what manufacturing process was used to make it?	images/0582.jpg	CNC Turning	Sewing	Tempering	Pressing	Cnc Milling	Screen Printing	A;E
583	Based on this product image, what manufacturing process was used to make it?	images/0583.jpg	Offset Printing	Calibration	Grinding	Boxing	Injection Molding	Cnc Milling	F
584	Based on this product image, what manufacturing process was used to make it?	images/0584.jpg	Injection Molding	Tool Making, Die Making, Mold Making	Calibration	Grinding	CNC Turning	Packaging	E
585	Based on this product image, what manufacturing process was used to make it?	images/0585.jpg	Sublimation Coating	Assembly	Deburring, Polishing, Surface Improvement	Repair	Engineering Design	Stamping	B;F
586	Based on this product image, what manufacturing process was used to make it?	images/0586.jpg	Chemical Processing,	Sublimation Coating	Machining, Wire Edm	Stamping	Water Jet Cutting	Fabrication	D;F
587	Based on this product image, what manufacturing process was used to make it?	images/0587.jpg	Fabrication	Stamping	Carburizing	Sublimation Coating	Chemical Processing,	Plasma Cutting	A;B
588	Based on this product image, what manufacturing process was used to make it?	images/0588.jpg	Mig Welding,	Repair	Plasma Cutting	Stamping	Carburizing	Fabrication	D;F
589	Based on this product image, what manufacturing process was used to make it?	images/0589.jpg	Forging	Black Oxide Coating	High Speed Machining	Plating	Packaging	Stamping	F
590	Based on this product image, what manufacturing process was used to make it?	images/0590.jpg	Plating	Packaging	Forging	Stamping	High Speed Machining	Black Oxide Coating	D
591	Based on this product image, what manufacturing process was used to make it?	images/0591.jpg	Water Jet Cutting	Stamping	Sublimation Coating	Plasma Cutting	Fabrication	Assembly	B;E;F
592	Based on this product image, what manufacturing process was used to make it?	images/0592.jpg	Grinding	Fabrication	Stamping	Mig Welding,	Repair	Engineering Design	B;C
593	Based on this product image, what manufacturing process was used to make it?	images/0593.jpg	Carburizing	Stamping	Mig Welding,	Sublimation Coating	Assembly	Grinding	B;E
594	Based on this product image, what manufacturing process was used to make it?	images/0594.jpg	Engineering Design	Fabrication	Assembly	Repair	Carburizing	Plasma Cutting	B;C
595	Based on this product image, what manufacturing process was used to make it?	images/0595.jpg	Tig Welding	Stamping	Packaging	High Speed Machining	Black Oxide Coating	Anodizing	B
596	Based on this product image, what manufacturing process was used to make it?	images/0596.jpg	Stamping	Nitriding	Mig Welding,	Carburizing	Grinding	Fabrication	A;F
597	Based on this product image, what manufacturing process was used to make it?	images/0597.jpg	Stamping	Fabrication	Machining, Wire Edm	Assembly	Nitriding	Chemical Processing,	A;B;D
598	Based on this product image, what manufacturing process was used to make it?	images/0598.jpg	Carburizing	Fabrication	Assembly	Grinding	Stamping	Mig Welding,	B;C;E
599	Based on this product image, what manufacturing process was used to make it?	images/0599.jpg	Fabrication	Passivation	Stamping	Carburizing	Mig Welding,	Sublimation Coating	A;C
600	Based on this product image, what manufacturing process was used to make it?	images/0600.jpg	Boat Design	Mig Welding,	Carburizing	Stamping	Grinding	Repair	D
601	Based on this product image, what manufacturing process was used to make it?	images/0601.jpg	Plating	Cnc Milling	Repair	Stamping	Forging	Cnc Press Brake	D
602	Based on this product image, what manufacturing process was used to make it?	images/0602.jpg	Assembly	Nitriding	Fabrication	Chemical Processing,	Stamping	Machining, Wire Edm	A;C;E
603	Based on this product image, what manufacturing process was used to make it?	images/0603.jpg	Stamping	Fabrication	Assembly	Chemical Processing,	Nitriding	Machining, Wire Edm	A;B;C
604	Based on this product image, what manufacturing process was used to make it?	images/0604.jpg	Packaging Manufacturing	Cnc Bending	Nailing	Soldering	Fabrication	Custom Foam Cutting	F;E
605	Based on this product image, what manufacturing process was used to make it?	images/0605.png	Laser Cutting	Soldering	Nailing	Through-Hole Technology	Fabrication	Custom Foam Cutting	E;F
606	Based on this product image, what manufacturing process was used to make it?	images/0606.png	Cnc Milling	Product Design	Anodizing	Fabrication	Knitting, Compression Knitting	Printing, Corrugating	D
607	Based on this product image, what manufacturing process was used to make it?	images/0607.jpg	Printing, Corrugating	Composite Manufacturing	Knitting, Compression Knitting	Finishing, Converting	Engineering Design	Molding	F
608	Based on this product image, what manufacturing process was used to make it?	images/0608.jpg	Twisting, Assembly	Grinding	Nailing	Packaging Manufacturing	Custom Foam Cutting	Fabrication	E;F
609	Based on this product image, what manufacturing process was used to make it?	images/0609.png	Fabrication	Packaging, Kitting	Drawing	Through-Hole Technology	Soldering	Molding	A
610	Based on this product image, what manufacturing process was used to make it?	images/0610.jpg	Zinc Arc Spray	Fabrication	Assembly, Coating, Testing	Integration Assembly	Sawmilling	Weaving	B
611	Based on this product image, what manufacturing process was used to make it?	images/0611.jpg	Engineering Design	Finishing, Converting	Grinding	Composite Manufacturing	Fabrication	Cnc Horizontal Turning	E
612	Based on this product image, what manufacturing process was used to make it?	images/0612.png	Surface Mount Technology	Circular Knitting, Warp Knitting	Fabrication	Custom Foam Cutting	Assembly, Machining, Optomechanical Design	Through-Hole Technology	D;C
613	Based on this product image, what manufacturing process was used to make it?	images/0613.png	Fabrication	Custom Foam Cutting	Grinding	Engineering Design	Finishing, Converting	Cnc Horizontal Turning	B;A
614	Based on this product image, what manufacturing process was used to make it?	images/0614.jpg	Weaving	Sawmilling	Reverse Engineering	Fabrication	Zinc Arc Spray	Assembly, Coating, Testing	D
615	Based on this product image, what manufacturing process was used to make it?	images/0615.jpg	Fabrication	Circular Knitting, Warp Knitting	Through-Hole Technology	Custom Foam Cutting	Braiding	Electroplating	A
